sample_id,target_mode,target_severity,dominant_mode,rank,indicator,indicator_score,contribution_rate
0+001,safe_reference,safe,渗流破坏,1,C1,98.9385,0.415959
0+001,safe_reference,safe,渗流破坏,2,C5,99.1402,0.374359
0+001,safe_reference,safe,渗流破坏,3,C4,99.3206,0.20968
0+001,safe_reference,safe,渗流破坏,4,A2,100,0.0
0+001,safe_reference,safe,渗流破坏,5,A5,100,0.0
0+002,safe_reference,safe,渗流破坏,1,C1,98.9385,0.415959
0+002,safe_reference,safe,渗流破坏,2,C5,99.1402,0.374359
0+002,safe_reference,safe,渗流破坏,3,C4,99.3206,0.20968
0+002,safe_reference,safe,渗流破坏,4,A2,100,0.0
0+002,safe_reference,safe,渗流破坏,5,A5,100,0.0
0+003,safe_reference,safe,渗流破坏,1,C1,98.9385,0.415959
0+003,safe_reference,safe,渗流破坏,2,C5,99.1402,0.374359
0+003,safe_reference,safe,渗流破坏,3,C4,99.3206,0.20968
0+003,safe_reference,safe,渗流破坏,4,A2,100,0.0
0+003,safe_reference,safe,渗流破坏,5,A5,100,0.0
0+004,safe_reference,safe,渗流破坏,1,C1,98.9385,0.415959
0+004,safe_reference,safe,渗流破坏,2,C5,99.1402,0.374359
0+004,safe_reference,safe,渗流破坏,3,C4,99.3206,0.20968
0+004,safe_reference,safe,渗流破坏,4,A2,100,0.0
0+004,safe_reference,safe,渗流破坏,5,A5,100,0.0
0+005,safe_reference,safe,渗流破坏,1,C1,98.9385,0.415959
0+005,safe_reference,safe,渗流破坏,2,C5,99.1402,0.374359
0+005,safe_reference,safe,渗流破坏,3,C4,99.3206,0.20968
0+005,safe_reference,safe,渗流破坏,4,A2,100,0.0
0+005,safe_reference,safe,渗流破坏,5,A5,100,0.0
0+006,safe_reference,safe,渗流破坏,1,C1,98.9385,0.415959
0+006,safe_reference,safe,渗流破坏,2,C5,99.1402,0.374359
0+006,safe_reference,safe,渗流破坏,3,C4,99.3206,0.20968
0+006,safe_reference,safe,渗流破坏,4,A2,100,0.0
0+006,safe_reference,safe,渗流破坏,5,A5,100,0.0
0+007,safe_reference,safe,渗流破坏,1,C1,98.9385,0.415959
0+007,safe_reference,safe,渗流破坏,2,C5,99.1402,0.374359
0+007,safe_reference,safe,渗流破坏,3,C4,99.3206,0.20968
0+007,safe_reference,safe,渗流破坏,4,A2,100,0.0
0+007,safe_reference,safe,渗流破坏,5,A5,100,0.0
0+008,safe_reference,safe,渗流破坏,1,C1,98.9385,0.415959
0+008,safe_reference,safe,渗流破坏,2,C5,99.1402,0.374359
0+008,safe_reference,safe,渗流破坏,3,C4,99.3206,0.20968
0+008,safe_reference,safe,渗流破坏,4,A2,100,0.0
0+008,safe_reference,safe,渗流破坏,5,A5,100,0.0
0+009,safe_reference,safe,渗流破坏,1,C1,98.9385,0.415959
0+009,safe_reference,safe,渗流破坏,2,C5,99.1402,0.374359
0+009,safe_reference,safe,渗流破坏,3,C4,99.3206,0.20968
0+009,safe_reference,safe,渗流破坏,4,A2,100,0.0
0+009,safe_reference,safe,渗流破坏,5,A5,100,0.0
0+010,safe_reference,safe,渗流破坏,1,C1,98.9385,0.415959
0+010,safe_reference,safe,渗流破坏,2,C5,99.1402,0.374359
0+010,safe_reference,safe,渗流破坏,3,C4,99.3206,0.20968
0+010,safe_reference,safe,渗流破坏,4,A2,100,0.0
0+010,safe_reference,safe,渗流破坏,5,A5,100,0.0
0+011,safe_reference,safe,渗流破坏,1,C1,98.9385,0.415959
0+011,safe_reference,safe,渗流破坏,2,C5,99.1402,0.374359
0+011,safe_reference,safe,渗流破坏,3,C4,99.3206,0.20968
0+011,safe_reference,safe,渗流破坏,4,A2,100,0.0
0+011,safe_reference,safe,渗流破坏,5,A5,100,0.0
0+012,safe_reference,safe,渗流破坏,1,C1,98.9385,0.415959
0+012,safe_reference,safe,渗流破坏,2,C5,99.1402,0.374359
0+012,safe_reference,safe,渗流破坏,3,C4,99.3206,0.20968
0+012,safe_reference,safe,渗流破坏,4,A2,100,0.0
0+012,safe_reference,safe,渗流破坏,5,A5,100,0.0
0+013,safe_reference,safe,渗流破坏,1,C1,98.9385,0.415959
0+013,safe_reference,safe,渗流破坏,2,C5,99.1402,0.374359
0+013,safe_reference,safe,渗流破坏,3,C4,99.3206,0.20968
0+013,safe_reference,safe,渗流破坏,4,A2,100,0.0
0+013,safe_reference,safe,渗流破坏,5,A5,100,0.0
0+014,safe_reference,safe,渗流破坏,1,C1,98.9385,0.415959
0+014,safe_reference,safe,渗流破坏,2,C5,99.1402,0.374359
0+014,safe_reference,safe,渗流破坏,3,C4,99.3206,0.20968
0+014,safe_reference,safe,渗流破坏,4,A2,100,0.0
0+014,safe_reference,safe,渗流破坏,5,A5,100,0.0
0+015,safe_reference,safe,渗流破坏,1,C1,98.9385,0.415959
0+015,safe_reference,safe,渗流破坏,2,C5,99.1402,0.374359
0+015,safe_reference,safe,渗流破坏,3,C4,99.3206,0.20968
0+015,safe_reference,safe,渗流破坏,4,A2,100,0.0
0+015,safe_reference,safe,渗流破坏,5,A5,100,0.0
0+016,safe_reference,safe,渗流破坏,1,C1,98.9385,0.415959
0+016,safe_reference,safe,渗流破坏,2,C5,99.1402,0.374359
0+016,safe_reference,safe,渗流破坏,3,C4,99.3206,0.20968
0+016,safe_reference,safe,渗流破坏,4,A2,100,0.0
0+016,safe_reference,safe,渗流破坏,5,A5,100,0.0
0+017,safe_reference,safe,渗流破坏,1,C1,98.9385,0.415959
0+017,safe_reference,safe,渗流破坏,2,C5,99.1402,0.374359
0+017,safe_reference,safe,渗流破坏,3,C4,99.3206,0.20968
0+017,safe_reference,safe,渗流破坏,4,A2,100,0.0
0+017,safe_reference,safe,渗流破坏,5,A5,100,0.0
0+018,safe_reference,safe,渗流破坏,1,C1,98.9385,0.415959
0+018,safe_reference,safe,渗流破坏,2,C5,99.1402,0.374359
0+018,safe_reference,safe,渗流破坏,3,C4,99.3206,0.20968
0+018,safe_reference,safe,渗流破坏,4,A2,100,0.0
0+018,safe_reference,safe,渗流破坏,5,A5,100,0.0
0+019,safe_reference,safe,渗流破坏,1,C1,98.9385,0.415959
0+019,safe_reference,safe,渗流破坏,2,C5,99.1402,0.374359
0+019,safe_reference,safe,渗流破坏,3,C4,99.3206,0.20968
0+019,safe_reference,safe,渗流破坏,4,A2,100,0.0
0+019,safe_reference,safe,渗流破坏,5,A5,100,0.0
0+020,safe_reference,safe,渗流破坏,1,C1,98.9385,0.415959
0+020,safe_reference,safe,渗流破坏,2,C5,99.1402,0.374359
0+020,safe_reference,safe,渗流破坏,3,C4,99.3206,0.20968
0+020,safe_reference,safe,渗流破坏,4,A2,100,0.0
0+020,safe_reference,safe,渗流破坏,5,A5,100,0.0
0+021,safe_reference,safe,渗流破坏,1,C1,98.9385,0.415959
0+021,safe_reference,safe,渗流破坏,2,C5,99.1402,0.374359
0+021,safe_reference,safe,渗流破坏,3,C4,99.3206,0.20968
0+021,safe_reference,safe,渗流破坏,4,A2,100,0.0
0+021,safe_reference,safe,渗流破坏,5,A5,100,0.0
0+022,safe_reference,safe,渗流破坏,1,C1,98.9385,0.415959
0+022,safe_reference,safe,渗流破坏,2,C5,99.1402,0.374359
0+022,safe_reference,safe,渗流破坏,3,C4,99.3206,0.20968
0+022,safe_reference,safe,渗流破坏,4,A2,100,0.0
0+022,safe_reference,safe,渗流破坏,5,A5,100,0.0
0+023,safe_reference,safe,渗流破坏,1,C1,98.9385,0.415959
0+023,safe_reference,safe,渗流破坏,2,C5,99.1402,0.374359
0+023,safe_reference,safe,渗流破坏,3,C4,99.3206,0.20968
0+023,safe_reference,safe,渗流破坏,4,A2,100,0.0
0+023,safe_reference,safe,渗流破坏,5,A5,100,0.0
0+024,safe_reference,safe,渗流破坏,1,C1,98.9385,0.415959
0+024,safe_reference,safe,渗流破坏,2,C5,99.1402,0.374359
0+024,safe_reference,safe,渗流破坏,3,C4,99.3206,0.20968
0+024,safe_reference,safe,渗流破坏,4,A2,100,0.0
0+024,safe_reference,safe,渗流破坏,5,A5,100,0.0
0+025,safe_reference,safe,渗流破坏,1,C1,98.9385,0.415959
0+025,safe_reference,safe,渗流破坏,2,C5,99.1402,0.374359
0+025,safe_reference,safe,渗流破坏,3,C4,99.3206,0.20968
0+025,safe_reference,safe,渗流破坏,4,A2,100,0.0
0+025,safe_reference,safe,渗流破坏,5,A5,100,0.0
0+026,safe_reference,slight,渗流破坏,1,C1,97.4431,0.415934
0+026,safe_reference,slight,渗流破坏,2,C5,99.1402,0.241199
0+026,safe_reference,slight,渗流破坏,3,C4,99.3206,0.135096
0+026,safe_reference,slight,渗流破坏,4,A6,80.0,0.129596
0+026,safe_reference,slight,渗流破坏,5,D5,70.0,0.078172
0+027,safe_reference,slight,渗流破坏,1,C1,97.5956,0.408486
0+027,safe_reference,slight,渗流破坏,2,C5,99.1402,0.244276
0+027,safe_reference,slight,渗流破坏,3,C4,99.3206,0.13682
0+027,safe_reference,slight,渗流破坏,4,A6,80.0,0.131249
0+027,safe_reference,slight,渗流破坏,5,D5,70.0,0.079169
0+028,safe_reference,slight,渗流破坏,1,C1,97.5732,0.409602
0+028,safe_reference,slight,渗流破坏,2,C5,99.1402,0.243813
0+028,safe_reference,slight,渗流破坏,3,C4,99.3206,0.13656
0+028,safe_reference,slight,渗流破坏,4,A6,80.0,0.131001
0+028,safe_reference,slight,渗流破坏,5,D5,70.0,0.079019
0+029,safe_reference,slight,渗流破坏,1,C1,97.5021,0.413102
0+029,safe_reference,slight,渗流破坏,2,C5,99.1402,0.242368
0+029,safe_reference,slight,渗流破坏,3,C4,99.3206,0.135751
0+029,safe_reference,slight,渗流破坏,4,A6,80.0,0.130224
0+029,safe_reference,slight,渗流破坏,5,D5,70.0,0.078551
0+030,safe_reference,slight,渗流破坏,1,C1,97.8414,0.395516
0+030,safe_reference,slight,渗流破坏,2,C5,99.1402,0.249628
0+030,safe_reference,slight,渗流破坏,3,C4,99.3206,0.139818
0+030,safe_reference,slight,渗流破坏,4,A6,80.0,0.134125
0+030,safe_reference,slight,渗流破坏,5,D5,70.0,0.080904
0+031,safe_reference,slight,渗流破坏,1,C1,97.5442,0.411038
0+031,safe_reference,slight,渗流破坏,2,C5,99.1402,0.24322
0+031,safe_reference,slight,渗流破坏,3,C4,99.3206,0.136228
0+031,safe_reference,slight,渗流破坏,4,A6,80.0,0.130682
0+031,safe_reference,slight,渗流破坏,5,D5,70.0,0.078827
0+032,safe_reference,slight,渗流破坏,1,C1,97.6685,0.40477
0+032,safe_reference,slight,渗流破坏,2,C5,99.1402,0.24581
0+032,safe_reference,slight,渗流破坏,3,C4,99.3206,0.137679
0+032,safe_reference,slight,渗流破坏,4,A6,80.0,0.132074
0+032,safe_reference,slight,渗流破坏,5,D5,70.0,0.079666
0+033,safe_reference,slight,渗流破坏,1,C1,97.4923,0.41358
0+033,safe_reference,slight,渗流破坏,2,C5,99.1402,0.242172
0+033,safe_reference,slight,渗流破坏,3,C4,99.3206,0.135641
0+033,safe_reference,slight,渗流破坏,4,A6,80.0,0.130119
0+033,safe_reference,slight,渗流破坏,5,D5,70.0,0.078487
0+034,safe_reference,slight,渗流破坏,1,C1,97.2961,0.422735
0+034,safe_reference,slight,渗流破坏,2,C5,99.1402,0.238388
0+034,safe_reference,slight,渗流破坏,3,C4,99.3206,0.133522
0+034,safe_reference,slight,渗流破坏,4,A6,80.0,0.128086
0+034,safe_reference,slight,渗流破坏,5,D5,70.0,0.077261
0+035,safe_reference,slight,渗流破坏,1,C1,97.7774,0.399021
0+035,safe_reference,slight,渗流破坏,2,C5,99.1402,0.248183
0+035,safe_reference,slight,渗流破坏,3,C4,99.3206,0.139008
0+035,safe_reference,slight,渗流破坏,4,A6,80.0,0.133349
0+035,safe_reference,slight,渗流破坏,5,D5,70.0,0.080435
0+036,safe_reference,slight,渗流破坏,1,C1,97.8141,0.397022
0+036,safe_reference,slight,渗流破坏,2,C5,99.1402,0.249007
0+036,safe_reference,slight,渗流破坏,3,C4,99.3206,0.139469
0+036,safe_reference,slight,渗流破坏,4,A6,80.0,0.133791
0+036,safe_reference,slight,渗流破坏,5,D5,70.0,0.080702
0+037,safe_reference,slight,渗流破坏,1,C1,97.2995,0.422584
0+037,safe_reference,slight,渗流破坏,2,C5,99.1402,0.238451
0+037,safe_reference,slight,渗流破坏,3,C4,99.3206,0.133557
0+037,safe_reference,slight,渗流破坏,4,A6,80.0,0.12812
0+037,safe_reference,slight,渗流破坏,5,D5,70.0,0.077281
0+038,safe_reference,slight,渗流破坏,1,C1,97.5764,0.409444
0+038,safe_reference,slight,渗流破坏,2,C5,99.1402,0.243879
0+038,safe_reference,slight,渗流破坏,3,C4,99.3206,0.136597
0+038,safe_reference,slight,渗流破坏,4,A6,80.0,0.131036
0+038,safe_reference,slight,渗流破坏,5,D5,70.0,0.07904
0+039,safe_reference,slight,渗流破坏,1,C1,97.6843,0.403958
0+039,safe_reference,slight,渗流破坏,2,C5,99.1402,0.246146
0+039,safe_reference,slight,渗流破坏,3,C4,99.3206,0.137867
0+039,safe_reference,slight,渗流破坏,4,A6,80.0,0.132255
0+039,safe_reference,slight,渗流破坏,5,D5,70.0,0.079775
0+040,safe_reference,slight,渗流破坏,1,C1,97.8926,0.39266
0+040,safe_reference,slight,渗流破坏,2,C5,99.1402,0.250811
0+040,safe_reference,slight,渗流破坏,3,C4,99.3206,0.14048
0+040,safe_reference,slight,渗流破坏,4,A6,80.0,0.134761
0+040,safe_reference,slight,渗流破坏,5,D5,70.0,0.081287
0+041,safe_reference,slight,渗流破坏,1,C1,97.3901,0.418423
0+041,safe_reference,slight,渗流破坏,2,C5,99.1402,0.240169
0+041,safe_reference,slight,渗流破坏,3,C4,99.3206,0.134519
0+041,safe_reference,slight,渗流破坏,4,A6,80.0,0.129043
0+041,safe_reference,slight,渗流破坏,5,D5,70.0,0.077838
0+042,safe_reference,slight,渗流破坏,1,C1,97.6116,0.407683
0+042,safe_reference,slight,渗流破坏,2,C5,99.1402,0.244608
0+042,safe_reference,slight,渗流破坏,3,C4,99.3206,0.137005
0+042,safe_reference,slight,渗流破坏,4,A6,80.0,0.131428
0+042,safe_reference,slight,渗流破坏,5,D5,70.0,0.079276
0+043,safe_reference,slight,渗流破坏,1,C1,97.5345,0.411519
0+043,safe_reference,slight,渗流破坏,2,C5,99.1402,0.243023
0+043,safe_reference,slight,渗流破坏,3,C4,99.3206,0.136118
0+043,safe_reference,slight,渗流破坏,4,A6,80.0,0.130576
0+043,safe_reference,slight,渗流破坏,5,D5,70.0,0.078763
0+044,safe_reference,slight,渗流破坏,1,C1,97.5603,0.410243
0+044,safe_reference,slight,渗流破坏,2,C5,99.1402,0.243549
0+044,safe_reference,slight,渗流破坏,3,C4,99.3206,0.136412
0+044,safe_reference,slight,渗流破坏,4,A6,80.0,0.130859
0+044,safe_reference,slight,渗流破坏,5,D5,70.0,0.078933
0+045,safe_reference,slight,渗流破坏,1,C1,97.5313,0.411676
0+045,safe_reference,slight,渗流破坏,2,C5,99.1402,0.242957
0+045,safe_reference,slight,渗流破坏,3,C4,99.3206,0.136081
0+045,safe_reference,slight,渗流破坏,4,A6,80.0,0.130541
0+045,safe_reference,slight,渗流破坏,5,D5,70.0,0.078741
0+046,safe_reference,slight,渗流破坏,1,C1,97.4563,0.415306
0+046,safe_reference,slight,渗流破坏,2,C5,99.1402,0.241458
0+046,safe_reference,slight,渗流破坏,3,C4,99.3206,0.135241
0+046,safe_reference,slight,渗流破坏,4,A6,80.0,0.129735
0+046,safe_reference,slight,渗流破坏,5,D5,70.0,0.078256
0+047,safe_reference,slight,渗流破坏,1,C1,97.2859,0.423197
0+047,safe_reference,slight,渗流破坏,2,C5,99.1402,0.238199
0+047,safe_reference,slight,渗流破坏,3,C4,99.3206,0.133416
0+047,safe_reference,slight,渗流破坏,4,A6,80.0,0.127984
0+047,safe_reference,slight,渗流破坏,5,D5,70.0,0.077199
0+048,safe_reference,slight,渗流破坏,1,C1,97.6211,0.407196
0+048,safe_reference,slight,渗流破坏,2,C5,99.1402,0.244807
0+048,safe_reference,slight,渗流破坏,3,C4,99.3206,0.137117
0+048,safe_reference,slight,渗流破坏,4,A6,80.0,0.131535
0+048,safe_reference,slight,渗流破坏,5,D5,70.0,0.079341
0+049,safe_reference,slight,渗流破坏,1,C1,97.5021,0.413102
0+049,safe_reference,slight,渗流破坏,2,C5,99.1402,0.242368
0+049,safe_reference,slight,渗流破坏,3,C4,99.3206,0.135751
0+049,safe_reference,slight,渗流破坏,4,A6,80.0,0.130224
0+049,safe_reference,slight,渗流破坏,5,D5,70.0,0.078551
0+050,safe_reference,slight,渗流破坏,1,C1,97.7373,0.40117
0+050,safe_reference,slight,渗流破坏,2,C5,99.1402,0.247296
0+050,safe_reference,slight,渗流破坏,3,C4,99.3206,0.138511
0+050,safe_reference,slight,渗流破坏,4,A6,80.0,0.132872
0+050,safe_reference,slight,渗流破坏,5,D5,70.0,0.080148
0+051,safe_reference,moderate,渗流破坏,1,C1,97.2176,0.320133
0+051,safe_reference,moderate,渗流破坏,2,A6,60.0,0.191249
0+051,safe_reference,moderate,渗流破坏,3,C5,99.1402,0.177964
0+051,safe_reference,moderate,渗流破坏,4,D5,40.0,0.115347
0+051,safe_reference,moderate,渗流破坏,5,C4,99.3206,0.099678
0+052,safe_reference,moderate,渗流破坏,1,C1,97.2347,0.319461
0+052,safe_reference,moderate,渗流破坏,2,A6,60.0,0.191438
0+052,safe_reference,moderate,渗流破坏,3,C5,99.1402,0.17814
0+052,safe_reference,moderate,渗流破坏,4,D5,40.0,0.115461
0+052,safe_reference,moderate,渗流破坏,5,C4,99.3206,0.099777
0+053,safe_reference,moderate,渗流破坏,1,C1,97.0572,0.326261
0+053,safe_reference,moderate,渗流破坏,2,A6,60.0,0.189525
0+053,safe_reference,moderate,渗流破坏,3,C5,99.1402,0.17636
0+053,safe_reference,moderate,渗流破坏,4,D5,40.0,0.114307
0+053,safe_reference,moderate,渗流破坏,5,C4,99.3206,0.09878
0+054,safe_reference,moderate,渗流破坏,1,C1,96.9825,0.329026
0+054,safe_reference,moderate,渗流破坏,2,A6,60.0,0.188748
0+054,safe_reference,moderate,渗流破坏,3,C5,99.1402,0.175637
0+054,safe_reference,moderate,渗流破坏,4,D5,40.0,0.113839
0+054,safe_reference,moderate,渗流破坏,5,C4,99.3206,0.098375
0+055,safe_reference,moderate,渗流破坏,1,C1,97.0854,0.325209
0+055,safe_reference,moderate,渗流破坏,2,A6,60.0,0.189822
0+055,safe_reference,moderate,渗流破坏,3,C5,99.1402,0.176637
0+055,safe_reference,moderate,渗流破坏,4,D5,40.0,0.114487
0+055,safe_reference,moderate,渗流破坏,5,C4,99.3206,0.098935
0+056,safe_reference,moderate,渗流破坏,1,C1,96.9177,0.331375
0+056,safe_reference,moderate,渗流破坏,2,A6,60.0,0.188087
0+056,safe_reference,moderate,渗流破坏,3,C5,99.1402,0.175022
0+056,safe_reference,moderate,渗流破坏,4,D5,40.0,0.11344
0+056,safe_reference,moderate,渗流破坏,5,C4,99.3206,0.098031
0+057,safe_reference,moderate,渗流破坏,1,C1,96.845,0.333963
0+057,safe_reference,moderate,渗流破坏,2,A6,60.0,0.187359
0+057,safe_reference,moderate,渗流破坏,3,C5,99.1402,0.174344
0+057,safe_reference,moderate,渗流破坏,4,D5,40.0,0.113001
0+057,safe_reference,moderate,渗流破坏,5,C4,99.3206,0.097651
0+058,safe_reference,moderate,渗流破坏,1,C1,96.7824,0.336151
0+058,safe_reference,moderate,渗流破坏,2,A6,60.0,0.186744
0+058,safe_reference,moderate,渗流破坏,3,C5,99.1402,0.173772
0+058,safe_reference,moderate,渗流破坏,4,D5,40.0,0.11263
0+058,safe_reference,moderate,渗流破坏,5,C4,99.3206,0.09733
0+059,safe_reference,moderate,渗流破坏,1,C1,96.8596,0.333445
0+059,safe_reference,moderate,渗流破坏,2,A6,60.0,0.187504
0+059,safe_reference,moderate,渗流破坏,3,C5,99.1402,0.174479
0+059,safe_reference,moderate,渗流破坏,4,D5,40.0,0.113088
0+059,safe_reference,moderate,渗流破坏,5,C4,99.3206,0.097726
0+060,safe_reference,moderate,渗流破坏,1,C1,97.1762,0.321745
0+060,safe_reference,moderate,渗流破坏,2,A6,60.0,0.190796
0+060,safe_reference,moderate,渗流破坏,3,C5,99.1402,0.177543
0+060,safe_reference,moderate,渗流破坏,4,D5,40.0,0.115074
0+060,safe_reference,moderate,渗流破坏,5,C4,99.3206,0.099442
0+061,safe_reference,moderate,渗流破坏,1,C1,97.1588,0.322413
0+061,safe_reference,moderate,渗流破坏,2,A6,60.0,0.190608
0+061,safe_reference,moderate,渗流破坏,3,C5,99.1402,0.177368
0+061,safe_reference,moderate,渗流破坏,4,D5,40.0,0.11496
0+061,safe_reference,moderate,渗流破坏,5,C4,99.3206,0.099344
0+062,safe_reference,moderate,渗流破坏,1,C1,97.0075,0.328112
0+062,safe_reference,moderate,渗流破坏,2,A6,60.0,0.189006
0+062,safe_reference,moderate,渗流破坏,3,C5,99.1402,0.175877
0+062,safe_reference,moderate,渗流破坏,4,D5,40.0,0.113994
0+062,safe_reference,moderate,渗流破坏,5,C4,99.3206,0.098509
0+063,safe_reference,moderate,渗流破坏,1,C1,96.9141,0.331503
0+063,safe_reference,moderate,渗流破坏,2,A6,60.0,0.188051
0+063,safe_reference,moderate,渗流破坏,3,C5,99.1402,0.174988
0+063,safe_reference,moderate,渗流破坏,4,D5,40.0,0.113418
0+063,safe_reference,moderate,渗流破坏,5,C4,99.3206,0.098011
0+064,safe_reference,moderate,渗流破坏,1,C1,97.2279,0.319735
0+064,safe_reference,moderate,渗流破坏,2,A6,60.0,0.191362
0+064,safe_reference,moderate,渗流破坏,3,C5,99.1402,0.17807
0+064,safe_reference,moderate,渗流破坏,4,D5,40.0,0.115415
0+064,safe_reference,moderate,渗流破坏,5,C4,99.3206,0.099737
0+065,safe_reference,moderate,渗流破坏,1,C1,96.6744,0.339845
0+065,safe_reference,moderate,渗流破坏,2,A6,60.0,0.185704
0+065,safe_reference,moderate,渗流破坏,3,C5,99.1402,0.172804
0+065,safe_reference,moderate,渗流破坏,4,D5,40.0,0.112003
0+065,safe_reference,moderate,渗流破坏,5,C4,99.3206,0.096788
0+066,safe_reference,moderate,渗流破坏,1,C1,96.9538,0.330074
0+066,safe_reference,moderate,渗流破坏,2,A6,60.0,0.188454
0+066,safe_reference,moderate,渗流破坏,3,C5,99.1402,0.175363
0+066,safe_reference,moderate,渗流破坏,4,D5,40.0,0.113661
0+066,safe_reference,moderate,渗流破坏,5,C4,99.3206,0.098222
0+067,safe_reference,moderate,渗流破坏,1,C1,96.6404,0.340984
0+067,safe_reference,moderate,渗流破坏,2,A6,60.0,0.185383
0+067,safe_reference,moderate,渗流破坏,3,C5,99.1402,0.172506
0+067,safe_reference,moderate,渗流破坏,4,D5,40.0,0.111809
0+067,safe_reference,moderate,渗流破坏,5,C4,99.3206,0.096621
0+068,safe_reference,moderate,渗流破坏,1,C1,96.7824,0.336151
0+068,safe_reference,moderate,渗流破坏,2,A6,60.0,0.186744
0+068,safe_reference,moderate,渗流破坏,3,C5,99.1402,0.173772
0+068,safe_reference,moderate,渗流破坏,4,D5,40.0,0.11263
0+068,safe_reference,moderate,渗流破坏,5,C4,99.3206,0.09733
0+069,safe_reference,moderate,渗流破坏,1,C1,96.6102,0.341995
0+069,safe_reference,moderate,渗流破坏,2,A6,60.0,0.1851
0+069,safe_reference,moderate,渗流破坏,3,C5,99.1402,0.172242
0+069,safe_reference,moderate,渗流破坏,4,D5,40.0,0.111638
0+069,safe_reference,moderate,渗流破坏,5,C4,99.3206,0.096473
0+070,safe_reference,moderate,渗流破坏,1,C1,97.004,0.328242
0+070,safe_reference,moderate,渗流破坏,2,A6,60.0,0.188969
0+070,safe_reference,moderate,渗流破坏,3,C5,99.1402,0.175843
0+070,safe_reference,moderate,渗流破坏,4,D5,40.0,0.113972
0+070,safe_reference,moderate,渗流破坏,5,C4,99.3206,0.09849
0+071,safe_reference,moderate,渗流破坏,1,C1,96.9718,0.329421
0+071,safe_reference,moderate,渗流破坏,2,A6,60.0,0.188637
0+071,safe_reference,moderate,渗流破坏,3,C5,99.1402,0.175534
0+071,safe_reference,moderate,渗流破坏,4,D5,40.0,0.113772
0+071,safe_reference,moderate,渗流破坏,5,C4,99.3206,0.098317
0+072,safe_reference,moderate,渗流破坏,1,C1,96.5645,0.343506
0+072,safe_reference,moderate,渗流破坏,2,A6,60.0,0.184675
0+072,safe_reference,moderate,渗流破坏,3,C5,99.1402,0.171848
0+072,safe_reference,moderate,渗流破坏,4,D5,40.0,0.111382
0+072,safe_reference,moderate,渗流破坏,5,C4,99.3206,0.096252
0+073,safe_reference,moderate,渗流破坏,1,C1,97.2621,0.318388
0+073,safe_reference,moderate,渗流破坏,2,A6,60.0,0.191741
0+073,safe_reference,moderate,渗流破坏,3,C5,99.1402,0.178423
0+073,safe_reference,moderate,渗流破坏,4,D5,40.0,0.115644
0+073,safe_reference,moderate,渗流破坏,5,C4,99.3206,0.099935
0+074,safe_reference,moderate,渗流破坏,1,C1,97.1135,0.324146
0+074,safe_reference,moderate,渗流破坏,2,A6,60.0,0.190121
0+074,safe_reference,moderate,渗流破坏,3,C5,99.1402,0.176915
0+074,safe_reference,moderate,渗流破坏,4,D5,40.0,0.114667
0+074,safe_reference,moderate,渗流破坏,5,C4,99.3206,0.09909
0+075,safe_reference,moderate,渗流破坏,1,C1,96.5988,0.342376
0+075,safe_reference,moderate,渗流破坏,2,A6,60.0,0.184993
0+075,safe_reference,moderate,渗流破坏,3,C5,99.1402,0.172143
0+075,safe_reference,moderate,渗流破坏,4,D5,40.0,0.111574
0+075,safe_reference,moderate,渗流破坏,5,C4,99.3206,0.096418
0+076,safe_reference,severe,边坡失稳,1,D5,0.0,0.335129
0+076,safe_reference,severe,边坡失稳,2,A1,0,0.211509
0+076,safe_reference,severe,边坡失稳,3,A6,0.0,0.208364
0+076,safe_reference,severe,边坡失稳,4,A2,60,0.166692
0+076,safe_reference,severe,边坡失稳,5,A5,0,0.075916
0+077,safe_reference,severe,边坡失稳,1,D5,0.0,0.335129
0+077,safe_reference,severe,边坡失稳,2,A1,0,0.211509
0+077,safe_reference,severe,边坡失稳,3,A6,0.0,0.208364
0+077,safe_reference,severe,边坡失稳,4,A2,60,0.166692
0+077,safe_reference,severe,边坡失稳,5,A5,0,0.075916
0+078,safe_reference,severe,边坡失稳,1,D5,0.0,0.335129
0+078,safe_reference,severe,边坡失稳,2,A1,0,0.211509
0+078,safe_reference,severe,边坡失稳,3,A6,0.0,0.208364
0+078,safe_reference,severe,边坡失稳,4,A2,60,0.166692
0+078,safe_reference,severe,边坡失稳,5,A5,0,0.075916
0+079,safe_reference,severe,边坡失稳,1,D5,0.0,0.335129
0+079,safe_reference,severe,边坡失稳,2,A1,0,0.211509
0+079,safe_reference,severe,边坡失稳,3,A6,0.0,0.208364
0+079,safe_reference,severe,边坡失稳,4,A2,60,0.166692
0+079,safe_reference,severe,边坡失稳,5,A5,0,0.075916
0+080,safe_reference,severe,边坡失稳,1,D5,0.0,0.335129
0+080,safe_reference,severe,边坡失稳,2,A1,0,0.211509
0+080,safe_reference,severe,边坡失稳,3,A6,0.0,0.208364
0+080,safe_reference,severe,边坡失稳,4,A2,60,0.166692
0+080,safe_reference,severe,边坡失稳,5,A5,0,0.075916
0+081,safe_reference,severe,边坡失稳,1,D5,0.0,0.335129
0+081,safe_reference,severe,边坡失稳,2,A1,0,0.211509
0+081,safe_reference,severe,边坡失稳,3,A6,0.0,0.208364
0+081,safe_reference,severe,边坡失稳,4,A2,60,0.166692
0+081,safe_reference,severe,边坡失稳,5,A5,0,0.075916
0+082,safe_reference,severe,边坡失稳,1,D5,0.0,0.335129
0+082,safe_reference,severe,边坡失稳,2,A1,0,0.211509
0+082,safe_reference,severe,边坡失稳,3,A6,0.0,0.208364
0+082,safe_reference,severe,边坡失稳,4,A2,60,0.166692
0+082,safe_reference,severe,边坡失稳,5,A5,0,0.075916
0+083,safe_reference,severe,边坡失稳,1,D5,0.0,0.335129
0+083,safe_reference,severe,边坡失稳,2,A1,0,0.211509
0+083,safe_reference,severe,边坡失稳,3,A6,0.0,0.208364
0+083,safe_reference,severe,边坡失稳,4,A2,60,0.166692
0+083,safe_reference,severe,边坡失稳,5,A5,0,0.075916
0+084,safe_reference,severe,边坡失稳,1,D5,0.0,0.335129
0+084,safe_reference,severe,边坡失稳,2,A1,0,0.211509
0+084,safe_reference,severe,边坡失稳,3,A6,0.0,0.208364
0+084,safe_reference,severe,边坡失稳,4,A2,60,0.166692
0+084,safe_reference,severe,边坡失稳,5,A5,0,0.075916
0+085,safe_reference,severe,边坡失稳,1,D5,0.0,0.335129
0+085,safe_reference,severe,边坡失稳,2,A1,0,0.211509
0+085,safe_reference,severe,边坡失稳,3,A6,0.0,0.208364
0+085,safe_reference,severe,边坡失稳,4,A2,60,0.166692
0+085,safe_reference,severe,边坡失稳,5,A5,0,0.075916
0+086,safe_reference,severe,边坡失稳,1,D5,0.0,0.335129
0+086,safe_reference,severe,边坡失稳,2,A1,0,0.211509
0+086,safe_reference,severe,边坡失稳,3,A6,0.0,0.208364
0+086,safe_reference,severe,边坡失稳,4,A2,60,0.166692
0+086,safe_reference,severe,边坡失稳,5,A5,0,0.075916
0+087,safe_reference,severe,边坡失稳,1,D5,0.0,0.335129
0+087,safe_reference,severe,边坡失稳,2,A1,0,0.211509
0+087,safe_reference,severe,边坡失稳,3,A6,0.0,0.208364
0+087,safe_reference,severe,边坡失稳,4,A2,60,0.166692
0+087,safe_reference,severe,边坡失稳,5,A5,0,0.075916
0+088,safe_reference,severe,边坡失稳,1,D5,0.0,0.335129
0+088,safe_reference,severe,边坡失稳,2,A1,0,0.211509
0+088,safe_reference,severe,边坡失稳,3,A6,0.0,0.208364
0+088,safe_reference,severe,边坡失稳,4,A2,60,0.166692
0+088,safe_reference,severe,边坡失稳,5,A5,0,0.075916
0+089,safe_reference,severe,边坡失稳,1,D5,0.0,0.335129
0+089,safe_reference,severe,边坡失稳,2,A1,0,0.211509
0+089,safe_reference,severe,边坡失稳,3,A6,0.0,0.208364
0+089,safe_reference,severe,边坡失稳,4,A2,60,0.166692
0+089,safe_reference,severe,边坡失稳,5,A5,0,0.075916
0+090,safe_reference,severe,边坡失稳,1,D5,0.0,0.335129
0+090,safe_reference,severe,边坡失稳,2,A1,0,0.211509
0+090,safe_reference,severe,边坡失稳,3,A6,0.0,0.208364
0+090,safe_reference,severe,边坡失稳,4,A2,60,0.166692
0+090,safe_reference,severe,边坡失稳,5,A5,0,0.075916
0+091,safe_reference,severe,边坡失稳,1,D5,0.0,0.335129
0+091,safe_reference,severe,边坡失稳,2,A1,0,0.211509
0+091,safe_reference,severe,边坡失稳,3,A6,0.0,0.208364
0+091,safe_reference,severe,边坡失稳,4,A2,60,0.166692
0+091,safe_reference,severe,边坡失稳,5,A5,0,0.075916
0+092,safe_reference,severe,边坡失稳,1,D5,0.0,0.335129
0+092,safe_reference,severe,边坡失稳,2,A1,0,0.211509
0+092,safe_reference,severe,边坡失稳,3,A6,0.0,0.208364
0+092,safe_reference,severe,边坡失稳,4,A2,60,0.166692
0+092,safe_reference,severe,边坡失稳,5,A5,0,0.075916
0+093,safe_reference,severe,边坡失稳,1,D5,0.0,0.335129
0+093,safe_reference,severe,边坡失稳,2,A1,0,0.211509
0+093,safe_reference,severe,边坡失稳,3,A6,0.0,0.208364
0+093,safe_reference,severe,边坡失稳,4,A2,60,0.166692
0+093,safe_reference,severe,边坡失稳,5,A5,0,0.075916
0+094,safe_reference,severe,边坡失稳,1,D5,0.0,0.335129
0+094,safe_reference,severe,边坡失稳,2,A1,0,0.211509
0+094,safe_reference,severe,边坡失稳,3,A6,0.0,0.208364
0+094,safe_reference,severe,边坡失稳,4,A2,60,0.166692
0+094,safe_reference,severe,边坡失稳,5,A5,0,0.075916
0+095,safe_reference,severe,边坡失稳,1,D5,0.0,0.335129
0+095,safe_reference,severe,边坡失稳,2,A1,0,0.211509
0+095,safe_reference,severe,边坡失稳,3,A6,0.0,0.208364
0+095,safe_reference,severe,边坡失稳,4,A2,60,0.166692
0+095,safe_reference,severe,边坡失稳,5,A5,0,0.075916
0+096,safe_reference,severe,边坡失稳,1,D5,0.0,0.335129
0+096,safe_reference,severe,边坡失稳,2,A1,0,0.211509
0+096,safe_reference,severe,边坡失稳,3,A6,0.0,0.208364
0+096,safe_reference,severe,边坡失稳,4,A2,60,0.166692
0+096,safe_reference,severe,边坡失稳,5,A5,0,0.075916
0+097,safe_reference,severe,边坡失稳,1,D5,0.0,0.335129
0+097,safe_reference,severe,边坡失稳,2,A1,0,0.211509
0+097,safe_reference,severe,边坡失稳,3,A6,0.0,0.208364
0+097,safe_reference,severe,边坡失稳,4,A2,60,0.166692
0+097,safe_reference,severe,边坡失稳,5,A5,0,0.075916
0+098,safe_reference,severe,边坡失稳,1,D5,0.0,0.335129
0+098,safe_reference,severe,边坡失稳,2,A1,0,0.211509
0+098,safe_reference,severe,边坡失稳,3,A6,0.0,0.208364
0+098,safe_reference,severe,边坡失稳,4,A2,60,0.166692
0+098,safe_reference,severe,边坡失稳,5,A5,0,0.075916
0+099,safe_reference,severe,边坡失稳,1,D5,0.0,0.335129
0+099,safe_reference,severe,边坡失稳,2,A1,0,0.211509
0+099,safe_reference,severe,边坡失稳,3,A6,0.0,0.208364
0+099,safe_reference,severe,边坡失稳,4,A2,60,0.166692
0+099,safe_reference,severe,边坡失稳,5,A5,0,0.075916
0+100,safe_reference,severe,边坡失稳,1,D5,0.0,0.335129
0+100,safe_reference,severe,边坡失稳,2,A1,0,0.211509
0+100,safe_reference,severe,边坡失稳,3,A6,0.0,0.208364
0+100,safe_reference,severe,边坡失稳,4,A2,60,0.166692
0+100,safe_reference,severe,边坡失稳,5,A5,0,0.075916
0+101,safe_reference,critical,边坡失稳,1,D5,0.0,0.335129
0+101,safe_reference,critical,边坡失稳,2,A1,0,0.211509
0+101,safe_reference,critical,边坡失稳,3,A6,0.0,0.208364
0+101,safe_reference,critical,边坡失稳,4,A2,60,0.166692
0+101,safe_reference,critical,边坡失稳,5,A5,0,0.075916
0+102,safe_reference,critical,边坡失稳,1,D5,0.0,0.335129
0+102,safe_reference,critical,边坡失稳,2,A1,0,0.211509
0+102,safe_reference,critical,边坡失稳,3,A6,0.0,0.208364
0+102,safe_reference,critical,边坡失稳,4,A2,60,0.166692
0+102,safe_reference,critical,边坡失稳,5,A5,0,0.075916
0+103,safe_reference,critical,边坡失稳,1,D5,0.0,0.335129
0+103,safe_reference,critical,边坡失稳,2,A1,0,0.211509
0+103,safe_reference,critical,边坡失稳,3,A6,0.0,0.208364
0+103,safe_reference,critical,边坡失稳,4,A2,60,0.166692
0+103,safe_reference,critical,边坡失稳,5,A5,0,0.075916
0+104,safe_reference,critical,边坡失稳,1,D5,0.0,0.335129
0+104,safe_reference,critical,边坡失稳,2,A1,0,0.211509
0+104,safe_reference,critical,边坡失稳,3,A6,0.0,0.208364
0+104,safe_reference,critical,边坡失稳,4,A2,60,0.166692
0+104,safe_reference,critical,边坡失稳,5,A5,0,0.075916
0+105,safe_reference,critical,边坡失稳,1,D5,0.0,0.335129
0+105,safe_reference,critical,边坡失稳,2,A1,0,0.211509
0+105,safe_reference,critical,边坡失稳,3,A6,0.0,0.208364
0+105,safe_reference,critical,边坡失稳,4,A2,60,0.166692
0+105,safe_reference,critical,边坡失稳,5,A5,0,0.075916
0+106,safe_reference,critical,边坡失稳,1,D5,0.0,0.335129
0+106,safe_reference,critical,边坡失稳,2,A1,0,0.211509
0+106,safe_reference,critical,边坡失稳,3,A6,0.0,0.208364
0+106,safe_reference,critical,边坡失稳,4,A2,60,0.166692
0+106,safe_reference,critical,边坡失稳,5,A5,0,0.075916
0+107,safe_reference,critical,边坡失稳,1,D5,0.0,0.335129
0+107,safe_reference,critical,边坡失稳,2,A1,0,0.211509
0+107,safe_reference,critical,边坡失稳,3,A6,0.0,0.208364
0+107,safe_reference,critical,边坡失稳,4,A2,60,0.166692
0+107,safe_reference,critical,边坡失稳,5,A5,0,0.075916
0+108,safe_reference,critical,边坡失稳,1,D5,0.0,0.335129
0+108,safe_reference,critical,边坡失稳,2,A1,0,0.211509
0+108,safe_reference,critical,边坡失稳,3,A6,0.0,0.208364
0+108,safe_reference,critical,边坡失稳,4,A2,60,0.166692
0+108,safe_reference,critical,边坡失稳,5,A5,0,0.075916
0+109,safe_reference,critical,边坡失稳,1,D5,0.0,0.335129
0+109,safe_reference,critical,边坡失稳,2,A1,0,0.211509
0+109,safe_reference,critical,边坡失稳,3,A6,0.0,0.208364
0+109,safe_reference,critical,边坡失稳,4,A2,60,0.166692
0+109,safe_reference,critical,边坡失稳,5,A5,0,0.075916
0+110,safe_reference,critical,边坡失稳,1,D5,0.0,0.335129
0+110,safe_reference,critical,边坡失稳,2,A1,0,0.211509
0+110,safe_reference,critical,边坡失稳,3,A6,0.0,0.208364
0+110,safe_reference,critical,边坡失稳,4,A2,60,0.166692
0+110,safe_reference,critical,边坡失稳,5,A5,0,0.075916
0+111,safe_reference,critical,边坡失稳,1,D5,0.0,0.335129
0+111,safe_reference,critical,边坡失稳,2,A1,0,0.211509
0+111,safe_reference,critical,边坡失稳,3,A6,0.0,0.208364
0+111,safe_reference,critical,边坡失稳,4,A2,60,0.166692
0+111,safe_reference,critical,边坡失稳,5,A5,0,0.075916
0+112,safe_reference,critical,边坡失稳,1,D5,0.0,0.335129
0+112,safe_reference,critical,边坡失稳,2,A1,0,0.211509
0+112,safe_reference,critical,边坡失稳,3,A6,0.0,0.208364
0+112,safe_reference,critical,边坡失稳,4,A2,60,0.166692
0+112,safe_reference,critical,边坡失稳,5,A5,0,0.075916
0+113,safe_reference,critical,边坡失稳,1,D5,0.0,0.335129
0+113,safe_reference,critical,边坡失稳,2,A1,0,0.211509
0+113,safe_reference,critical,边坡失稳,3,A6,0.0,0.208364
0+113,safe_reference,critical,边坡失稳,4,A2,60,0.166692
0+113,safe_reference,critical,边坡失稳,5,A5,0,0.075916
0+114,safe_reference,critical,边坡失稳,1,D5,0.0,0.335129
0+114,safe_reference,critical,边坡失稳,2,A1,0,0.211509
0+114,safe_reference,critical,边坡失稳,3,A6,0.0,0.208364
0+114,safe_reference,critical,边坡失稳,4,A2,60,0.166692
0+114,safe_reference,critical,边坡失稳,5,A5,0,0.075916
0+115,safe_reference,critical,边坡失稳,1,D5,0.0,0.335129
0+115,safe_reference,critical,边坡失稳,2,A1,0,0.211509
0+115,safe_reference,critical,边坡失稳,3,A6,0.0,0.208364
0+115,safe_reference,critical,边坡失稳,4,A2,60,0.166692
0+115,safe_reference,critical,边坡失稳,5,A5,0,0.075916
0+116,safe_reference,critical,边坡失稳,1,D5,0.0,0.335129
0+116,safe_reference,critical,边坡失稳,2,A1,0,0.211509
0+116,safe_reference,critical,边坡失稳,3,A6,0.0,0.208364
0+116,safe_reference,critical,边坡失稳,4,A2,60,0.166692
0+116,safe_reference,critical,边坡失稳,5,A5,0,0.075916
0+117,safe_reference,critical,边坡失稳,1,D5,0.0,0.335129
0+117,safe_reference,critical,边坡失稳,2,A1,0,0.211509
0+117,safe_reference,critical,边坡失稳,3,A6,0.0,0.208364
0+117,safe_reference,critical,边坡失稳,4,A2,60,0.166692
0+117,safe_reference,critical,边坡失稳,5,A5,0,0.075916
0+118,safe_reference,critical,边坡失稳,1,D5,0.0,0.335129
0+118,safe_reference,critical,边坡失稳,2,A1,0,0.211509
0+118,safe_reference,critical,边坡失稳,3,A6,0.0,0.208364
0+118,safe_reference,critical,边坡失稳,4,A2,60,0.166692
0+118,safe_reference,critical,边坡失稳,5,A5,0,0.075916
0+119,safe_reference,critical,边坡失稳,1,D5,0.0,0.335129
0+119,safe_reference,critical,边坡失稳,2,A1,0,0.211509
0+119,safe_reference,critical,边坡失稳,3,A6,0.0,0.208364
0+119,safe_reference,critical,边坡失稳,4,A2,60,0.166692
0+119,safe_reference,critical,边坡失稳,5,A5,0,0.075916
0+120,safe_reference,critical,边坡失稳,1,D5,0.0,0.335129
0+120,safe_reference,critical,边坡失稳,2,A1,0,0.211509
0+120,safe_reference,critical,边坡失稳,3,A6,0.0,0.208364
0+120,safe_reference,critical,边坡失稳,4,A2,60,0.166692
0+120,safe_reference,critical,边坡失稳,5,A5,0,0.075916
0+121,safe_reference,critical,边坡失稳,1,D5,0.0,0.335129
0+121,safe_reference,critical,边坡失稳,2,A1,0,0.211509
0+121,safe_reference,critical,边坡失稳,3,A6,0.0,0.208364
0+121,safe_reference,critical,边坡失稳,4,A2,60,0.166692
0+121,safe_reference,critical,边坡失稳,5,A5,0,0.075916
0+122,safe_reference,critical,边坡失稳,1,D5,0.0,0.335129
0+122,safe_reference,critical,边坡失稳,2,A1,0,0.211509
0+122,safe_reference,critical,边坡失稳,3,A6,0.0,0.208364
0+122,safe_reference,critical,边坡失稳,4,A2,60,0.166692
0+122,safe_reference,critical,边坡失稳,5,A5,0,0.075916
0+123,safe_reference,critical,边坡失稳,1,D5,0.0,0.335129
0+123,safe_reference,critical,边坡失稳,2,A1,0,0.211509
0+123,safe_reference,critical,边坡失稳,3,A6,0.0,0.208364
0+123,safe_reference,critical,边坡失稳,4,A2,60,0.166692
0+123,safe_reference,critical,边坡失稳,5,A5,0,0.075916
0+124,safe_reference,critical,边坡失稳,1,D5,0.0,0.335129
0+124,safe_reference,critical,边坡失稳,2,A1,0,0.211509
0+124,safe_reference,critical,边坡失稳,3,A6,0.0,0.208364
0+124,safe_reference,critical,边坡失稳,4,A2,60,0.166692
0+124,safe_reference,critical,边坡失稳,5,A5,0,0.075916
0+125,safe_reference,critical,边坡失稳,1,D5,0.0,0.335129
0+125,safe_reference,critical,边坡失稳,2,A1,0,0.211509
0+125,safe_reference,critical,边坡失稳,3,A6,0.0,0.208364
0+125,safe_reference,critical,边坡失稳,4,A2,60,0.166692
0+125,safe_reference,critical,边坡失稳,5,A5,0,0.075916
0+126,overtopping,safe,渗流破坏,1,C1,98.9385,0.415959
0+126,overtopping,safe,渗流破坏,2,C5,99.1402,0.374359
0+126,overtopping,safe,渗流破坏,3,C4,99.3206,0.20968
0+126,overtopping,safe,渗流破坏,4,A2,100,0.0
0+126,overtopping,safe,渗流破坏,5,A5,100,0.0
0+127,overtopping,safe,渗流破坏,1,C1,98.9385,0.415959
0+127,overtopping,safe,渗流破坏,2,C5,99.1402,0.374359
0+127,overtopping,safe,渗流破坏,3,C4,99.3206,0.20968
0+127,overtopping,safe,渗流破坏,4,A2,100,0.0
0+127,overtopping,safe,渗流破坏,5,A5,100,0.0
0+128,overtopping,safe,渗流破坏,1,C1,98.9385,0.415959
0+128,overtopping,safe,渗流破坏,2,C5,99.1402,0.374359
0+128,overtopping,safe,渗流破坏,3,C4,99.3206,0.20968
0+128,overtopping,safe,渗流破坏,4,A2,100,0.0
0+128,overtopping,safe,渗流破坏,5,A5,100,0.0
0+129,overtopping,safe,渗流破坏,1,C1,98.9385,0.415959
0+129,overtopping,safe,渗流破坏,2,C5,99.1402,0.374359
0+129,overtopping,safe,渗流破坏,3,C4,99.3206,0.20968
0+129,overtopping,safe,渗流破坏,4,A2,100,0.0
0+129,overtopping,safe,渗流破坏,5,A5,100,0.0
0+130,overtopping,safe,渗流破坏,1,C1,98.9385,0.415959
0+130,overtopping,safe,渗流破坏,2,C5,99.1402,0.374359
0+130,overtopping,safe,渗流破坏,3,C4,99.3206,0.20968
0+130,overtopping,safe,渗流破坏,4,A2,100,0.0
0+130,overtopping,safe,渗流破坏,5,A5,100,0.0
0+131,overtopping,safe,渗流破坏,1,C1,98.9385,0.415959
0+131,overtopping,safe,渗流破坏,2,C5,99.1402,0.374359
0+131,overtopping,safe,渗流破坏,3,C4,99.3206,0.20968
0+131,overtopping,safe,渗流破坏,4,A2,100,0.0
0+131,overtopping,safe,渗流破坏,5,A5,100,0.0
0+132,overtopping,safe,渗流破坏,1,C1,98.9385,0.415959
0+132,overtopping,safe,渗流破坏,2,C5,99.1402,0.374359
0+132,overtopping,safe,渗流破坏,3,C4,99.3206,0.20968
0+132,overtopping,safe,渗流破坏,4,A2,100,0.0
0+132,overtopping,safe,渗流破坏,5,A5,100,0.0
0+133,overtopping,safe,渗流破坏,1,C1,98.9385,0.415959
0+133,overtopping,safe,渗流破坏,2,C5,99.1402,0.374359
0+133,overtopping,safe,渗流破坏,3,C4,99.3206,0.20968
0+133,overtopping,safe,渗流破坏,4,A2,100,0.0
0+133,overtopping,safe,渗流破坏,5,A5,100,0.0
0+134,overtopping,safe,渗流破坏,1,C1,98.9385,0.415959
0+134,overtopping,safe,渗流破坏,2,C5,99.1402,0.374359
0+134,overtopping,safe,渗流破坏,3,C4,99.3206,0.20968
0+134,overtopping,safe,渗流破坏,4,A2,100,0.0
0+134,overtopping,safe,渗流破坏,5,A5,100,0.0
0+135,overtopping,safe,渗流破坏,1,C1,98.9385,0.415959
0+135,overtopping,safe,渗流破坏,2,C5,99.1402,0.374359
0+135,overtopping,safe,渗流破坏,3,C4,99.3206,0.20968
0+135,overtopping,safe,渗流破坏,4,A2,100,0.0
0+135,overtopping,safe,渗流破坏,5,A5,100,0.0
0+136,overtopping,safe,渗流破坏,1,C1,98.9385,0.415959
0+136,overtopping,safe,渗流破坏,2,C5,99.1402,0.374359
0+136,overtopping,safe,渗流破坏,3,C4,99.3206,0.20968
0+136,overtopping,safe,渗流破坏,4,A2,100,0.0
0+136,overtopping,safe,渗流破坏,5,A5,100,0.0
0+137,overtopping,safe,渗流破坏,1,C1,98.9385,0.415959
0+137,overtopping,safe,渗流破坏,2,C5,99.1402,0.374359
0+137,overtopping,safe,渗流破坏,3,C4,99.3206,0.20968
0+137,overtopping,safe,渗流破坏,4,A2,100,0.0
0+137,overtopping,safe,渗流破坏,5,A5,100,0.0
0+138,overtopping,safe,渗流破坏,1,C1,98.9385,0.415959
0+138,overtopping,safe,渗流破坏,2,C5,99.1402,0.374359
0+138,overtopping,safe,渗流破坏,3,C4,99.3206,0.20968
0+138,overtopping,safe,渗流破坏,4,A2,100,0.0
0+138,overtopping,safe,渗流破坏,5,A5,100,0.0
0+139,overtopping,safe,渗流破坏,1,C1,98.9385,0.415959
0+139,overtopping,safe,渗流破坏,2,C5,99.1402,0.374359
0+139,overtopping,safe,渗流破坏,3,C4,99.3206,0.20968
0+139,overtopping,safe,渗流破坏,4,A2,100,0.0
0+139,overtopping,safe,渗流破坏,5,A5,100,0.0
0+140,overtopping,safe,渗流破坏,1,C1,98.9385,0.415959
0+140,overtopping,safe,渗流破坏,2,C5,99.1402,0.374359
0+140,overtopping,safe,渗流破坏,3,C4,99.3206,0.20968
0+140,overtopping,safe,渗流破坏,4,A2,100,0.0
0+140,overtopping,safe,渗流破坏,5,A5,100,0.0
0+141,overtopping,safe,渗流破坏,1,C1,98.9385,0.415959
0+141,overtopping,safe,渗流破坏,2,C5,99.1402,0.374359
0+141,overtopping,safe,渗流破坏,3,C4,99.3206,0.20968
0+141,overtopping,safe,渗流破坏,4,A2,100,0.0
0+141,overtopping,safe,渗流破坏,5,A5,100,0.0
0+142,overtopping,safe,渗流破坏,1,C1,98.9385,0.415959
0+142,overtopping,safe,渗流破坏,2,C5,99.1402,0.374359
0+142,overtopping,safe,渗流破坏,3,C4,99.3206,0.20968
0+142,overtopping,safe,渗流破坏,4,A2,100,0.0
0+142,overtopping,safe,渗流破坏,5,A5,100,0.0
0+143,overtopping,safe,渗流破坏,1,C1,98.9385,0.415959
0+143,overtopping,safe,渗流破坏,2,C5,99.1402,0.374359
0+143,overtopping,safe,渗流破坏,3,C4,99.3206,0.20968
0+143,overtopping,safe,渗流破坏,4,A2,100,0.0
0+143,overtopping,safe,渗流破坏,5,A5,100,0.0
0+144,overtopping,safe,渗流破坏,1,C1,98.9385,0.415959
0+144,overtopping,safe,渗流破坏,2,C5,99.1402,0.374359
0+144,overtopping,safe,渗流破坏,3,C4,99.3206,0.20968
0+144,overtopping,safe,渗流破坏,4,A2,100,0.0
0+144,overtopping,safe,渗流破坏,5,A5,100,0.0
0+145,overtopping,safe,渗流破坏,1,C1,98.9385,0.415959
0+145,overtopping,safe,渗流破坏,2,C5,99.1402,0.374359
0+145,overtopping,safe,渗流破坏,3,C4,99.3206,0.20968
0+145,overtopping,safe,渗流破坏,4,A2,100,0.0
0+145,overtopping,safe,渗流破坏,5,A5,100,0.0
0+146,overtopping,safe,渗流破坏,1,C1,98.9385,0.415959
0+146,overtopping,safe,渗流破坏,2,C5,99.1402,0.374359
0+146,overtopping,safe,渗流破坏,3,C4,99.3206,0.20968
0+146,overtopping,safe,渗流破坏,4,A2,100,0.0
0+146,overtopping,safe,渗流破坏,5,A5,100,0.0
0+147,overtopping,safe,渗流破坏,1,C1,98.9385,0.415959
0+147,overtopping,safe,渗流破坏,2,C5,99.1402,0.374359
0+147,overtopping,safe,渗流破坏,3,C4,99.3206,0.20968
0+147,overtopping,safe,渗流破坏,4,A2,100,0.0
0+147,overtopping,safe,渗流破坏,5,A5,100,0.0
0+148,overtopping,safe,渗流破坏,1,C1,98.9385,0.415959
0+148,overtopping,safe,渗流破坏,2,C5,99.1402,0.374359
0+148,overtopping,safe,渗流破坏,3,C4,99.3206,0.20968
0+148,overtopping,safe,渗流破坏,4,A2,100,0.0
0+148,overtopping,safe,渗流破坏,5,A5,100,0.0
0+149,overtopping,safe,渗流破坏,1,C1,98.9385,0.415959
0+149,overtopping,safe,渗流破坏,2,C5,99.1402,0.374359
0+149,overtopping,safe,渗流破坏,3,C4,99.3206,0.20968
0+149,overtopping,safe,渗流破坏,4,A2,100,0.0
0+149,overtopping,safe,渗流破坏,5,A5,100,0.0
0+150,overtopping,safe,渗流破坏,1,C1,98.9385,0.415959
0+150,overtopping,safe,渗流破坏,2,C5,99.1402,0.374359
0+150,overtopping,safe,渗流破坏,3,C4,99.3206,0.20968
0+150,overtopping,safe,渗流破坏,4,A2,100,0.0
0+150,overtopping,safe,渗流破坏,5,A5,100,0.0
0+151,overtopping,slight,漫顶失效,1,B3,70.0,0.999994
0+151,overtopping,slight,漫顶失效,2,A1,100,0.0
0+151,overtopping,slight,漫顶失效,3,B1,100,0.0
0+151,overtopping,slight,漫顶失效,4,B2,100.0,0.0
0+151,overtopping,slight,漫顶失效,5,B4,100.0,0.0
0+152,overtopping,slight,漫顶失效,1,B3,70.0,0.999994
0+152,overtopping,slight,漫顶失效,2,A1,100,0.0
0+152,overtopping,slight,漫顶失效,3,B1,100,0.0
0+152,overtopping,slight,漫顶失效,4,B2,100.0,0.0
0+152,overtopping,slight,漫顶失效,5,B4,100.0,0.0
0+153,overtopping,slight,漫顶失效,1,B3,70.0,0.999994
0+153,overtopping,slight,漫顶失效,2,A1,100,0.0
0+153,overtopping,slight,漫顶失效,3,B1,100,0.0
0+153,overtopping,slight,漫顶失效,4,B2,100.0,0.0
0+153,overtopping,slight,漫顶失效,5,B4,100.0,0.0
0+154,overtopping,slight,漫顶失效,1,B3,70.0,0.999994
0+154,overtopping,slight,漫顶失效,2,A1,100,0.0
0+154,overtopping,slight,漫顶失效,3,B1,100,0.0
0+154,overtopping,slight,漫顶失效,4,B2,100.0,0.0
0+154,overtopping,slight,漫顶失效,5,B4,100.0,0.0
0+155,overtopping,slight,漫顶失效,1,B3,70.0,0.999994
0+155,overtopping,slight,漫顶失效,2,A1,100,0.0
0+155,overtopping,slight,漫顶失效,3,B1,100,0.0
0+155,overtopping,slight,漫顶失效,4,B2,100.0,0.0
0+155,overtopping,slight,漫顶失效,5,B4,100.0,0.0
0+156,overtopping,slight,漫顶失效,1,B3,70.0,0.999994
0+156,overtopping,slight,漫顶失效,2,A1,100,0.0
0+156,overtopping,slight,漫顶失效,3,B1,100,0.0
0+156,overtopping,slight,漫顶失效,4,B2,100.0,0.0
0+156,overtopping,slight,漫顶失效,5,B4,100.0,0.0
0+157,overtopping,slight,漫顶失效,1,B3,70.0,0.999994
0+157,overtopping,slight,漫顶失效,2,A1,100,0.0
0+157,overtopping,slight,漫顶失效,3,B1,100,0.0
0+157,overtopping,slight,漫顶失效,4,B2,100.0,0.0
0+157,overtopping,slight,漫顶失效,5,B4,100.0,0.0
0+158,overtopping,slight,漫顶失效,1,B3,70.0,0.999994
0+158,overtopping,slight,漫顶失效,2,A1,100,0.0
0+158,overtopping,slight,漫顶失效,3,B1,100,0.0
0+158,overtopping,slight,漫顶失效,4,B2,100.0,0.0
0+158,overtopping,slight,漫顶失效,5,B4,100.0,0.0
0+159,overtopping,slight,漫顶失效,1,B3,70.0,0.999994
0+159,overtopping,slight,漫顶失效,2,A1,100,0.0
0+159,overtopping,slight,漫顶失效,3,B1,100,0.0
0+159,overtopping,slight,漫顶失效,4,B2,100.0,0.0
0+159,overtopping,slight,漫顶失效,5,B4,100.0,0.0
0+160,overtopping,slight,漫顶失效,1,B3,70.0,0.999994
0+160,overtopping,slight,漫顶失效,2,A1,100,0.0
0+160,overtopping,slight,漫顶失效,3,B1,100,0.0
0+160,overtopping,slight,漫顶失效,4,B2,100.0,0.0
0+160,overtopping,slight,漫顶失效,5,B4,100.0,0.0
0+161,overtopping,slight,漫顶失效,1,B3,70.0,0.999994
0+161,overtopping,slight,漫顶失效,2,A1,100,0.0
0+161,overtopping,slight,漫顶失效,3,B1,100,0.0
0+161,overtopping,slight,漫顶失效,4,B2,100.0,0.0
0+161,overtopping,slight,漫顶失效,5,B4,100.0,0.0
0+162,overtopping,slight,漫顶失效,1,B3,70.0,0.999994
0+162,overtopping,slight,漫顶失效,2,A1,100,0.0
0+162,overtopping,slight,漫顶失效,3,B1,100,0.0
0+162,overtopping,slight,漫顶失效,4,B2,100.0,0.0
0+162,overtopping,slight,漫顶失效,5,B4,100.0,0.0
0+163,overtopping,slight,漫顶失效,1,B3,70.0,0.999994
0+163,overtopping,slight,漫顶失效,2,A1,100,0.0
0+163,overtopping,slight,漫顶失效,3,B1,100,0.0
0+163,overtopping,slight,漫顶失效,4,B2,100.0,0.0
0+163,overtopping,slight,漫顶失效,5,B4,100.0,0.0
0+164,overtopping,slight,漫顶失效,1,B3,70.0,0.999994
0+164,overtopping,slight,漫顶失效,2,A1,100,0.0
0+164,overtopping,slight,漫顶失效,3,B1,100,0.0
0+164,overtopping,slight,漫顶失效,4,B2,100.0,0.0
0+164,overtopping,slight,漫顶失效,5,B4,100.0,0.0
0+165,overtopping,slight,漫顶失效,1,B3,70.0,0.999994
0+165,overtopping,slight,漫顶失效,2,A1,100,0.0
0+165,overtopping,slight,漫顶失效,3,B1,100,0.0
0+165,overtopping,slight,漫顶失效,4,B2,100.0,0.0
0+165,overtopping,slight,漫顶失效,5,B4,100.0,0.0
0+166,overtopping,slight,漫顶失效,1,B3,70.0,0.999994
0+166,overtopping,slight,漫顶失效,2,A1,100,0.0
0+166,overtopping,slight,漫顶失效,3,B1,100,0.0
0+166,overtopping,slight,漫顶失效,4,B2,100.0,0.0
0+166,overtopping,slight,漫顶失效,5,B4,100.0,0.0
0+167,overtopping,slight,漫顶失效,1,B3,70.0,0.999994
0+167,overtopping,slight,漫顶失效,2,A1,100,0.0
0+167,overtopping,slight,漫顶失效,3,B1,100,0.0
0+167,overtopping,slight,漫顶失效,4,B2,100.0,0.0
0+167,overtopping,slight,漫顶失效,5,B4,100.0,0.0
0+168,overtopping,slight,漫顶失效,1,B3,70.0,0.999994
0+168,overtopping,slight,漫顶失效,2,A1,100,0.0
0+168,overtopping,slight,漫顶失效,3,B1,100,0.0
0+168,overtopping,slight,漫顶失效,4,B2,100.0,0.0
0+168,overtopping,slight,漫顶失效,5,B4,100.0,0.0
0+169,overtopping,slight,漫顶失效,1,B3,70.0,0.999994
0+169,overtopping,slight,漫顶失效,2,A1,100,0.0
0+169,overtopping,slight,漫顶失效,3,B1,100,0.0
0+169,overtopping,slight,漫顶失效,4,B2,100.0,0.0
0+169,overtopping,slight,漫顶失效,5,B4,100.0,0.0
0+170,overtopping,slight,漫顶失效,1,B3,70.0,0.999994
0+170,overtopping,slight,漫顶失效,2,A1,100,0.0
0+170,overtopping,slight,漫顶失效,3,B1,100,0.0
0+170,overtopping,slight,漫顶失效,4,B2,100.0,0.0
0+170,overtopping,slight,漫顶失效,5,B4,100.0,0.0
0+171,overtopping,slight,漫顶失效,1,B3,70.0,0.999994
0+171,overtopping,slight,漫顶失效,2,A1,100,0.0
0+171,overtopping,slight,漫顶失效,3,B1,100,0.0
0+171,overtopping,slight,漫顶失效,4,B2,100.0,0.0
0+171,overtopping,slight,漫顶失效,5,B4,100.0,0.0
0+172,overtopping,slight,漫顶失效,1,B3,70.0,0.999994
0+172,overtopping,slight,漫顶失效,2,A1,100,0.0
0+172,overtopping,slight,漫顶失效,3,B1,100,0.0
0+172,overtopping,slight,漫顶失效,4,B2,100.0,0.0
0+172,overtopping,slight,漫顶失效,5,B4,100.0,0.0
0+173,overtopping,slight,漫顶失效,1,B3,70.0,0.999994
0+173,overtopping,slight,漫顶失效,2,A1,100,0.0
0+173,overtopping,slight,漫顶失效,3,B1,100,0.0
0+173,overtopping,slight,漫顶失效,4,B2,100.0,0.0
0+173,overtopping,slight,漫顶失效,5,B4,100.0,0.0
0+174,overtopping,slight,漫顶失效,1,B3,70.0,0.999994
0+174,overtopping,slight,漫顶失效,2,A1,100,0.0
0+174,overtopping,slight,漫顶失效,3,B1,100,0.0
0+174,overtopping,slight,漫顶失效,4,B2,100.0,0.0
0+174,overtopping,slight,漫顶失效,5,B4,100.0,0.0
0+175,overtopping,slight,漫顶失效,1,B3,70.0,0.999994
0+175,overtopping,slight,漫顶失效,2,A1,100,0.0
0+175,overtopping,slight,漫顶失效,3,B1,100,0.0
0+175,overtopping,slight,漫顶失效,4,B2,100.0,0.0
0+175,overtopping,slight,漫顶失效,5,B4,100.0,0.0
0+176,overtopping,moderate,漫顶失效,1,B3,70.0,0.556377
0+176,overtopping,moderate,漫顶失效,2,B1,0,0.443617
0+176,overtopping,moderate,漫顶失效,3,A1,100,0.0
0+176,overtopping,moderate,漫顶失效,4,B2,100.0,0.0
0+176,overtopping,moderate,漫顶失效,5,B4,100.0,0.0
0+177,overtopping,moderate,漫顶失效,1,B3,70.0,0.555005
0+177,overtopping,moderate,漫顶失效,2,B1,0,0.444991
0+177,overtopping,moderate,漫顶失效,3,A1,100,0.0
0+177,overtopping,moderate,漫顶失效,4,B2,100.0,0.0
0+177,overtopping,moderate,漫顶失效,5,B4,100.0,0.0
0+178,overtopping,moderate,漫顶失效,1,B3,70.0,0.591701
0+178,overtopping,moderate,漫顶失效,2,B1,0,0.408295
0+178,overtopping,moderate,漫顶失效,3,A1,100,0.0
0+178,overtopping,moderate,漫顶失效,4,B2,100.0,0.0
0+178,overtopping,moderate,漫顶失效,5,B4,100.0,0.0
0+179,overtopping,moderate,漫顶失效,1,B3,70.0,0.694362
0+179,overtopping,moderate,漫顶失效,2,B1,0,0.305634
0+179,overtopping,moderate,漫顶失效,3,A1,100,0.0
0+179,overtopping,moderate,漫顶失效,4,B2,100.0,0.0
0+179,overtopping,moderate,漫顶失效,5,B4,100.0,0.0
0+180,overtopping,moderate,漫顶失效,1,B3,70.0,0.713753
0+180,overtopping,moderate,漫顶失效,2,B1,0,0.28624
0+180,overtopping,moderate,漫顶失效,3,A1,100,0.0
0+180,overtopping,moderate,漫顶失效,4,B2,100.0,0.0
0+180,overtopping,moderate,漫顶失效,5,B4,100.0,0.0
0+181,overtopping,moderate,漫顶失效,1,B3,70.0,0.653856
0+181,overtopping,moderate,漫顶失效,2,B1,0,0.346139
0+181,overtopping,moderate,漫顶失效,3,A1,100,0.0
0+181,overtopping,moderate,漫顶失效,4,B2,100.0,0.0
0+181,overtopping,moderate,漫顶失效,5,B4,100.0,0.0
0+182,overtopping,moderate,漫顶失效,1,B3,70.0,0.711195
0+182,overtopping,moderate,漫顶失效,2,B1,0,0.288799
0+182,overtopping,moderate,漫顶失效,3,A1,100,0.0
0+182,overtopping,moderate,漫顶失效,4,B2,100.0,0.0
0+182,overtopping,moderate,漫顶失效,5,B4,100.0,0.0
0+183,overtopping,moderate,漫顶失效,1,B3,70.0,0.720152
0+183,overtopping,moderate,漫顶失效,2,B1,0,0.279843
0+183,overtopping,moderate,漫顶失效,3,A1,100,0.0
0+183,overtopping,moderate,漫顶失效,4,B2,100.0,0.0
0+183,overtopping,moderate,漫顶失效,5,B4,100.0,0.0
0+184,overtopping,moderate,漫顶失效,1,B3,70.0,0.624216
0+184,overtopping,moderate,漫顶失效,2,B1,0,0.375782
0+184,overtopping,moderate,漫顶失效,3,A1,100,0.0
0+184,overtopping,moderate,漫顶失效,4,B2,100.0,0.0
0+184,overtopping,moderate,漫顶失效,5,B4,100.0,0.0
0+185,overtopping,moderate,漫顶失效,1,B3,70.0,0.68464
0+185,overtopping,moderate,漫顶失效,2,B1,0,0.315359
0+185,overtopping,moderate,漫顶失效,3,A1,100,0.0
0+185,overtopping,moderate,漫顶失效,4,B2,100.0,0.0
0+185,overtopping,moderate,漫顶失效,5,B4,100.0,0.0
0+186,overtopping,moderate,漫顶失效,1,B3,70.0,0.691799
0+186,overtopping,moderate,漫顶失效,2,B1,0,0.308195
0+186,overtopping,moderate,漫顶失效,3,A1,100,0.0
0+186,overtopping,moderate,漫顶失效,4,B2,100.0,0.0
0+186,overtopping,moderate,漫顶失效,5,B4,100.0,0.0
0+187,overtopping,moderate,漫顶失效,1,B3,70.0,0.726354
0+187,overtopping,moderate,漫顶失效,2,B1,0,0.273645
0+187,overtopping,moderate,漫顶失效,3,A1,100,0.0
0+187,overtopping,moderate,漫顶失效,4,B2,100.0,0.0
0+187,overtopping,moderate,漫顶失效,5,B4,100.0,0.0
0+188,overtopping,moderate,漫顶失效,1,B3,70.0,0.551286
0+188,overtopping,moderate,漫顶失效,2,B1,0,0.44871
0+188,overtopping,moderate,漫顶失效,3,A1,100,0.0
0+188,overtopping,moderate,漫顶失效,4,B2,100.0,0.0
0+188,overtopping,moderate,漫顶失效,5,B4,100.0,0.0
0+189,overtopping,moderate,漫顶失效,1,B3,70.0,0.587477
0+189,overtopping,moderate,漫顶失效,2,B1,0,0.41252
0+189,overtopping,moderate,漫顶失效,3,A1,100,0.0
0+189,overtopping,moderate,漫顶失效,4,B2,100.0,0.0
0+189,overtopping,moderate,漫顶失效,5,B4,100.0,0.0
0+190,overtopping,moderate,漫顶失效,1,B3,70.0,0.631342
0+190,overtopping,moderate,漫顶失效,2,B1,0,0.368657
0+190,overtopping,moderate,漫顶失效,3,A1,100,0.0
0+190,overtopping,moderate,漫顶失效,4,B2,100.0,0.0
0+190,overtopping,moderate,漫顶失效,5,B4,100.0,0.0
0+191,overtopping,moderate,漫顶失效,1,B3,70.0,0.693078
0+191,overtopping,moderate,漫顶失效,2,B1,0,0.306917
0+191,overtopping,moderate,漫顶失效,3,A1,100,0.0
0+191,overtopping,moderate,漫顶失效,4,B2,100.0,0.0
0+191,overtopping,moderate,漫顶失效,5,B4,100.0,0.0
0+192,overtopping,moderate,漫顶失效,1,B3,70.0,0.583111
0+192,overtopping,moderate,漫顶失效,2,B1,0,0.416888
0+192,overtopping,moderate,漫顶失效,3,A1,100,0.0
0+192,overtopping,moderate,漫顶失效,4,B2,100.0,0.0
0+192,overtopping,moderate,漫顶失效,5,B4,100.0,0.0
0+193,overtopping,moderate,漫顶失效,1,B3,70.0,0.693934
0+193,overtopping,moderate,漫顶失效,2,B1,0,0.306059
0+193,overtopping,moderate,漫顶失效,3,A1,100,0.0
0+193,overtopping,moderate,漫顶失效,4,B2,100.0,0.0
0+193,overtopping,moderate,漫顶失效,5,B4,100.0,0.0
0+194,overtopping,moderate,漫顶失效,1,B3,70.0,0.737307
0+194,overtopping,moderate,漫顶失效,2,B1,0,0.262689
0+194,overtopping,moderate,漫顶失效,3,A1,100,0.0
0+194,overtopping,moderate,漫顶失效,4,B2,100.0,0.0
0+194,overtopping,moderate,漫顶失效,5,B4,100.0,0.0
0+195,overtopping,moderate,漫顶失效,1,B3,70.0,0.559236
0+195,overtopping,moderate,漫顶失效,2,B1,0,0.44076
0+195,overtopping,moderate,漫顶失效,3,A1,100,0.0
0+195,overtopping,moderate,漫顶失效,4,B2,100.0,0.0
0+195,overtopping,moderate,漫顶失效,5,B4,100.0,0.0
0+196,overtopping,moderate,漫顶失效,1,B3,70.0,0.706874
0+196,overtopping,moderate,漫顶失效,2,B1,0,0.293118
0+196,overtopping,moderate,漫顶失效,3,A1,100,0.0
0+196,overtopping,moderate,漫顶失效,4,B2,100.0,0.0
0+196,overtopping,moderate,漫顶失效,5,B4,100.0,0.0
0+197,overtopping,moderate,漫顶失效,1,B3,70.0,0.570008
0+197,overtopping,moderate,漫顶失效,2,B1,0,0.429991
0+197,overtopping,moderate,漫顶失效,3,A1,100,0.0
0+197,overtopping,moderate,漫顶失效,4,B2,100.0,0.0
0+197,overtopping,moderate,漫顶失效,5,B4,100.0,0.0
0+198,overtopping,moderate,漫顶失效,1,B3,70.0,0.626884
0+198,overtopping,moderate,漫顶失效,2,B1,0,0.373111
0+198,overtopping,moderate,漫顶失效,3,A1,100,0.0
0+198,overtopping,moderate,漫顶失效,4,B2,100.0,0.0
0+198,overtopping,moderate,漫顶失效,5,B4,100.0,0.0
0+199,overtopping,moderate,漫顶失效,1,B3,70.0,0.636463
0+199,overtopping,moderate,漫顶失效,2,B1,0,0.363534
0+199,overtopping,moderate,漫顶失效,3,A1,100,0.0
0+199,overtopping,moderate,漫顶失效,4,B2,100.0,0.0
0+199,overtopping,moderate,漫顶失效,5,B4,100.0,0.0
0+200,overtopping,moderate,漫顶失效,1,B3,70.0,0.703484
0+200,overtopping,moderate,漫顶失效,2,B1,0,0.296512
0+200,overtopping,moderate,漫顶失效,3,A1,100,0.0
0+200,overtopping,moderate,漫顶失效,4,B2,100.0,0.0
0+200,overtopping,moderate,漫顶失效,5,B4,100.0,0.0
0+201,overtopping,severe,漫顶失效,1,B3,0.0,0.481392
0+201,overtopping,severe,漫顶失效,2,B1,0,0.395528
0+201,overtopping,severe,漫顶失效,3,A1,0,0.123079
0+201,overtopping,severe,漫顶失效,4,B2,100.0,0.0
0+201,overtopping,severe,漫顶失效,5,B4,100.0,0.0
0+202,overtopping,severe,漫顶失效,1,B3,0.0,0.487485
0+202,overtopping,severe,漫顶失效,2,B1,0,0.387877
0+202,overtopping,severe,漫顶失效,3,A1,0,0.124637
0+202,overtopping,severe,漫顶失效,4,B2,100.0,0.0
0+202,overtopping,severe,漫顶失效,5,B4,100.0,0.0
0+203,overtopping,severe,漫顶失效,1,B3,0.0,0.477387
0+203,overtopping,severe,漫顶失效,2,B1,0,0.400558
0+203,overtopping,severe,漫顶失效,3,A1,0,0.122055
0+203,overtopping,severe,漫顶失效,4,B2,100.0,0.0
0+203,overtopping,severe,漫顶失效,5,B4,100.0,0.0
0+204,overtopping,severe,漫顶失效,1,B3,0.0,0.479606
0+204,overtopping,severe,漫顶失效,2,B1,0,0.397771
0+204,overtopping,severe,漫顶失效,3,A1,0,0.122623
0+204,overtopping,severe,漫顶失效,4,B2,100.0,0.0
0+204,overtopping,severe,漫顶失效,5,B4,100.0,0.0
0+205,overtopping,severe,漫顶失效,1,B3,0.0,0.490547
0+205,overtopping,severe,漫顶失效,2,B1,0,0.384033
0+205,overtopping,severe,漫顶失效,3,A1,0,0.12542
0+205,overtopping,severe,漫顶失效,4,B2,100.0,0.0
0+205,overtopping,severe,漫顶失效,5,B4,100.0,0.0
0+206,overtopping,severe,漫顶失效,1,B3,0.0,0.478606
0+206,overtopping,severe,漫顶失效,2,B1,0,0.399028
0+206,overtopping,severe,漫顶失效,3,A1,0,0.122367
0+206,overtopping,severe,漫顶失效,4,B2,100.0,0.0
0+206,overtopping,severe,漫顶失效,5,B4,100.0,0.0
0+207,overtopping,severe,漫顶失效,1,B3,0.0,0.49517
0+207,overtopping,severe,漫顶失效,2,B1,0,0.378229
0+207,overtopping,severe,漫顶失效,3,A1,0,0.126602
0+207,overtopping,severe,漫顶失效,4,B2,100.0,0.0
0+207,overtopping,severe,漫顶失效,5,B4,100.0,0.0
0+208,overtopping,severe,漫顶失效,1,B3,0.0,0.481474
0+208,overtopping,severe,漫顶失效,2,B1,0,0.395425
0+208,overtopping,severe,漫顶失效,3,A1,0,0.123101
0+208,overtopping,severe,漫顶失效,4,B2,100.0,0.0
0+208,overtopping,severe,漫顶失效,5,B4,100.0,0.0
0+209,overtopping,severe,漫顶失效,1,B3,0.0,0.48061
0+209,overtopping,severe,漫顶失效,2,B1,0,0.396511
0+209,overtopping,severe,漫顶失效,3,A1,0,0.12288
0+209,overtopping,severe,漫顶失效,4,B2,100.0,0.0
0+209,overtopping,severe,漫顶失效,5,B4,100.0,0.0
0+210,overtopping,severe,漫顶失效,1,B3,0.0,0.474486
0+210,overtopping,severe,漫顶失效,2,B1,0,0.404199
0+210,overtopping,severe,漫顶失效,3,A1,0,0.121314
0+210,overtopping,severe,漫顶失效,4,B2,100.0,0.0
0+210,overtopping,severe,漫顶失效,5,B4,100.0,0.0
0+211,overtopping,severe,漫顶失效,1,B3,0.0,0.483753
0+211,overtopping,severe,漫顶失效,2,B1,0,0.392565
0+211,overtopping,severe,漫顶失效,3,A1,0,0.123683
0+211,overtopping,severe,漫顶失效,4,B2,100.0,0.0
0+211,overtopping,severe,漫顶失效,5,B4,100.0,0.0
0+212,overtopping,severe,漫顶失效,1,B3,0.0,0.503213
0+212,overtopping,severe,漫顶失效,2,B1,0,0.368129
0+212,overtopping,severe,漫顶失效,3,A1,0,0.128658
0+212,overtopping,severe,漫顶失效,4,B2,100.0,0.0
0+212,overtopping,severe,漫顶失效,5,B4,100.0,0.0
0+213,overtopping,severe,漫顶失效,1,B3,0.0,0.502538
0+213,overtopping,severe,漫顶失效,2,B1,0,0.368977
0+213,overtopping,severe,漫顶失效,3,A1,0,0.128486
0+213,overtopping,severe,漫顶失效,4,B2,100.0,0.0
0+213,overtopping,severe,漫顶失效,5,B4,100.0,0.0
0+214,overtopping,severe,漫顶失效,1,B3,0.0,0.500325
0+214,overtopping,severe,漫顶失效,2,B1,0,0.371755
0+214,overtopping,severe,漫顶失效,3,A1,0,0.12792
0+214,overtopping,severe,漫顶失效,4,B2,100.0,0.0
0+214,overtopping,severe,漫顶失效,5,B4,100.0,0.0
0+215,overtopping,severe,漫顶失效,1,B3,0.0,0.495148
0+215,overtopping,severe,漫顶失效,2,B1,0,0.378256
0+215,overtopping,severe,漫顶失效,3,A1,0,0.126596
0+215,overtopping,severe,漫顶失效,4,B2,100.0,0.0
0+215,overtopping,severe,漫顶失效,5,B4,100.0,0.0
0+216,overtopping,severe,漫顶失效,1,B3,0.0,0.493605
0+216,overtopping,severe,漫顶失效,2,B1,0,0.380194
0+216,overtopping,severe,漫顶失效,3,A1,0,0.126202
0+216,overtopping,severe,漫顶失效,4,B2,100.0,0.0
0+216,overtopping,severe,漫顶失效,5,B4,100.0,0.0
0+217,overtopping,severe,漫顶失效,1,B3,0.0,0.501529
0+217,overtopping,severe,漫顶失效,2,B1,0,0.370242
0+217,overtopping,severe,漫顶失效,3,A1,0,0.128228
0+217,overtopping,severe,漫顶失效,4,B2,100.0,0.0
0+217,overtopping,severe,漫顶失效,5,B4,100.0,0.0
0+218,overtopping,severe,漫顶失效,1,B3,0.0,0.477346
0+218,overtopping,severe,漫顶失效,2,B1,0,0.400609
0+218,overtopping,severe,漫顶失效,3,A1,0,0.122045
0+218,overtopping,severe,漫顶失效,4,B2,100.0,0.0
0+218,overtopping,severe,漫顶失效,5,B4,100.0,0.0
0+219,overtopping,severe,漫顶失效,1,B3,0.0,0.482963
0+219,overtopping,severe,漫顶失效,2,B1,0,0.393555
0+219,overtopping,severe,漫顶失效,3,A1,0,0.123481
0+219,overtopping,severe,漫顶失效,4,B2,100.0,0.0
0+219,overtopping,severe,漫顶失效,5,B4,100.0,0.0
0+220,overtopping,severe,漫顶失效,1,B3,0.0,0.474486
0+220,overtopping,severe,漫顶失效,2,B1,0,0.404199
0+220,overtopping,severe,漫顶失效,3,A1,0,0.121314
0+220,overtopping,severe,漫顶失效,4,B2,100.0,0.0
0+220,overtopping,severe,漫顶失效,5,B4,100.0,0.0
0+221,overtopping,severe,漫顶失效,1,B3,0.0,0.493583
0+221,overtopping,severe,漫顶失效,2,B1,0,0.38022
0+221,overtopping,severe,漫顶失效,3,A1,0,0.126196
0+221,overtopping,severe,漫顶失效,4,B2,100.0,0.0
0+221,overtopping,severe,漫顶失效,5,B4,100.0,0.0
0+222,overtopping,severe,漫顶失效,1,B3,0.0,0.480733
0+222,overtopping,severe,漫顶失效,2,B1,0,0.396356
0+222,overtopping,severe,漫顶失效,3,A1,0,0.122911
0+222,overtopping,severe,漫顶失效,4,B2,100.0,0.0
0+222,overtopping,severe,漫顶失效,5,B4,100.0,0.0
0+223,overtopping,severe,漫顶失效,1,B3,0.0,0.49517
0+223,overtopping,severe,漫顶失效,2,B1,0,0.378229
0+223,overtopping,severe,漫顶失效,3,A1,0,0.126602
0+223,overtopping,severe,漫顶失效,4,B2,100.0,0.0
0+223,overtopping,severe,漫顶失效,5,B4,100.0,0.0
0+224,overtopping,severe,漫顶失效,1,B3,0.0,0.490397
0+224,overtopping,severe,漫顶失效,2,B1,0,0.38422
0+224,overtopping,severe,漫顶失效,3,A1,0,0.125382
0+224,overtopping,severe,漫顶失效,4,B2,100.0,0.0
0+224,overtopping,severe,漫顶失效,5,B4,100.0,0.0
0+225,overtopping,severe,漫顶失效,1,B3,0.0,0.480713
0+225,overtopping,severe,漫顶失效,2,B1,0,0.396381
0+225,overtopping,severe,漫顶失效,3,A1,0,0.122906
0+225,overtopping,severe,漫顶失效,4,B2,100.0,0.0
0+225,overtopping,severe,漫顶失效,5,B4,100.0,0.0
0+226,overtopping,critical,漫顶失效,1,B1,0,0.562097
0+226,overtopping,critical,漫顶失效,2,B3,0.0,0.34874
0+226,overtopping,critical,漫顶失效,3,A1,0,0.089164
0+226,overtopping,critical,漫顶失效,4,B2,100.0,0.0
0+226,overtopping,critical,漫顶失效,5,B4,100.0,0.0
0+227,overtopping,critical,漫顶失效,1,B1,0,0.560186
0+227,overtopping,critical,漫顶失效,2,B3,0.0,0.350261
0+227,overtopping,critical,漫顶失效,3,A1,0,0.089553
0+227,overtopping,critical,漫顶失效,4,B2,100.0,0.0
0+227,overtopping,critical,漫顶失效,5,B4,100.0,0.0
0+228,overtopping,critical,漫顶失效,1,B1,0,0.549696
0+228,overtopping,critical,漫顶失效,2,B3,0.0,0.358615
0+228,overtopping,critical,漫顶失效,3,A1,0,0.091689
0+228,overtopping,critical,漫顶失效,4,B2,100.0,0.0
0+228,overtopping,critical,漫顶失效,5,B4,100.0,0.0
0+229,overtopping,critical,漫顶失效,1,B1,0,0.570657
0+229,overtopping,critical,漫顶失效,2,B3,0.0,0.341922
0+229,overtopping,critical,漫顶失效,3,A1,0,0.087421
0+229,overtopping,critical,漫顶失效,4,B2,100.0,0.0
0+229,overtopping,critical,漫顶失效,5,B4,100.0,0.0
0+230,overtopping,critical,漫顶失效,1,B1,0,0.559583
0+230,overtopping,critical,漫顶失效,2,B3,0.0,0.350741
0+230,overtopping,critical,漫顶失效,3,A1,0,0.089675
0+230,overtopping,critical,漫顶失效,4,B2,100.0,0.0
0+230,overtopping,critical,漫顶失效,5,B4,100.0,0.0
0+231,overtopping,critical,漫顶失效,1,B1,0,0.562355
0+231,overtopping,critical,漫顶失效,2,B3,0.0,0.348535
0+231,overtopping,critical,漫顶失效,3,A1,0,0.089111
0+231,overtopping,critical,漫顶失效,4,B2,100.0,0.0
0+231,overtopping,critical,漫顶失效,5,B4,100.0,0.0
0+232,overtopping,critical,漫顶失效,1,B1,0,0.565919
0+232,overtopping,critical,漫顶失效,2,B3,0.0,0.345695
0+232,overtopping,critical,漫顶失效,3,A1,0,0.088385
0+232,overtopping,critical,漫顶失效,4,B2,100.0,0.0
0+232,overtopping,critical,漫顶失效,5,B4,100.0,0.0
0+233,overtopping,critical,漫顶失效,1,B1,0,0.554793
0+233,overtopping,critical,漫顶失效,2,B3,0.0,0.354556
0+233,overtopping,critical,漫顶失效,3,A1,0,0.090651
0+233,overtopping,critical,漫顶失效,4,B2,100.0,0.0
0+233,overtopping,critical,漫顶失效,5,B4,100.0,0.0
0+234,overtopping,critical,漫顶失效,1,B1,0,0.558675
0+234,overtopping,critical,漫顶失效,2,B3,0.0,0.351465
0+234,overtopping,critical,漫顶失效,3,A1,0,0.08986
0+234,overtopping,critical,漫顶失效,4,B2,100.0,0.0
0+234,overtopping,critical,漫顶失效,5,B4,100.0,0.0
0+235,overtopping,critical,漫顶失效,1,B1,0,0.568902
0+235,overtopping,critical,漫顶失效,2,B3,0.0,0.343321
0+235,overtopping,critical,漫顶失效,3,A1,0,0.087778
0+235,overtopping,critical,漫顶失效,4,B2,100.0,0.0
0+235,overtopping,critical,漫顶失效,5,B4,100.0,0.0
0+236,overtopping,critical,漫顶失效,1,B1,0,0.560747
0+236,overtopping,critical,漫顶失效,2,B3,0.0,0.349814
0+236,overtopping,critical,漫顶失效,3,A1,0,0.089438
0+236,overtopping,critical,漫顶失效,4,B2,100.0,0.0
0+236,overtopping,critical,漫顶失效,5,B4,100.0,0.0
0+237,overtopping,critical,漫顶失效,1,B1,0,0.561811
0+237,overtopping,critical,漫顶失效,2,B3,0.0,0.348967
0+237,overtopping,critical,漫顶失效,3,A1,0,0.089222
0+237,overtopping,critical,漫顶失效,4,B2,100.0,0.0
0+237,overtopping,critical,漫顶失效,5,B4,100.0,0.0
0+238,overtopping,critical,漫顶失效,1,B1,0,0.562991
0+238,overtopping,critical,漫顶失效,2,B3,0.0,0.348028
0+238,overtopping,critical,漫顶失效,3,A1,0,0.088982
0+238,overtopping,critical,漫顶失效,4,B2,100.0,0.0
0+238,overtopping,critical,漫顶失效,5,B4,100.0,0.0
0+239,overtopping,critical,漫顶失效,1,B1,0,0.565104
0+239,overtopping,critical,漫顶失效,2,B3,0.0,0.346345
0+239,overtopping,critical,漫顶失效,3,A1,0,0.088551
0+239,overtopping,critical,漫顶失效,4,B2,100.0,0.0
0+239,overtopping,critical,漫顶失效,5,B4,100.0,0.0
0+240,overtopping,critical,漫顶失效,1,B1,0,0.560939
0+240,overtopping,critical,漫顶失效,2,B3,0.0,0.349662
0+240,overtopping,critical,漫顶失效,3,A1,0,0.089399
0+240,overtopping,critical,漫顶失效,4,B2,100.0,0.0
0+240,overtopping,critical,漫顶失效,5,B4,100.0,0.0
0+241,overtopping,critical,漫顶失效,1,B1,0,0.564595
0+241,overtopping,critical,漫顶失效,2,B3,0.0,0.346751
0+241,overtopping,critical,漫顶失效,3,A1,0,0.088655
0+241,overtopping,critical,漫顶失效,4,B2,100.0,0.0
0+241,overtopping,critical,漫顶失效,5,B4,100.0,0.0
0+242,overtopping,critical,漫顶失效,1,B1,0,0.565892
0+242,overtopping,critical,漫顶失效,2,B3,0.0,0.345717
0+242,overtopping,critical,漫顶失效,3,A1,0,0.088391
0+242,overtopping,critical,漫顶失效,4,B2,100.0,0.0
0+242,overtopping,critical,漫顶失效,5,B4,100.0,0.0
0+243,overtopping,critical,漫顶失效,1,B1,0,0.553921
0+243,overtopping,critical,漫顶失效,2,B3,0.0,0.355251
0+243,overtopping,critical,漫顶失效,3,A1,0,0.090828
0+243,overtopping,critical,漫顶失效,4,B2,100.0,0.0
0+243,overtopping,critical,漫顶失效,5,B4,100.0,0.0
0+244,overtopping,critical,漫顶失效,1,B1,0,0.561838
0+244,overtopping,critical,漫顶失效,2,B3,0.0,0.348945
0+244,overtopping,critical,漫顶失效,3,A1,0,0.089216
0+244,overtopping,critical,漫顶失效,4,B2,100.0,0.0
0+244,overtopping,critical,漫顶失效,5,B4,100.0,0.0
0+245,overtopping,critical,漫顶失效,1,B1,0,0.550269
0+245,overtopping,critical,漫顶失效,2,B3,0.0,0.358158
0+245,overtopping,critical,漫顶失效,3,A1,0,0.091572
0+245,overtopping,critical,漫顶失效,4,B2,100.0,0.0
0+245,overtopping,critical,漫顶失效,5,B4,100.0,0.0
0+246,overtopping,critical,漫顶失效,1,B1,0,0.555158
0+246,overtopping,critical,漫顶失效,2,B3,0.0,0.354266
0+246,overtopping,critical,漫顶失效,3,A1,0,0.090577
0+246,overtopping,critical,漫顶失效,4,B2,100.0,0.0
0+246,overtopping,critical,漫顶失效,5,B4,100.0,0.0
0+247,overtopping,critical,漫顶失效,1,B1,0,0.567237
0+247,overtopping,critical,漫顶失效,2,B3,0.0,0.344647
0+247,overtopping,critical,漫顶失效,3,A1,0,0.088117
0+247,overtopping,critical,漫顶失效,4,B2,100.0,0.0
0+247,overtopping,critical,漫顶失效,5,B4,100.0,0.0
0+248,overtopping,critical,漫顶失效,1,B1,0,0.55873
0+248,overtopping,critical,漫顶失效,2,B3,0.0,0.351421
0+248,overtopping,critical,漫顶失效,3,A1,0,0.089849
0+248,overtopping,critical,漫顶失效,4,B2,100.0,0.0
0+248,overtopping,critical,漫顶失效,5,B4,100.0,0.0
0+249,overtopping,critical,漫顶失效,1,B1,0,0.565826
0+249,overtopping,critical,漫顶失效,2,B3,0.0,0.34577
0+249,overtopping,critical,漫顶失效,3,A1,0,0.088404
0+249,overtopping,critical,漫顶失效,4,B2,100.0,0.0
0+249,overtopping,critical,漫顶失效,5,B4,100.0,0.0
0+250,overtopping,critical,漫顶失效,1,B1,0,0.56372
0+250,overtopping,critical,漫顶失效,2,B3,0.0,0.347447
0+250,overtopping,critical,漫顶失效,3,A1,0,0.088833
0+250,overtopping,critical,漫顶失效,4,B2,100.0,0.0
0+250,overtopping,critical,漫顶失效,5,B4,100.0,0.0
0+251,seepage,safe,渗流破坏,1,C1,88.2924,0.399298
0+251,seepage,safe,渗流破坏,2,C5,89.7988,0.372727
0+251,seepage,safe,渗流破坏,3,C4,90.3889,0.227975
0+251,seepage,safe,渗流破坏,4,A2,100,0.0
0+251,seepage,safe,渗流破坏,5,A5,100,0.0
0+252,seepage,safe,渗流破坏,1,C1,87.1814,0.413796
0+252,seepage,safe,渗流破坏,2,C5,89.9234,0.366878
0+252,seepage,safe,渗流破坏,3,C4,90.9304,0.219331
0+252,seepage,safe,渗流破坏,4,A2,100,0.0
0+252,seepage,safe,渗流破坏,5,A5,100,0.0
0+253,seepage,safe,渗流破坏,1,C5,88.475,0.393931
0+253,seepage,safe,渗流破坏,2,C1,88.6075,0.39166
0+253,seepage,safe,渗流破坏,3,C4,91.402,0.214409
0+253,seepage,safe,渗流破坏,4,A2,100,0.0
0+253,seepage,safe,渗流破坏,5,A5,100,0.0
0+254,seepage,safe,渗流破坏,1,C1,87.2919,0.408326
0+254,seepage,safe,渗流破坏,2,C5,88.9663,0.380476
0+254,seepage,safe,渗流破坏,3,C4,91.4382,0.211197
0+254,seepage,safe,渗流破坏,4,A2,100,0.0
0+254,seepage,safe,渗流破坏,5,A5,100,0.0
0+255,seepage,safe,渗流破坏,1,C1,87.1371,0.407789
0+255,seepage,safe,渗流破坏,2,C5,88.8359,0.379907
0+255,seepage,safe,渗流破坏,3,C4,91.2197,0.212302
0+255,seepage,safe,渗流破坏,4,A2,100,0.0
0+255,seepage,safe,渗流破坏,5,A5,100,0.0
0+256,seepage,safe,渗流破坏,1,C1,88.0443,0.401368
0+256,seepage,safe,渗流破坏,2,C5,89.3126,0.379481
0+256,seepage,safe,渗流破坏,3,C4,91.0233,0.219156
0+256,seepage,safe,渗流破坏,4,A2,100,0.0
0+256,seepage,safe,渗流破坏,5,A5,100,0.0
0+257,seepage,safe,渗流破坏,1,C1,88.7945,0.390731
0+257,seepage,safe,渗流破坏,2,C5,89.1707,0.384116
0+257,seepage,safe,渗流破坏,3,C4,90.6301,0.225148
0+257,seepage,safe,渗流破坏,4,A2,100,0.0
0+257,seepage,safe,渗流破坏,5,A5,100,0.0
0+258,seepage,safe,渗流破坏,1,C1,87.431,0.397834
0+258,seepage,safe,渗流破坏,2,C5,88.447,0.381416
0+258,seepage,safe,渗流破坏,3,C4,90.2543,0.220751
0+258,seepage,safe,渗流破坏,4,A2,100,0.0
0+258,seepage,safe,渗流破坏,5,A5,100,0.0
0+259,seepage,safe,渗流破坏,1,C1,87.3065,0.40265
0+259,seepage,safe,渗流破坏,2,C5,88.1722,0.388678
0+259,seepage,safe,渗流破坏,3,C4,91.414,0.208674
0+259,seepage,safe,渗流破坏,4,A2,100,0.0
0+259,seepage,safe,渗流破坏,5,A5,100,0.0
0+260,seepage,safe,渗流破坏,1,C5,87.9014,0.399359
0+260,seepage,safe,渗流破坏,2,C1,88.6908,0.386112
0+260,seepage,safe,渗流破坏,3,C4,91.2075,0.214531
0+260,seepage,safe,渗流破坏,4,A2,100,0.0
0+260,seepage,safe,渗流破坏,5,A5,100,0.0
0+261,seepage,safe,渗流破坏,1,C1,86.6598,0.407983
0+261,seepage,safe,渗流破坏,2,C5,87.9515,0.387725
0+261,seepage,safe,渗流破坏,3,C4,91.5763,0.204291
0+261,seepage,safe,渗流破坏,4,A2,100,0.0
0+261,seepage,safe,渗流破坏,5,A5,100,0.0
0+262,seepage,safe,渗流破坏,1,C1,87.1297,0.411009
0+262,seepage,safe,渗流破坏,2,C5,89.4135,0.372767
0+262,seepage,safe,渗流破坏,3,C4,91.0294,0.216228
0+262,seepage,safe,渗流破坏,4,A2,100,0.0
0+262,seepage,safe,渗流破坏,5,A5,100,0.0
0+263,seepage,safe,渗流破坏,1,C1,86.9145,0.410155
0+263,seepage,safe,渗流破坏,2,C5,89.2857,0.37114
0+263,seepage,safe,渗流破坏,3,C4,90.6301,0.218704
0+263,seepage,safe,渗流破坏,4,A2,100,0.0
0+263,seepage,safe,渗流破坏,5,A5,100,0.0
0+264,seepage,safe,渗流破坏,1,C1,86.8323,0.414391
0+264,seepage,safe,渗流破坏,2,C5,89.6402,0.367561
0+264,seepage,safe,渗流破坏,3,C4,90.8184,0.218046
0+264,seepage,safe,渗流破坏,4,A2,100,0.0
0+264,seepage,safe,渗流破坏,5,A5,100,0.0
0+265,seepage,safe,渗流破坏,1,C1,87.1888,0.401641
0+265,seepage,safe,渗流破坏,2,C5,88.3769,0.382564
0+265,seepage,safe,渗流破坏,3,C4,90.6868,0.215792
0+265,seepage,safe,渗流破坏,4,A2,100,0.0
0+265,seepage,safe,渗流破坏,5,A5,100,0.0
0+266,seepage,safe,渗流破坏,1,C1,87.8655,0.405444
0+266,seepage,safe,渗流破坏,2,C5,89.5671,0.375947
0+266,seepage,safe,渗流破坏,3,C4,91.1156,0.218612
0+266,seepage,safe,渗流破坏,4,A2,100,0.0
0+266,seepage,safe,渗流破坏,5,A5,100,0.0
0+267,seepage,safe,渗流破坏,1,C1,87.6927,0.406316
0+267,seepage,safe,渗流破坏,2,C5,89.4737,0.375771
0+267,seepage,safe,渗流破坏,3,C4,91.0849,0.217913
0+267,seepage,safe,渗流破坏,4,A2,100,0.0
0+267,seepage,safe,渗流破坏,5,A5,100,0.0
0+268,seepage,safe,渗流破坏,1,C1,87.0927,0.407683
0+268,seepage,safe,渗流破坏,2,C5,88.3698,0.386991
0+268,seepage,safe,渗流破坏,3,C4,91.7547,0.205326
0+268,seepage,safe,渗流破坏,4,A2,100,0.0
0+268,seepage,safe,渗流破坏,5,A5,100,0.0
0+269,seepage,safe,渗流破坏,1,C1,87.6927,0.405806
0+269,seepage,safe,渗流破坏,2,C5,89.8382,0.368744
0+269,seepage,safe,渗流破坏,3,C4,90.4335,0.225449
0+269,seepage,safe,渗流破坏,4,A2,100,0.0
0+269,seepage,safe,渗流破坏,5,A5,100,0.0
0+270,seepage,safe,渗流破坏,1,C1,87.4894,0.398566
0+270,seepage,safe,渗流破坏,2,C5,87.9944,0.390441
0+270,seepage,safe,渗流破坏,3,C4,91.1708,0.210993
0+270,seepage,safe,渗流破坏,4,A2,100,0.0
0+270,seepage,safe,渗流破坏,5,A5,100,0.0
0+271,seepage,safe,渗流破坏,1,C1,87.4967,0.408215
0+271,seepage,safe,渗流破坏,2,C5,89.607,0.372175
0+271,seepage,safe,渗流破坏,3,C4,90.8869,0.219611
0+271,seepage,safe,渗流破坏,4,A2,100,0.0
0+271,seepage,safe,渗流破坏,5,A5,100,0.0
0+272,seepage,safe,渗流破坏,1,C1,88.0728,0.39864
0+272,seepage,safe,渗流破坏,2,C5,89.1028,0.38104
0+272,seepage,safe,渗流破坏,3,C4,90.8246,0.220323
0+272,seepage,safe,渗流破坏,4,A2,100,0.0
0+272,seepage,safe,渗流破坏,5,A5,100,0.0
0+273,seepage,safe,渗流破坏,1,C1,87.5186,0.404254
0+273,seepage,safe,渗流破坏,2,C5,88.6839,0.384918
0+273,seepage,safe,渗流破坏,3,C4,91.4502,0.210833
0+273,seepage,safe,渗流破坏,4,A2,100,0.0
0+273,seepage,safe,渗流破坏,5,A5,100,0.0
0+274,seepage,safe,渗流破坏,1,C1,88.3065,0.396089
0+274,seepage,safe,渗流破坏,2,C5,89.1707,0.381167
0+274,seepage,safe,渗流破坏,3,C4,90.6868,0.222745
0+274,seepage,safe,渗流破坏,4,A2,100,0.0
0+274,seepage,safe,渗流破坏,5,A5,100,0.0
0+275,seepage,safe,渗流破坏,1,C5,88.3979,0.38957
0+275,seepage,safe,渗流破坏,2,C1,88.5239,0.387448
0+275,seepage,safe,渗流破坏,3,C4,90.4272,0.222987
0+275,seepage,safe,渗流破坏,4,A2,100,0.0
0+275,seepage,safe,渗流破坏,5,A5,100,0.0
0+276,seepage,slight,渗流破坏,1,C1,70.2268,0.372112
0+276,seepage,slight,渗流破坏,2,C5,72.4763,0.35778
0+276,seepage,slight,渗流破坏,3,C4,77.0077,0.206059
0+276,seepage,slight,渗流破坏,4,C2,70.0,0.04419
0+276,seepage,slight,渗流破坏,5,C3,80.0,0.019859
0+277,seepage,slight,渗流破坏,1,C1,70.4176,0.370222
0+277,seepage,slight,渗流破坏,2,C5,71.802,0.361456
0+277,seepage,slight,渗流破坏,3,C4,77.2933,0.20439
0+277,seepage,slight,渗流破坏,4,C2,70.0,0.044107
0+277,seepage,slight,渗流破坏,5,C3,80.0,0.019822
0+278,seepage,slight,渗流破坏,1,C1,68.8047,0.378348
0+278,seepage,slight,渗流破坏,2,C5,71.7034,0.360342
0+278,seepage,slight,渗流破坏,3,C4,78.5519,0.197687
0+278,seepage,slight,渗流破坏,4,C2,70.0,0.043894
0+278,seepage,slight,渗流破坏,5,C3,80.0,0.019727
0+279,seepage,slight,渗流破坏,1,C1,70.4848,0.37581
0+279,seepage,slight,渗流破坏,2,C5,74.053,0.352361
0+279,seepage,slight,渗流破坏,3,C4,77.4795,0.206858
0+279,seepage,slight,渗流破坏,4,C2,70.0,0.044824
0+279,seepage,slight,渗流破坏,5,C3,80.0,0.020144
0+280,seepage,slight,渗流破坏,1,C1,71.1748,0.366466
0+280,seepage,slight,渗流破坏,2,C5,71.8894,0.361896
0+280,seepage,slight,渗流破坏,3,C4,76.7203,0.207527
0+280,seepage,slight,渗流破坏,4,C2,70.0,0.044229
0+280,seepage,slight,渗流破坏,5,C3,80.0,0.019877
0+281,seepage,slight,渗流破坏,1,C1,68.1104,0.385768
0+281,seepage,slight,渗流破坏,2,C5,74.1998,0.346987
0+281,seepage,slight,渗流破坏,3,C4,77.7428,0.203083
0+281,seepage,slight,渗流破坏,4,C2,70.0,0.044265
0+281,seepage,slight,渗流破坏,5,C3,80.0,0.019893
0+282,seepage,slight,渗流破坏,1,C1,69.4687,0.379161
0+282,seepage,slight,渗流破坏,2,C5,72.3789,0.360638
0+282,seepage,slight,渗流破坏,3,C4,79.5049,0.195755
0+282,seepage,slight,渗流破坏,4,C2,70.0,0.044464
0+282,seepage,slight,渗流破坏,5,C3,80.0,0.019983
0+283,seepage,slight,渗流破坏,1,C1,69.4117,0.379828
0+283,seepage,slight,渗流破坏,2,C5,74.1474,0.349187
0+283,seepage,slight,渗流破坏,3,C4,77.2344,0.206484
0+283,seepage,slight,渗流破坏,4,C2,70.0,0.044501
0+283,seepage,slight,渗流破坏,5,C3,80.0,0.019999
0+284,seepage,slight,渗流破坏,1,C1,68.6319,0.379961
0+284,seepage,slight,渗流破坏,2,C5,72.6059,0.355079
0+284,seepage,slight,渗流破坏,3,C4,77.8399,0.201244
0+284,seepage,slight,渗流破坏,4,C2,70.0,0.04396
0+284,seepage,slight,渗流破坏,5,C3,80.0,0.019756
0+285,seepage,slight,渗流破坏,1,C1,70.6971,0.368825
0+285,seepage,slight,渗流破坏,2,C5,71.5607,0.363349
0+285,seepage,slight,渗流破坏,3,C4,77.4599,0.203836
0+285,seepage,slight,渗流破坏,4,C2,70.0,0.044149
0+285,seepage,slight,渗流破坏,5,C3,80.0,0.019841
0+286,seepage,slight,渗流破坏,1,C1,69.9676,0.371658
0+286,seepage,slight,渗流破坏,2,C5,71.4287,0.362503
0+286,seepage,slight,渗流破坏,3,C4,77.626,0.202142
0+286,seepage,slight,渗流破坏,4,C2,70.0,0.043945
0+286,seepage,slight,渗流破坏,5,C3,80.0,0.019749
0+287,seepage,slight,渗流破坏,1,C1,70.2493,0.375417
0+287,seepage,slight,渗流破坏,2,C5,72.9713,0.35783
0+287,seepage,slight,渗流破坏,3,C4,78.2838,0.202113
0+287,seepage,slight,渗流破坏,4,C2,70.0,0.044599
0+287,seepage,slight,渗流破坏,5,C3,80.0,0.020043
0+288,seepage,slight,渗流破坏,1,C1,70.7974,0.37155
0+288,seepage,slight,渗流破坏,2,C5,72.3789,0.361351
0+288,seepage,slight,渗流破坏,3,C4,78.1492,0.202524
0+288,seepage,slight,渗流破坏,4,C2,70.0,0.044552
0+288,seepage,slight,渗流破坏,5,C3,80.0,0.020022
0+289,seepage,slight,渗流破坏,1,C1,69.149,0.377184
0+289,seepage,slight,渗流破坏,2,C5,72.5627,0.355704
0+289,seepage,slight,渗流破坏,3,C4,77.4208,0.203335
0+289,seepage,slight,渗流破坏,4,C2,70.0,0.044003
0+289,seepage,slight,渗流破坏,5,C3,80.0,0.019775
0+290,seepage,slight,渗流破坏,1,C1,68.6665,0.379528
0+290,seepage,slight,渗流破坏,2,C5,72.2705,0.357035
0+290,seepage,slight,渗流破坏,3,C4,78.1396,0.19976
0+290,seepage,slight,渗流破坏,4,C2,70.0,0.043934
0+290,seepage,slight,渗流破坏,5,C3,80.0,0.019744
0+291,seepage,slight,渗流破坏,1,C1,70.5296,0.37687
0+291,seepage,slight,渗流破坏,2,C5,74.2521,0.352265
0+291,seepage,slight,渗流破坏,3,C4,77.898,0.205661
0+291,seepage,slight,渗流破坏,4,C2,70.0,0.044984
0+291,seepage,slight,渗流破坏,5,C3,80.0,0.020216
0+292,seepage,slight,渗流破坏,1,C1,70.6748,0.374597
0+292,seepage,slight,渗流破坏,2,C5,72.9499,0.359773
0+292,seepage,slight,渗流破坏,3,C4,78.8088,0.200659
0+292,seepage,slight,渗流破坏,4,C2,70.0,0.044823
0+292,seepage,slight,渗流破坏,5,C3,80.0,0.020144
0+293,seepage,slight,渗流破坏,1,C1,69.7187,0.37564
0+293,seepage,slight,渗流破坏,2,C5,72.0204,0.361081
0+293,seepage,slight,渗流破坏,3,C4,78.5614,0.199168
0+293,seepage,slight,渗流破坏,4,C2,70.0,0.044233
0+293,seepage,slight,渗流破坏,5,C3,80.0,0.019879
0+294,seepage,slight,渗流破坏,1,C1,68.6665,0.380406
0+294,seepage,slight,渗流破坏,2,C5,72.7567,0.354709
0+294,seepage,slight,渗流破坏,3,C4,77.9561,0.201061
0+294,seepage,slight,渗流破坏,4,C2,70.0,0.044035
0+294,seepage,slight,渗流破坏,5,C3,80.0,0.01979
0+295,seepage,slight,渗流破坏,1,C1,68.7472,0.384971
0+295,seepage,slight,渗流破坏,2,C5,73.5679,0.354037
0+295,seepage,slight,渗流破坏,3,C4,79.5329,0.196313
0+295,seepage,slight,渗流破坏,4,C2,70.0,0.044622
0+295,seepage,slight,渗流破坏,5,C3,80.0,0.020053
0+296,seepage,slight,渗流破坏,1,C1,69.4345,0.375052
0+296,seepage,slight,渗流破坏,2,C5,71.5278,0.36198
0+296,seepage,slight,渗流破坏,3,C4,78.2742,0.199252
0+296,seepage,slight,渗流破坏,4,C2,70.0,0.043958
0+296,seepage,slight,渗流破坏,5,C3,80.0,0.019755
0+297,seepage,slight,渗流破坏,1,C1,70.1368,0.379702
0+297,seepage,slight,渗流破坏,2,C5,73.7266,0.356149
0+297,seepage,slight,渗流破坏,3,C4,79.3647,0.198892
0+297,seepage,slight,渗流破坏,4,C2,70.0,0.045023
0+297,seepage,slight,渗流破坏,5,C3,80.0,0.020234
0+298,seepage,slight,渗流破坏,1,C1,69.5028,0.37242
0+298,seepage,slight,渗流破坏,2,C5,71.2191,0.36179
0+298,seepage,slight,渗流破坏,3,C4,77.3031,0.202453
0+298,seepage,slight,渗流破坏,4,C2,70.0,0.043698
0+298,seepage,slight,渗流破坏,5,C3,80.0,0.019639
0+299,seepage,slight,渗流破坏,1,C1,69.764,0.376051
0+299,seepage,slight,渗流破坏,2,C5,72.1728,0.360761
0+299,seepage,slight,渗流破坏,3,C4,78.6853,0.198959
0+299,seepage,slight,渗流破坏,4,C2,70.0,0.044314
0+299,seepage,slight,渗流破坏,5,C3,80.0,0.019915
0+300,seepage,slight,渗流破坏,1,C1,69.0574,0.376077
0+300,seepage,slight,渗流破坏,2,C5,72.4763,0.354695
0+300,seepage,slight,渗流破坏,3,C4,76.6805,0.205729
0+300,seepage,slight,渗流破坏,4,C2,70.0,0.043809
0+300,seepage,slight,渗流破坏,5,C3,80.0,0.019688
0+301,seepage,moderate,渗流破坏,1,C1,44.6031,0.347594
0+301,seepage,moderate,渗流破坏,2,C5,50.3359,0.329117
0+301,seepage,moderate,渗流破坏,3,C4,60.7593,0.184346
0+301,seepage,moderate,渗流破坏,4,C6,60.0,0.05821
0+301,seepage,moderate,渗流破坏,5,C2,70.0,0.030261
0+302,seepage,moderate,渗流破坏,1,C1,46.0354,0.340549
0+302,seepage,moderate,渗流破坏,2,C5,47.8217,0.334865
0+302,seepage,moderate,渗流破坏,3,C4,59.1687,0.186664
0+302,seepage,moderate,渗流破坏,4,C6,60.0,0.057782
0+302,seepage,moderate,渗流破坏,5,C2,70.0,0.030039
0+303,seepage,moderate,渗流破坏,1,C1,46.0203,0.343061
0+303,seepage,moderate,渗流破坏,2,C5,50.2342,0.329399
0+303,seepage,moderate,渗流破坏,3,C4,58.9049,0.18862
0+303,seepage,moderate,渗流破坏,4,C6,60.0,0.0582
0+303,seepage,moderate,渗流破坏,5,C2,70.0,0.030256
0+304,seepage,moderate,渗流破坏,1,C1,42.5289,0.347914
0+304,seepage,moderate,渗流破坏,2,C5,47.419,0.332783
0+304,seepage,moderate,渗流破坏,3,C4,60.0591,0.182765
0+304,seepage,moderate,渗流破坏,4,C6,60.0,0.057203
0+304,seepage,moderate,渗流破坏,5,C2,70.0,0.029738
0+305,seepage,moderate,渗流破坏,1,C1,45.8384,0.345157
0+305,seepage,moderate,渗流破坏,2,C5,51.1746,0.327712
0+305,seepage,moderate,渗流破坏,3,C4,59.7067,0.187598
0+305,seepage,moderate,渗流破坏,4,C6,60.0,0.058458
0+305,seepage,moderate,渗流破坏,5,C2,70.0,0.03039
0+306,seepage,moderate,渗流破坏,1,C1,45.0011,0.344784
0+306,seepage,moderate,渗流破坏,2,C5,50.0305,0.328643
0+306,seepage,moderate,渗流破坏,3,C4,58.7065,0.188256
0+306,seepage,moderate,渗流破坏,4,C6,60.0,0.057948
0+306,seepage,moderate,渗流破坏,5,C2,70.0,0.030125
0+307,seepage,moderate,渗流破坏,1,C1,45.9748,0.343782
0+307,seepage,moderate,渗流破坏,2,C5,51.0017,0.327398
0+307,seepage,moderate,渗流破坏,3,C4,58.5873,0.189667
0+307,seepage,moderate,渗流破坏,4,C6,60.0,0.058298
0+307,seepage,moderate,渗流破坏,5,C2,70.0,0.030307
0+308,seepage,moderate,渗流破坏,1,C1,44.0342,0.348355
0+308,seepage,moderate,渗流破坏,2,C5,50.365,0.328061
0+308,seepage,moderate,渗流破坏,3,C4,60.2282,0.185048
0+308,seepage,moderate,渗流破坏,4,C6,60.0,0.05804
0+308,seepage,moderate,渗流破坏,5,C2,70.0,0.030173
0+309,seepage,moderate,渗流破坏,1,C1,42.3569,0.352574
0+309,seepage,moderate,渗流破坏,2,C5,51.0594,0.324871
0+309,seepage,moderate,渗流破坏,3,C4,60.2932,0.184395
0+309,seepage,moderate,渗流破坏,4,C6,60.0,0.057882
0+309,seepage,moderate,渗流破坏,5,C2,70.0,0.030091
0+310,seepage,moderate,渗流破坏,1,C1,45.9597,0.340551
0+310,seepage,moderate,渗流破坏,2,C5,48.4006,0.332772
0+310,seepage,moderate,渗流破坏,3,C4,58.1485,0.18885
0+310,seepage,moderate,渗流破坏,4,C6,60.0,0.057742
0+310,seepage,moderate,渗流破坏,5,C2,70.0,0.030018
0+311,seepage,moderate,渗流破坏,1,C1,43.121,0.350737
0+311,seepage,moderate,渗流破坏,2,C5,51.3329,0.324431
0+311,seepage,moderate,渗流破坏,3,C4,59.5103,0.186472
0+311,seepage,moderate,渗流破坏,4,C6,60.0,0.057966
0+311,seepage,moderate,渗流破坏,5,C2,70.0,0.030135
0+312,seepage,moderate,渗流破坏,1,C1,43.5708,0.347886
0+312,seepage,moderate,渗流破坏,2,C5,49.6511,0.328609
0+312,seepage,moderate,渗流破坏,3,C4,59.4972,0.185724
0+312,seepage,moderate,渗流破坏,4,C6,60.0,0.057724
0+312,seepage,moderate,渗流破坏,5,C2,70.0,0.030009
0+313,seepage,moderate,渗流破坏,1,C1,43.0121,0.347719
0+313,seepage,moderate,渗流破坏,2,C5,47.5833,0.333482
0+313,seepage,moderate,渗流破坏,3,C4,60.7851,0.181761
0+313,seepage,moderate,渗流破坏,4,C6,60.0,0.057413
0+313,seepage,moderate,渗流破坏,5,C2,70.0,0.029847
0+314,seepage,moderate,渗流破坏,1,C1,45.6563,0.344212
0+314,seepage,moderate,渗流破坏,2,C5,50.1761,0.329586
0+314,seepage,moderate,渗流破坏,3,C4,59.4841,0.187285
0+314,seepage,moderate,渗流破坏,4,C6,60.0,0.0582
0+314,seepage,moderate,渗流破坏,5,C2,70.0,0.030256
0+315,seepage,moderate,渗流破坏,1,C1,42.5601,0.345923
0+315,seepage,moderate,渗流破坏,2,C5,47.4937,0.330734
0+315,seepage,moderate,渗流破坏,3,C4,57.4793,0.187547
0+315,seepage,moderate,渗流破坏,4,C6,60.0,0.056891
0+315,seepage,moderate,渗流破坏,5,C2,70.0,0.029576
0+316,seepage,moderate,渗流破坏,1,C1,44.5264,0.345842
0+316,seepage,moderate,渗流破坏,2,C5,48.4598,0.333355
0+316,seepage,moderate,渗流破坏,3,C4,61.0299,0.182658
0+316,seepage,moderate,渗流破坏,4,C6,60.0,0.057877
0+316,seepage,moderate,渗流破坏,5,C2,70.0,0.030088
0+317,seepage,moderate,渗流破坏,1,C1,42.4664,0.350138
0+317,seepage,moderate,渗流破坏,2,C5,49.9431,0.326595
0+317,seepage,moderate,渗流破坏,3,C4,59.1423,0.185932
0+317,seepage,moderate,渗流破坏,4,C6,60.0,0.057537
0+317,seepage,moderate,渗流破坏,5,C2,70.0,0.029912
0+318,seepage,moderate,渗流破坏,1,C1,44.7104,0.345477
0+318,seepage,moderate,渗流破坏,2,C5,50.0888,0.328245
0+318,seepage,moderate,渗流破坏,3,C4,58.7462,0.188049
0+318,seepage,moderate,渗流破坏,4,C6,60.0,0.057912
0+318,seepage,moderate,渗流破坏,5,C2,70.0,0.030106
0+319,seepage,moderate,渗流破坏,1,C1,45.2454,0.344716
0+319,seepage,moderate,渗流破坏,2,C5,50.2924,0.328444
0+319,seepage,moderate,渗流破坏,3,C4,58.8785,0.188245
0+319,seepage,moderate,渗流破坏,4,C6,60.0,0.058066
0+319,seepage,moderate,渗流破坏,5,C2,70.0,0.030186
0+320,seepage,moderate,渗流破坏,1,C1,45.5651,0.340718
0+320,seepage,moderate,渗流破坏,2,C5,48.208,0.332345
0+320,seepage,moderate,渗流破坏,3,C4,57.5733,0.189545
0+320,seepage,moderate,渗流破坏,4,C6,60.0,0.057561
0+320,seepage,moderate,渗流破坏,5,C2,70.0,0.029924
0+321,seepage,moderate,渗流破坏,1,C1,43.6945,0.348393
0+321,seepage,moderate,渗流破坏,2,C5,50.0742,0.328061
0+321,seepage,moderate,渗流破坏,3,C4,59.8374,0.185414
0+321,seepage,moderate,渗流破坏,4,C6,60.0,0.057871
0+321,seepage,moderate,渗流破坏,5,C2,70.0,0.030085
0+322,seepage,moderate,渗流破坏,1,C1,44.2806,0.345933
0+322,seepage,moderate,渗流破坏,2,C5,49.2849,0.330034
0+322,seepage,moderate,渗流破坏,3,C4,59.3659,0.186154
0+322,seepage,moderate,渗流破坏,4,C6,60.0,0.057764
0+322,seepage,moderate,渗流破坏,5,C2,70.0,0.03003
0+323,seepage,moderate,渗流破坏,1,C1,41.4144,0.351443
0+323,seepage,moderate,渗流破坏,2,C5,49.0645,0.327695
0+323,seepage,moderate,渗流破坏,3,C4,59.4447,0.184257
0+323,seepage,moderate,渗流破坏,4,C6,60.0,0.057231
0+323,seepage,moderate,渗流破坏,5,C2,70.0,0.029752
0+324,seepage,moderate,渗流破坏,1,C1,45.5347,0.342308
0+324,seepage,moderate,渗流破坏,2,C5,49.0351,0.331125
0+324,seepage,moderate,渗流破坏,3,C4,58.3748,0.188571
0+324,seepage,moderate,渗流破坏,4,C6,60.0,0.057813
0+324,seepage,moderate,渗流破坏,5,C2,70.0,0.030055
0+325,seepage,moderate,渗流破坏,1,C1,45.6867,0.34112
0+325,seepage,moderate,渗流破坏,2,C5,47.4937,0.335397
0+325,seepage,moderate,渗流破坏,3,C4,59.4316,0.185775
0+325,seepage,moderate,渗流破坏,4,C6,60.0,0.057693
0+325,seepage,moderate,渗流破坏,5,C2,70.0,0.029993
0+326,seepage,severe,渗流破坏,1,C1,12.0565,0.304442
0+326,seepage,severe,渗流破坏,2,C5,20.0591,0.290259
0+326,seepage,severe,渗流破坏,3,C4,34.2023,0.165938
0+326,seepage,severe,渗流破坏,4,C6,0.0,0.101162
0+326,seepage,severe,渗流破坏,5,C2,0.0,0.07012
0+327,seepage,severe,渗流破坏,1,C1,9.4088,0.306784
0+327,seepage,severe,渗流破坏,2,C5,19.8932,0.288486
0+327,seepage,severe,渗流破坏,3,C4,32.3339,0.167077
0+327,seepage,severe,渗流破坏,4,C6,0.0,0.10044
0+327,seepage,severe,渗流破坏,5,C2,0.0,0.069619
0+328,seepage,severe,渗流破坏,1,C1,10.7181,0.305185
0+328,seepage,severe,渗流破坏,2,C5,19.5608,0.289677
0+328,seepage,severe,渗流破坏,3,C4,32.6725,0.166999
0+328,seepage,severe,渗流破坏,4,C6,0.0,0.100646
0+328,seepage,severe,渗流破坏,5,C2,0.0,0.069762
0+329,seepage,severe,渗流破坏,1,C1,9.1537,0.308872
0+329,seepage,severe,渗流破坏,2,C5,20.4822,0.288972
0+329,seepage,severe,渗流破坏,3,C4,36.1105,0.163222
0+329,seepage,severe,渗流破坏,4,C6,0.0,0.100981
0+329,seepage,severe,渗流破坏,5,C2,0.0,0.069995
0+330,seepage,severe,渗流破坏,1,C1,8.9178,0.306022
0+330,seepage,severe,渗流破坏,2,C5,16.1055,0.293698
0+330,seepage,severe,渗流破坏,3,C4,34.2358,0.163858
0+330,seepage,severe,渗流破坏,4,C6,0.0,0.09992
0+330,seepage,severe,渗流破坏,5,C2,0.0,0.069259
0+331,seepage,severe,渗流破坏,1,C1,7.8132,0.308228
0+331,seepage,severe,渗流破坏,2,C5,16.7272,0.292947
0+331,seepage,severe,渗流破坏,3,C4,35.7641,0.16213
0+331,seepage,severe,渗流破坏,4,C6,0.0,0.100035
0+331,seepage,severe,渗流破坏,5,C2,0.0,0.069339
0+332,seepage,severe,渗流破坏,1,C1,11.0294,0.304607
0+332,seepage,severe,渗流破坏,2,C5,17.2341,0.293793
0+332,seepage,severe,渗流破坏,3,C4,35.45,0.163494
0+332,seepage,severe,渗流破坏,4,C6,0.0,0.100631
0+332,seepage,severe,渗流破坏,5,C2,0.0,0.069752
0+333,seepage,severe,渗流破坏,1,C1,7.833,0.309119
0+333,seepage,severe,渗流破坏,2,C5,19.0425,0.289711
0+333,seepage,severe,渗流破坏,3,C4,34.8526,0.163765
0+333,seepage,severe,渗流破坏,4,C6,0.0,0.100335
0+333,seepage,severe,渗流破坏,5,C2,0.0,0.069547
0+334,seepage,severe,渗流破坏,1,C1,9.918,0.305311
0+334,seepage,severe,渗流破坏,2,C5,17.3091,0.292518
0+334,seepage,severe,渗流破坏,3,C4,33.7503,0.16499
0+334,seepage,severe,渗流破坏,4,C6,0.0,0.10024
0+334,seepage,severe,渗流破坏,5,C2,0.0,0.069481
0+335,seepage,severe,渗流破坏,1,C1,8.8588,0.30668
0+335,seepage,severe,渗流破坏,2,C5,18.262,0.290429
0+335,seepage,severe,渗流破坏,3,C4,32.7232,0.166036
0+335,seepage,severe,渗流破坏,4,C6,0.0,0.100103
0+335,seepage,severe,渗流破坏,5,C2,0.0,0.069385
0+336,seepage,severe,渗流破坏,1,C1,11.6696,0.304059
0+336,seepage,severe,渗流破坏,2,C5,17.4215,0.293992
0+336,seepage,severe,渗流破坏,3,C4,35.7476,0.163412
0+336,seepage,severe,渗流破坏,4,C6,0.0,0.100813
0+336,seepage,severe,渗流破坏,5,C2,0.0,0.069878
0+337,seepage,severe,渗流破坏,1,C1,11.534,0.30377
0+337,seepage,severe,渗流破坏,2,C5,18.4854,0.291593
0+337,seepage,severe,渗流破坏,3,C4,33.0608,0.166508
0+337,seepage,severe,渗流破坏,4,C6,0.0,0.100641
0+337,seepage,severe,渗流破坏,5,C2,0.0,0.069759
0+338,seepage,severe,渗流破坏,1,C1,12.5004,0.30506
0+338,seepage,severe,渗流破坏,2,C5,20.6292,0.290543
0+338,seepage,severe,渗流破坏,3,C4,36.3573,0.163943
0+338,seepage,severe,渗流破坏,4,C6,0.0,0.101624
0+338,seepage,severe,渗流破坏,5,C2,0.0,0.07044
0+339,seepage,severe,渗流破坏,1,C1,7.2981,0.310806
0+339,seepage,severe,渗流破坏,2,C5,21.0142,0.286893
0+339,seepage,severe,渗流破坏,3,C4,34.7694,0.16429
0+339,seepage,severe,渗流破坏,4,C6,0.0,0.100592
0+339,seepage,severe,渗流破坏,5,C2,0.0,0.069724
0+340,seepage,severe,渗流破坏,1,C1,11.5146,0.304448
0+340,seepage,severe,渗流破坏,2,C5,17.2529,0.29441
0+340,seepage,severe,渗流破坏,3,C4,36.5052,0.162511
0+340,seepage,severe,渗流破坏,4,C6,0.0,0.100854
0+340,seepage,severe,渗流破坏,5,C2,0.0,0.069906
0+341,seepage,severe,渗流破坏,1,C1,11.0682,0.307086
0+341,seepage,severe,渗流破坏,2,C5,21.307,0.288867
0+341,seepage,severe,渗流破坏,3,C4,36.1599,0.163952
0+341,seepage,severe,渗流破坏,4,C6,0.0,0.101472
0+341,seepage,severe,渗流破坏,5,C2,0.0,0.070335
0+342,seepage,severe,渗流破坏,1,C1,9.7811,0.305898
0+342,seepage,severe,渗流破坏,2,C5,17.1966,0.293057
0+342,seepage,severe,渗流破坏,3,C4,35.0188,0.163591
0+342,seepage,severe,渗流破坏,4,C6,0.0,0.100356
0+342,seepage,severe,渗流破坏,5,C2,0.0,0.069561
0+343,seepage,severe,渗流破坏,1,C1,9.8202,0.307041
0+343,seepage,severe,渗流破坏,2,C5,19.5793,0.289951
0+343,seepage,severe,渗流破坏,3,C4,34.7195,0.164616
0+343,seepage,severe,渗流破坏,4,C6,0.0,0.100753
0+343,seepage,severe,渗流破坏,5,C2,0.0,0.069836
0+344,seepage,severe,渗流破坏,1,C1,10.4063,0.305581
0+344,seepage,severe,渗流破坏,2,C5,18.4295,0.291577
0+344,seepage,severe,渗流破坏,3,C4,34.3694,0.164808
0+344,seepage,severe,渗流破坏,4,C6,0.0,0.100601
0+344,seepage,severe,渗流破坏,5,C2,0.0,0.069731
0+345,seepage,severe,渗流破坏,1,C1,6.9208,0.310675
0+345,seepage,severe,渗流破坏,2,C5,18.6527,0.290437
0+345,seepage,severe,渗流破坏,3,C4,36.6857,0.161462
0+345,seepage,severe,渗流破坏,4,C6,0.0,0.100345
0+345,seepage,severe,渗流破坏,5,C2,0.0,0.069553
0+346,seepage,severe,渗流破坏,1,C1,9.8398,0.306945
0+346,seepage,severe,渗流破坏,2,C5,18.597,0.291658
0+346,seepage,severe,渗流破坏,3,C4,35.9292,0.163051
0+346,seepage,severe,渗流破坏,4,C6,0.0,0.100733
0+346,seepage,severe,渗流破坏,5,C2,0.0,0.069822
0+347,seepage,severe,渗流破坏,1,C1,10.6986,0.304516
0+347,seepage,severe,渗流破坏,2,C5,16.9151,0.293725
0+347,seepage,severe,渗流破坏,3,C4,34.6362,0.164168
0+347,seepage,severe,渗流破坏,4,C6,0.0,0.100414
0+347,seepage,severe,渗流破坏,5,C2,0.0,0.069602
0+348,seepage,severe,渗流破坏,1,C1,12.0565,0.303568
0+348,seepage,severe,渗流破坏,2,C5,18.8756,0.291561
0+348,seepage,severe,渗流破坏,3,C4,33.616,0.166197
0+348,seepage,severe,渗流破坏,4,C6,0.0,0.100872
0+348,seepage,severe,渗流破坏,5,C2,0.0,0.069919
0+349,seepage,severe,渗流破坏,1,C1,8.6423,0.307162
0+349,seepage,severe,渗流破坏,2,C5,18.4109,0.290276
0+349,seepage,severe,渗流破坏,3,C4,33.1114,0.165619
0+349,seepage,severe,渗流破坏,4,C6,0.0,0.100141
0+349,seepage,severe,渗流破坏,5,C2,0.0,0.069412
0+350,seepage,severe,渗流破坏,1,C1,9.1144,0.308367
0+350,seepage,severe,渗流破坏,2,C5,19.4499,0.290304
0+350,seepage,severe,渗流破坏,3,C4,36.1764,0.162836
0+350,seepage,severe,渗流破坏,4,C6,0.0,0.100795
0+350,seepage,severe,渗流破坏,5,C2,0.0,0.069865
0+351,seepage,critical,渗流破坏,1,C1,0.0,0.293484
0+351,seepage,critical,渗流破坏,2,C5,0.0,0.293484
0+351,seepage,critical,渗流破坏,3,C4,5.7441,0.179547
0+351,seepage,critical,渗流破坏,4,C6,0.0,0.091454
0+351,seepage,critical,渗流破坏,5,C2,0.0,0.063391
0+352,seepage,critical,渗流破坏,1,C1,0.0,0.293199
0+352,seepage,critical,渗流破坏,2,C5,0.0,0.293199
0+352,seepage,critical,渗流破坏,3,C4,4.7211,0.180344
0+352,seepage,critical,渗流破坏,4,C6,0.0,0.091365
0+352,seepage,critical,渗流破坏,5,C2,0.0,0.063329
0+353,seepage,critical,渗流破坏,1,C1,0.0,0.292531
0+353,seepage,critical,渗流破坏,2,C5,0.0,0.292531
0+353,seepage,critical,渗流破坏,3,C4,2.2922,0.182211
0+353,seepage,critical,渗流破坏,4,C6,0.0,0.091157
0+353,seepage,critical,渗流破坏,5,C2,0.0,0.063185
0+354,seepage,critical,渗流破坏,1,C1,0.0,0.293658
0+354,seepage,critical,渗流破坏,2,C5,0.0,0.293658
0+354,seepage,critical,渗流破坏,3,C4,6.3633,0.179061
0+354,seepage,critical,渗流破坏,4,C6,0.0,0.091508
0+354,seepage,critical,渗流破坏,5,C2,0.0,0.063428
0+355,seepage,critical,渗流破坏,1,C1,0.0,0.292292
0+355,seepage,critical,渗流破坏,2,C5,0.0,0.292292
0+355,seepage,critical,渗流破坏,3,C4,1.4144,0.182878
0+355,seepage,critical,渗流破坏,4,C6,0.0,0.091082
0+355,seepage,critical,渗流破坏,5,C2,0.0,0.063133
0+356,seepage,critical,渗流破坏,1,C1,0.0,0.292559
0+356,seepage,critical,渗流破坏,2,C5,0.0,0.292559
0+356,seepage,critical,渗流破坏,3,C4,2.394,0.182134
0+356,seepage,critical,渗流破坏,4,C6,0.0,0.091165
0+356,seepage,critical,渗流破坏,5,C2,0.0,0.063191
0+357,seepage,critical,渗流破坏,1,C1,0.0,0.293803
0+357,seepage,critical,渗流破坏,2,C5,0.0,0.293803
0+357,seepage,critical,渗流破坏,3,C4,6.881,0.178655
0+357,seepage,critical,渗流破坏,4,C6,0.0,0.091553
0+357,seepage,critical,渗流破坏,5,C2,0.0,0.063459
0+358,seepage,critical,渗流破坏,1,C1,0.0,0.292503
0+358,seepage,critical,渗流破坏,2,C5,0.0,0.292503
0+358,seepage,critical,渗流破坏,3,C4,2.1903,0.182289
0+358,seepage,critical,渗流破坏,4,C6,0.0,0.091148
0+358,seepage,critical,渗流破坏,5,C2,0.0,0.063179
0+359,seepage,critical,渗流破坏,1,C1,0.0,0.292982
0+359,seepage,critical,渗流破坏,2,C5,0.0,0.292982
0+359,seepage,critical,渗流破坏,3,C4,3.9351,0.180951
0+359,seepage,critical,渗流破坏,4,C6,0.0,0.091297
0+359,seepage,critical,渗流破坏,5,C2,0.0,0.063282
0+360,seepage,critical,渗流破坏,1,C1,0.0,0.292626
0+360,seepage,critical,渗流破坏,2,C5,0.0,0.292626
0+360,seepage,critical,渗流破坏,3,C4,2.6381,0.181948
0+360,seepage,critical,渗流破坏,4,C6,0.0,0.091186
0+360,seepage,critical,渗流破坏,5,C2,0.0,0.063205
0+361,seepage,critical,渗流破坏,1,C1,0.0,0.293675
0+361,seepage,critical,渗流破坏,2,C5,0.0,0.293675
0+361,seepage,critical,渗流破坏,3,C4,6.4231,0.179015
0+361,seepage,critical,渗流破坏,4,C6,0.0,0.091513
0+361,seepage,critical,渗流破坏,5,C2,0.0,0.063432
0+362,seepage,critical,渗流破坏,1,C1,0.0,0.293166
0+362,seepage,critical,渗流破坏,2,C5,0.0,0.293166
0+362,seepage,critical,渗流破坏,3,C4,4.6004,0.180436
0+362,seepage,critical,渗流破坏,4,C6,0.0,0.091354
0+362,seepage,critical,渗流破坏,5,C2,0.0,0.063322
0+363,seepage,critical,渗流破坏,1,C1,0.0,0.29296
0+363,seepage,critical,渗流破坏,2,C5,0.0,0.29296
0+363,seepage,critical,渗流破坏,3,C4,3.8542,0.181014
0+363,seepage,critical,渗流破坏,4,C6,0.0,0.09129
0+363,seepage,critical,渗流破坏,5,C2,0.0,0.063277
0+364,seepage,critical,渗流破坏,1,C1,0.0,0.293417
0+364,seepage,critical,渗流破坏,2,C5,0.0,0.293417
0+364,seepage,critical,渗流破坏,3,C4,5.5039,0.179735
0+364,seepage,critical,渗流破坏,4,C6,0.0,0.091433
0+364,seepage,critical,渗流破坏,5,C2,0.0,0.063376
0+365,seepage,critical,渗流破坏,1,C1,0.0,0.293339
0+365,seepage,critical,渗流破坏,2,C5,0.0,0.293339
0+365,seepage,critical,渗流破坏,3,C4,5.2233,0.179953
0+365,seepage,critical,渗流破坏,4,C6,0.0,0.091408
0+365,seepage,critical,渗流破坏,5,C2,0.0,0.063359
0+366,seepage,critical,渗流破坏,1,C1,0.0,0.293372
0+366,seepage,critical,渗流破坏,2,C5,0.0,0.293372
0+366,seepage,critical,渗流破坏,3,C4,5.3436,0.17986
0+366,seepage,critical,渗流破坏,4,C6,0.0,0.091419
0+366,seepage,critical,渗流破坏,5,C2,0.0,0.063366
0+367,seepage,critical,渗流破坏,1,C1,0.0,0.293596
0+367,seepage,critical,渗流破坏,2,C5,0.0,0.293596
0+367,seepage,critical,渗流破坏,3,C4,6.1438,0.179234
0+367,seepage,critical,渗流破坏,4,C6,0.0,0.091489
0+367,seepage,critical,渗流破坏,5,C2,0.0,0.063415
0+368,seepage,critical,渗流破坏,1,C1,0.0,0.293859
0+368,seepage,critical,渗流破坏,2,C5,0.0,0.293859
0+368,seepage,critical,渗流破坏,3,C4,7.0797,0.178498
0+368,seepage,critical,渗流破坏,4,C6,0.0,0.091571
0+368,seepage,critical,渗流破坏,5,C2,0.0,0.063472
0+369,seepage,critical,渗流破坏,1,C1,0.0,0.29349
0+369,seepage,critical,渗流破坏,2,C5,0.0,0.29349
0+369,seepage,critical,渗流破坏,3,C4,5.7641,0.179531
0+369,seepage,critical,渗流破坏,4,C6,0.0,0.091455
0+369,seepage,critical,渗流破坏,5,C2,0.0,0.063392
0+370,seepage,critical,渗流破坏,1,C1,0.0,0.293848
0+370,seepage,critical,渗流破坏,2,C5,0.0,0.293848
0+370,seepage,critical,渗流破坏,3,C4,7.04,0.17853
0+370,seepage,critical,渗流破坏,4,C6,0.0,0.091567
0+370,seepage,critical,渗流破坏,5,C2,0.0,0.063469
0+371,seepage,critical,渗流破坏,1,C1,0.0,0.292359
0+371,seepage,critical,渗流破坏,2,C5,0.0,0.292359
0+371,seepage,critical,渗流破坏,3,C4,1.6597,0.182692
0+371,seepage,critical,渗流破坏,4,C6,0.0,0.091103
0+371,seepage,critical,渗流破坏,5,C2,0.0,0.063147
0+372,seepage,critical,渗流破坏,1,C1,0.0,0.292681
0+372,seepage,critical,渗流破坏,2,C5,0.0,0.292681
0+372,seepage,critical,渗流破坏,3,C4,2.8413,0.181792
0+372,seepage,critical,渗流破坏,4,C6,0.0,0.091203
0+372,seepage,critical,渗流破坏,5,C2,0.0,0.063217
0+373,seepage,critical,渗流破坏,1,C1,0.0,0.293428
0+373,seepage,critical,渗流破坏,2,C5,0.0,0.293428
0+373,seepage,critical,渗流破坏,3,C4,5.544,0.179703
0+373,seepage,critical,渗流破坏,4,C6,0.0,0.091436
0+373,seepage,critical,渗流破坏,5,C2,0.0,0.063378
0+374,seepage,critical,渗流破坏,1,C1,0.0,0.293831
0+374,seepage,critical,渗流破坏,2,C5,0.0,0.293831
0+374,seepage,critical,渗流破坏,3,C4,6.9804,0.178576
0+374,seepage,critical,渗流破坏,4,C6,0.0,0.091562
0+374,seepage,critical,渗流破坏,5,C2,0.0,0.063465
0+375,seepage,critical,渗流破坏,1,C1,0.0,0.293451
0+375,seepage,critical,渗流破坏,2,C5,0.0,0.293451
0+375,seepage,critical,渗流破坏,3,C4,5.6241,0.17964
0+375,seepage,critical,渗流破坏,4,C6,0.0,0.091443
0+375,seepage,critical,渗流破坏,5,C2,0.0,0.063383
0+376,slope,safe,渗流破坏,1,C1,98.9385,0.415959
0+376,slope,safe,渗流破坏,2,C5,99.1402,0.374359
0+376,slope,safe,渗流破坏,3,C4,99.3206,0.20968
0+376,slope,safe,渗流破坏,4,A2,100,0.0
0+376,slope,safe,渗流破坏,5,A5,100,0.0
0+377,slope,safe,渗流破坏,1,C1,98.9385,0.415959
0+377,slope,safe,渗流破坏,2,C5,99.1402,0.374359
0+377,slope,safe,渗流破坏,3,C4,99.3206,0.20968
0+377,slope,safe,渗流破坏,4,A2,100,0.0
0+377,slope,safe,渗流破坏,5,A5,100,0.0
0+378,slope,safe,渗流破坏,1,C1,98.9385,0.415959
0+378,slope,safe,渗流破坏,2,C5,99.1402,0.374359
0+378,slope,safe,渗流破坏,3,C4,99.3206,0.20968
0+378,slope,safe,渗流破坏,4,A2,100,0.0
0+378,slope,safe,渗流破坏,5,A5,100,0.0
0+379,slope,safe,渗流破坏,1,C1,98.9385,0.415959
0+379,slope,safe,渗流破坏,2,C5,99.1402,0.374359
0+379,slope,safe,渗流破坏,3,C4,99.3206,0.20968
0+379,slope,safe,渗流破坏,4,A2,100,0.0
0+379,slope,safe,渗流破坏,5,A5,100,0.0
0+380,slope,safe,渗流破坏,1,C1,98.9385,0.415959
0+380,slope,safe,渗流破坏,2,C5,99.1402,0.374359
0+380,slope,safe,渗流破坏,3,C4,99.3206,0.20968
0+380,slope,safe,渗流破坏,4,A2,100,0.0
0+380,slope,safe,渗流破坏,5,A5,100,0.0
0+381,slope,safe,渗流破坏,1,C1,98.9385,0.415959
0+381,slope,safe,渗流破坏,2,C5,99.1402,0.374359
0+381,slope,safe,渗流破坏,3,C4,99.3206,0.20968
0+381,slope,safe,渗流破坏,4,A2,100,0.0
0+381,slope,safe,渗流破坏,5,A5,100,0.0
0+382,slope,safe,渗流破坏,1,C1,98.9385,0.415959
0+382,slope,safe,渗流破坏,2,C5,99.1402,0.374359
0+382,slope,safe,渗流破坏,3,C4,99.3206,0.20968
0+382,slope,safe,渗流破坏,4,A2,100,0.0
0+382,slope,safe,渗流破坏,5,A5,100,0.0
0+383,slope,safe,渗流破坏,1,C1,98.9385,0.415959
0+383,slope,safe,渗流破坏,2,C5,99.1402,0.374359
0+383,slope,safe,渗流破坏,3,C4,99.3206,0.20968
0+383,slope,safe,渗流破坏,4,A2,100,0.0
0+383,slope,safe,渗流破坏,5,A5,100,0.0
0+384,slope,safe,渗流破坏,1,C1,98.9385,0.415959
0+384,slope,safe,渗流破坏,2,C5,99.1402,0.374359
0+384,slope,safe,渗流破坏,3,C4,99.3206,0.20968
0+384,slope,safe,渗流破坏,4,A2,100,0.0
0+384,slope,safe,渗流破坏,5,A5,100,0.0
0+385,slope,safe,渗流破坏,1,C1,98.9385,0.415959
0+385,slope,safe,渗流破坏,2,C5,99.1402,0.374359
0+385,slope,safe,渗流破坏,3,C4,99.3206,0.20968
0+385,slope,safe,渗流破坏,4,A2,100,0.0
0+385,slope,safe,渗流破坏,5,A5,100,0.0
0+386,slope,safe,渗流破坏,1,C1,98.9385,0.415959
0+386,slope,safe,渗流破坏,2,C5,99.1402,0.374359
0+386,slope,safe,渗流破坏,3,C4,99.3206,0.20968
0+386,slope,safe,渗流破坏,4,A2,100,0.0
0+386,slope,safe,渗流破坏,5,A5,100,0.0
0+387,slope,safe,渗流破坏,1,C1,98.9385,0.415959
0+387,slope,safe,渗流破坏,2,C5,99.1402,0.374359
0+387,slope,safe,渗流破坏,3,C4,99.3206,0.20968
0+387,slope,safe,渗流破坏,4,A2,100,0.0
0+387,slope,safe,渗流破坏,5,A5,100,0.0
0+388,slope,safe,渗流破坏,1,C1,98.9385,0.415959
0+388,slope,safe,渗流破坏,2,C5,99.1402,0.374359
0+388,slope,safe,渗流破坏,3,C4,99.3206,0.20968
0+388,slope,safe,渗流破坏,4,A2,100,0.0
0+388,slope,safe,渗流破坏,5,A5,100,0.0
0+389,slope,safe,渗流破坏,1,C1,98.9385,0.415959
0+389,slope,safe,渗流破坏,2,C5,99.1402,0.374359
0+389,slope,safe,渗流破坏,3,C4,99.3206,0.20968
0+389,slope,safe,渗流破坏,4,A2,100,0.0
0+389,slope,safe,渗流破坏,5,A5,100,0.0
0+390,slope,safe,渗流破坏,1,C1,98.9385,0.415959
0+390,slope,safe,渗流破坏,2,C5,99.1402,0.374359
0+390,slope,safe,渗流破坏,3,C4,99.3206,0.20968
0+390,slope,safe,渗流破坏,4,A2,100,0.0
0+390,slope,safe,渗流破坏,5,A5,100,0.0
0+391,slope,safe,渗流破坏,1,C1,98.9385,0.415959
0+391,slope,safe,渗流破坏,2,C5,99.1402,0.374359
0+391,slope,safe,渗流破坏,3,C4,99.3206,0.20968
0+391,slope,safe,渗流破坏,4,A2,100,0.0
0+391,slope,safe,渗流破坏,5,A5,100,0.0
0+392,slope,safe,渗流破坏,1,C1,98.9385,0.415959
0+392,slope,safe,渗流破坏,2,C5,99.1402,0.374359
0+392,slope,safe,渗流破坏,3,C4,99.3206,0.20968
0+392,slope,safe,渗流破坏,4,A2,100,0.0
0+392,slope,safe,渗流破坏,5,A5,100,0.0
0+393,slope,safe,渗流破坏,1,C1,98.9385,0.415959
0+393,slope,safe,渗流破坏,2,C5,99.1402,0.374359
0+393,slope,safe,渗流破坏,3,C4,99.3206,0.20968
0+393,slope,safe,渗流破坏,4,A2,100,0.0
0+393,slope,safe,渗流破坏,5,A5,100,0.0
0+394,slope,safe,渗流破坏,1,C1,98.9385,0.415959
0+394,slope,safe,渗流破坏,2,C5,99.1402,0.374359
0+394,slope,safe,渗流破坏,3,C4,99.3206,0.20968
0+394,slope,safe,渗流破坏,4,A2,100,0.0
0+394,slope,safe,渗流破坏,5,A5,100,0.0
0+395,slope,safe,渗流破坏,1,C1,98.9385,0.415959
0+395,slope,safe,渗流破坏,2,C5,99.1402,0.374359
0+395,slope,safe,渗流破坏,3,C4,99.3206,0.20968
0+395,slope,safe,渗流破坏,4,A2,100,0.0
0+395,slope,safe,渗流破坏,5,A5,100,0.0
0+396,slope,safe,渗流破坏,1,C1,98.9385,0.415959
0+396,slope,safe,渗流破坏,2,C5,99.1402,0.374359
0+396,slope,safe,渗流破坏,3,C4,99.3206,0.20968
0+396,slope,safe,渗流破坏,4,A2,100,0.0
0+396,slope,safe,渗流破坏,5,A5,100,0.0
0+397,slope,safe,渗流破坏,1,C1,98.9385,0.415959
0+397,slope,safe,渗流破坏,2,C5,99.1402,0.374359
0+397,slope,safe,渗流破坏,3,C4,99.3206,0.20968
0+397,slope,safe,渗流破坏,4,A2,100,0.0
0+397,slope,safe,渗流破坏,5,A5,100,0.0
0+398,slope,safe,渗流破坏,1,C1,98.9385,0.415959
0+398,slope,safe,渗流破坏,2,C5,99.1402,0.374359
0+398,slope,safe,渗流破坏,3,C4,99.3206,0.20968
0+398,slope,safe,渗流破坏,4,A2,100,0.0
0+398,slope,safe,渗流破坏,5,A5,100,0.0
0+399,slope,safe,渗流破坏,1,C1,98.9385,0.415959
0+399,slope,safe,渗流破坏,2,C5,99.1402,0.374359
0+399,slope,safe,渗流破坏,3,C4,99.3206,0.20968
0+399,slope,safe,渗流破坏,4,A2,100,0.0
0+399,slope,safe,渗流破坏,5,A5,100,0.0
0+400,slope,safe,渗流破坏,1,C1,98.9385,0.415959
0+400,slope,safe,渗流破坏,2,C5,99.1402,0.374359
0+400,slope,safe,渗流破坏,3,C4,99.3206,0.20968
0+400,slope,safe,渗流破坏,4,A2,100,0.0
0+400,slope,safe,渗流破坏,5,A5,100,0.0
0+401,slope,slight,渗流破坏,1,C1,98.9385,0.370954
0+401,slope,slight,渗流破坏,2,C5,99.1402,0.333856
0+401,slope,slight,渗流破坏,3,C4,99.3206,0.186993
0+401,slope,slight,渗流破坏,4,D5,70.0,0.108201
0+401,slope,slight,渗流破坏,5,A2,100,0.0
0+402,slope,slight,渗流破坏,1,C1,98.9385,0.370954
0+402,slope,slight,渗流破坏,2,C5,99.1402,0.333856
0+402,slope,slight,渗流破坏,3,C4,99.3206,0.186993
0+402,slope,slight,渗流破坏,4,D5,70.0,0.108201
0+402,slope,slight,渗流破坏,5,A2,100,0.0
0+403,slope,slight,渗流破坏,1,C1,98.9385,0.370954
0+403,slope,slight,渗流破坏,2,C5,99.1402,0.333856
0+403,slope,slight,渗流破坏,3,C4,99.3206,0.186993
0+403,slope,slight,渗流破坏,4,D5,70.0,0.108201
0+403,slope,slight,渗流破坏,5,A2,100,0.0
0+404,slope,slight,渗流破坏,1,C1,98.9385,0.370954
0+404,slope,slight,渗流破坏,2,C5,99.1402,0.333856
0+404,slope,slight,渗流破坏,3,C4,99.3206,0.186993
0+404,slope,slight,渗流破坏,4,D5,70.0,0.108201
0+404,slope,slight,渗流破坏,5,A2,100,0.0
0+405,slope,slight,渗流破坏,1,C1,98.9385,0.370954
0+405,slope,slight,渗流破坏,2,C5,99.1402,0.333856
0+405,slope,slight,渗流破坏,3,C4,99.3206,0.186993
0+405,slope,slight,渗流破坏,4,D5,70.0,0.108201
0+405,slope,slight,渗流破坏,5,A2,100,0.0
0+406,slope,slight,渗流破坏,1,C1,98.9385,0.370954
0+406,slope,slight,渗流破坏,2,C5,99.1402,0.333856
0+406,slope,slight,渗流破坏,3,C4,99.3206,0.186993
0+406,slope,slight,渗流破坏,4,D5,70.0,0.108201
0+406,slope,slight,渗流破坏,5,A2,100,0.0
0+407,slope,slight,渗流破坏,1,C1,98.9385,0.370954
0+407,slope,slight,渗流破坏,2,C5,99.1402,0.333856
0+407,slope,slight,渗流破坏,3,C4,99.3206,0.186993
0+407,slope,slight,渗流破坏,4,D5,70.0,0.108201
0+407,slope,slight,渗流破坏,5,A2,100,0.0
0+408,slope,slight,渗流破坏,1,C1,98.9385,0.370954
0+408,slope,slight,渗流破坏,2,C5,99.1402,0.333856
0+408,slope,slight,渗流破坏,3,C4,99.3206,0.186993
0+408,slope,slight,渗流破坏,4,D5,70.0,0.108201
0+408,slope,slight,渗流破坏,5,A2,100,0.0
0+409,slope,slight,渗流破坏,1,C1,98.9385,0.370954
0+409,slope,slight,渗流破坏,2,C5,99.1402,0.333856
0+409,slope,slight,渗流破坏,3,C4,99.3206,0.186993
0+409,slope,slight,渗流破坏,4,D5,70.0,0.108201
0+409,slope,slight,渗流破坏,5,A2,100,0.0
0+410,slope,slight,渗流破坏,1,C1,98.9385,0.370954
0+410,slope,slight,渗流破坏,2,C5,99.1402,0.333856
0+410,slope,slight,渗流破坏,3,C4,99.3206,0.186993
0+410,slope,slight,渗流破坏,4,D5,70.0,0.108201
0+410,slope,slight,渗流破坏,5,A2,100,0.0
0+411,slope,slight,渗流破坏,1,C1,98.9385,0.370954
0+411,slope,slight,渗流破坏,2,C5,99.1402,0.333856
0+411,slope,slight,渗流破坏,3,C4,99.3206,0.186993
0+411,slope,slight,渗流破坏,4,D5,70.0,0.108201
0+411,slope,slight,渗流破坏,5,A2,100,0.0
0+412,slope,slight,渗流破坏,1,C1,98.9385,0.370954
0+412,slope,slight,渗流破坏,2,C5,99.1402,0.333856
0+412,slope,slight,渗流破坏,3,C4,99.3206,0.186993
0+412,slope,slight,渗流破坏,4,D5,70.0,0.108201
0+412,slope,slight,渗流破坏,5,A2,100,0.0
0+413,slope,slight,渗流破坏,1,C1,98.9385,0.370954
0+413,slope,slight,渗流破坏,2,C5,99.1402,0.333856
0+413,slope,slight,渗流破坏,3,C4,99.3206,0.186993
0+413,slope,slight,渗流破坏,4,D5,70.0,0.108201
0+413,slope,slight,渗流破坏,5,A2,100,0.0
0+414,slope,slight,渗流破坏,1,C1,98.9385,0.370954
0+414,slope,slight,渗流破坏,2,C5,99.1402,0.333856
0+414,slope,slight,渗流破坏,3,C4,99.3206,0.186993
0+414,slope,slight,渗流破坏,4,D5,70.0,0.108201
0+414,slope,slight,渗流破坏,5,A2,100,0.0
0+415,slope,slight,渗流破坏,1,C1,98.9385,0.370954
0+415,slope,slight,渗流破坏,2,C5,99.1402,0.333856
0+415,slope,slight,渗流破坏,3,C4,99.3206,0.186993
0+415,slope,slight,渗流破坏,4,D5,70.0,0.108201
0+415,slope,slight,渗流破坏,5,A2,100,0.0
0+416,slope,slight,渗流破坏,1,C1,98.9385,0.370954
0+416,slope,slight,渗流破坏,2,C5,99.1402,0.333856
0+416,slope,slight,渗流破坏,3,C4,99.3206,0.186993
0+416,slope,slight,渗流破坏,4,D5,70.0,0.108201
0+416,slope,slight,渗流破坏,5,A2,100,0.0
0+417,slope,slight,渗流破坏,1,C1,98.9385,0.370954
0+417,slope,slight,渗流破坏,2,C5,99.1402,0.333856
0+417,slope,slight,渗流破坏,3,C4,99.3206,0.186993
0+417,slope,slight,渗流破坏,4,D5,70.0,0.108201
0+417,slope,slight,渗流破坏,5,A2,100,0.0
0+418,slope,slight,渗流破坏,1,C1,98.9385,0.370954
0+418,slope,slight,渗流破坏,2,C5,99.1402,0.333856
0+418,slope,slight,渗流破坏,3,C4,99.3206,0.186993
0+418,slope,slight,渗流破坏,4,D5,70.0,0.108201
0+418,slope,slight,渗流破坏,5,A2,100,0.0
0+419,slope,slight,渗流破坏,1,C1,98.9385,0.370954
0+419,slope,slight,渗流破坏,2,C5,99.1402,0.333856
0+419,slope,slight,渗流破坏,3,C4,99.3206,0.186993
0+419,slope,slight,渗流破坏,4,D5,70.0,0.108201
0+419,slope,slight,渗流破坏,5,A2,100,0.0
0+420,slope,slight,渗流破坏,1,C1,98.9385,0.370954
0+420,slope,slight,渗流破坏,2,C5,99.1402,0.333856
0+420,slope,slight,渗流破坏,3,C4,99.3206,0.186993
0+420,slope,slight,渗流破坏,4,D5,70.0,0.108201
0+420,slope,slight,渗流破坏,5,A2,100,0.0
0+421,slope,slight,渗流破坏,1,C1,98.9385,0.370954
0+421,slope,slight,渗流破坏,2,C5,99.1402,0.333856
0+421,slope,slight,渗流破坏,3,C4,99.3206,0.186993
0+421,slope,slight,渗流破坏,4,D5,70.0,0.108201
0+421,slope,slight,渗流破坏,5,A2,100,0.0
0+422,slope,slight,渗流破坏,1,C1,98.9385,0.370954
0+422,slope,slight,渗流破坏,2,C5,99.1402,0.333856
0+422,slope,slight,渗流破坏,3,C4,99.3206,0.186993
0+422,slope,slight,渗流破坏,4,D5,70.0,0.108201
0+422,slope,slight,渗流破坏,5,A2,100,0.0
0+423,slope,slight,渗流破坏,1,C1,98.9385,0.370954
0+423,slope,slight,渗流破坏,2,C5,99.1402,0.333856
0+423,slope,slight,渗流破坏,3,C4,99.3206,0.186993
0+423,slope,slight,渗流破坏,4,D5,70.0,0.108201
0+423,slope,slight,渗流破坏,5,A2,100,0.0
0+424,slope,slight,渗流破坏,1,C1,98.9385,0.370954
0+424,slope,slight,渗流破坏,2,C5,99.1402,0.333856
0+424,slope,slight,渗流破坏,3,C4,99.3206,0.186993
0+424,slope,slight,渗流破坏,4,D5,70.0,0.108201
0+424,slope,slight,渗流破坏,5,A2,100,0.0
0+425,slope,slight,渗流破坏,1,C1,98.9385,0.370954
0+425,slope,slight,渗流破坏,2,C5,99.1402,0.333856
0+425,slope,slight,渗流破坏,3,C4,99.3206,0.186993
0+425,slope,slight,渗流破坏,4,D5,70.0,0.108201
0+425,slope,slight,渗流破坏,5,A2,100,0.0
0+426,slope,moderate,边坡失稳,1,D2,50.096,0.366237
0+426,slope,moderate,边坡失稳,2,D1,61.2029,0.329248
0+426,slope,moderate,边坡失稳,3,D5,40.0,0.213488
0+426,slope,moderate,边坡失稳,4,A2,80,0.088489
0+426,slope,moderate,边坡失稳,5,C4,99.3206,0.002535
0+427,slope,moderate,边坡失稳,1,D2,50.228,0.378517
0+427,slope,moderate,边坡失稳,2,D1,62.6957,0.305081
0+427,slope,moderate,边坡失稳,3,D5,40.0,0.221821
0+427,slope,moderate,边坡失稳,4,A2,80,0.091943
0+427,slope,moderate,边坡失稳,5,C4,99.3206,0.002634
0+428,slope,moderate,边坡失稳,1,D1,61.0457,0.392025
0+428,slope,moderate,边坡失稳,2,D5,40.0,0.251332
0+428,slope,moderate,边坡失稳,3,D2,60.59,0.249479
0+428,slope,moderate,边坡失稳,4,A2,80,0.104175
0+428,slope,moderate,边坡失稳,5,C4,99.3206,0.002984
0+429,slope,moderate,边坡失稳,1,D2,56.74,0.328009
0+429,slope,moderate,边坡失稳,2,D1,64.7071,0.300029
0+429,slope,moderate,边坡失稳,3,D5,40.0,0.260774
0+429,slope,moderate,边坡失稳,4,A2,80,0.108089
0+429,slope,moderate,边坡失稳,5,C4,99.3206,0.003096
0+430,slope,moderate,边坡失稳,1,D1,63.9371,0.331808
0+430,slope,moderate,边坡失稳,2,D2,59.556,0.28546
0+430,slope,moderate,边坡失稳,3,D5,40.0,0.268325
0+430,slope,moderate,边坡失稳,4,A2,80,0.111218
0+430,slope,moderate,边坡失稳,5,C4,99.3206,0.003186
0+431,slope,moderate,边坡失稳,1,D2,55.574,0.334442
0+431,slope,moderate,边坡失稳,2,D1,63.9371,0.30906
0+431,slope,moderate,边坡失稳,3,D5,40.0,0.24993
0+431,slope,moderate,边坡失稳,4,A2,80,0.103594
0+431,slope,moderate,边坡失稳,5,C4,99.3206,0.002967
0+432,slope,moderate,边坡失稳,1,D2,50.602,0.404765
0+432,slope,moderate,边坡失稳,2,D1,65.65,0.251707
0+432,slope,moderate,边坡失稳,3,D5,40.0,0.240839
0+432,slope,moderate,边坡失稳,4,A2,80,0.099825
0+432,slope,moderate,边坡失稳,5,C4,99.3206,0.002859
0+433,slope,moderate,边坡失稳,1,D2,52.318,0.362242
0+433,slope,moderate,边坡失稳,2,D1,63.1514,0.307059
0+433,slope,moderate,边坡失稳,3,D5,40.0,0.231844
0+433,slope,moderate,边坡失稳,4,A2,80,0.096097
0+433,slope,moderate,边坡失稳,5,C4,99.3206,0.002753
0+434,slope,moderate,边坡失稳,1,D2,55.772,0.350052
0+434,slope,moderate,边坡失稳,2,D1,65.76,0.272971
0+434,slope,moderate,边坡失稳,3,D5,40.0,0.264289
0+434,slope,moderate,边坡失稳,4,A2,80,0.109546
0+434,slope,moderate,边坡失稳,5,C4,99.3206,0.003138
0+435,slope,moderate,边坡失稳,1,D2,58.038,0.319456
0+435,slope,moderate,边坡失稳,2,D1,65.4929,0.290554
0+435,slope,moderate,边坡失稳,3,D5,40.0,0.273411
0+435,slope,moderate,边坡失稳,4,A2,80,0.113326
0+435,slope,moderate,边坡失稳,5,C4,99.3206,0.003246
0+436,slope,moderate,边坡失稳,1,D1,60.7786,0.371686
0+436,slope,moderate,边坡失稳,2,D2,56.696,0.294808
0+436,slope,moderate,边坡失稳,3,D5,40.0,0.233814
0+436,slope,moderate,边坡失稳,4,A2,80,0.096914
0+436,slope,moderate,边坡失稳,5,C4,99.3206,0.002776
0+437,slope,moderate,边坡失稳,1,D2,55.618,0.362267
0+437,slope,moderate,边坡失稳,2,D5,40.0,0.271338
0+437,slope,moderate,边坡失稳,3,D1,66.7343,0.2507
0+437,slope,moderate,边坡失稳,4,A2,80,0.112467
0+437,slope,moderate,边坡失稳,5,C4,99.3206,0.003221
0+438,slope,moderate,边坡失稳,1,D2,57.95,0.325579
0+438,slope,moderate,边坡失稳,2,D1,65.9957,0.279012
0+438,slope,moderate,边坡失稳,3,D5,40.0,0.277212
0+438,slope,moderate,边坡失稳,4,A2,80,0.114902
0+438,slope,moderate,边坡失稳,5,C4,99.3206,0.003291
0+439,slope,moderate,边坡失稳,1,D2,57.246,0.323338
0+439,slope,moderate,边坡失稳,2,D1,64.8643,0.299541
0+439,slope,moderate,边坡失稳,3,D5,40.0,0.264388
0+439,slope,moderate,边坡失稳,4,A2,80,0.109587
0+439,slope,moderate,边坡失稳,5,C4,99.3206,0.003139
0+440,slope,moderate,边坡失稳,1,D1,60.1814,0.366874
0+440,slope,moderate,边坡失稳,2,D2,54.21,0.317196
0+440,slope,moderate,边坡失稳,3,D5,40.0,0.221489
0+440,slope,moderate,边坡失稳,4,A2,80,0.091805
0+440,slope,moderate,边坡失稳,5,C4,99.3206,0.00263
0+441,slope,moderate,边坡失稳,1,D1,61.5329,0.381379
0+441,slope,moderate,边坡失稳,2,D2,60.26,0.257242
0+441,slope,moderate,边坡失稳,3,D5,40.0,0.253352
0+441,slope,moderate,边坡失稳,4,A2,80,0.105012
0+441,slope,moderate,边坡失稳,5,C4,99.3206,0.003008
0+442,slope,moderate,边坡失稳,1,D2,57.95,0.337238
0+442,slope,moderate,边坡失稳,2,D5,40.0,0.287139
0+442,slope,moderate,边坡失稳,3,D1,67.1114,0.253195
0+442,slope,moderate,边坡失稳,4,A2,80,0.119016
0+442,slope,moderate,边坡失稳,5,C4,99.3206,0.003409
0+443,slope,moderate,边坡失稳,1,D2,50.624,0.390977
0+443,slope,moderate,边坡失稳,2,D1,64.3614,0.276892
0+443,slope,moderate,边坡失稳,3,D5,40.0,0.232846
0+443,slope,moderate,边坡失稳,4,A2,80,0.096513
0+443,slope,moderate,边坡失稳,5,C4,99.3206,0.002764
0+444,slope,moderate,边坡失稳,1,D2,54.87,0.356165
0+444,slope,moderate,边坡失稳,2,D1,65.3357,0.277466
0+444,slope,moderate,边坡失稳,3,D5,40.0,0.256852
0+444,slope,moderate,边坡失稳,4,A2,80,0.106463
0+444,slope,moderate,边坡失稳,5,C4,99.3206,0.003049
0+445,slope,moderate,边坡失稳,1,D2,53.044,0.367792
0+445,slope,moderate,边坡失稳,2,D1,64.5029,0.285338
0+445,slope,moderate,边坡失稳,3,D5,40.0,0.243181
0+445,slope,moderate,边坡失稳,4,A2,80,0.100796
0+445,slope,moderate,边坡失稳,5,C4,99.3206,0.002887
0+446,slope,moderate,边坡失稳,1,D2,52.164,0.369359
0+446,slope,moderate,边坡失稳,2,D1,63.7329,0.295722
0+446,slope,moderate,边坡失稳,3,D5,40.0,0.234805
0+446,slope,moderate,边坡失稳,4,A2,80,0.097324
0+446,slope,moderate,边坡失稳,5,C4,99.3206,0.002788
0+447,slope,moderate,边坡失稳,1,D2,52.824,0.388463
0+447,slope,moderate,边坡失稳,2,D5,40.0,0.254301
0+447,slope,moderate,边坡失稳,3,D1,66.2471,0.248806
0+447,slope,moderate,边坡失稳,4,A2,80,0.105405
0+447,slope,moderate,边坡失稳,5,C4,99.3206,0.003019
0+448,slope,moderate,边坡失稳,1,D1,61.9886,0.336631
0+448,slope,moderate,边坡失稳,2,D2,54.1,0.333223
0+448,slope,moderate,边坡失稳,3,D5,40.0,0.231456
0+448,slope,moderate,边坡失稳,4,A2,80,0.095937
0+448,slope,moderate,边坡失稳,5,C4,99.3206,0.002748
0+449,slope,moderate,边坡失稳,1,D2,53.308,0.36004
0+449,slope,moderate,边坡失稳,2,D1,64.0,0.296267
0+449,slope,moderate,边坡失稳,3,D5,40.0,0.240953
0+449,slope,moderate,边坡失稳,4,A2,80,0.099873
0+449,slope,moderate,边坡失稳,5,C4,99.3206,0.002861
0+450,slope,moderate,边坡失稳,1,D2,52.384,0.361276
0+450,slope,moderate,边坡失稳,2,D1,63.12,0.30795
0+450,slope,moderate,边坡失稳,3,D5,40.0,0.2319
0+450,slope,moderate,边坡失稳,4,A2,80,0.09612
0+450,slope,moderate,边坡失稳,5,C4,99.3206,0.002753
0+451,slope,severe,边坡失稳,1,D1,32.0214,0.402345
0+451,slope,severe,边坡失稳,2,D2,28.558,0.267929
0+451,slope,severe,边坡失稳,3,D5,0.0,0.139585
0+451,slope,severe,边坡失稳,4,A1,0,0.088096
0+451,slope,severe,边坡失稳,5,A2,60,0.069429
0+452,slope,severe,边坡失稳,1,D1,32.9486,0.410678
0+452,slope,severe,边坡失稳,2,D2,34.234,0.245347
0+452,slope,severe,边坡失稳,3,D5,0.0,0.145617
0+452,slope,severe,边坡失稳,4,A1,0,0.091903
0+452,slope,severe,边坡失稳,5,A2,60,0.07243
0+453,slope,severe,边坡失稳,1,D1,30.8586,0.408269
0+453,slope,severe,边坡失稳,2,D2,28.338,0.265965
0+453,slope,severe,边坡失稳,3,D5,0.0,0.137909
0+453,slope,severe,边坡失稳,4,A1,0,0.087038
0+453,slope,severe,边坡失稳,5,A2,60,0.068595
0+454,slope,severe,边坡失稳,1,D1,29.5386,0.42634
0+454,slope,severe,边坡失稳,2,D2,32.892,0.243353
0+454,slope,severe,边坡失稳,3,D5,0.0,0.139831
0+454,slope,severe,边坡失稳,4,A1,0,0.088251
0+454,slope,severe,边坡失稳,5,A2,60,0.069552
0+455,slope,severe,边坡失稳,1,D1,29.4129,0.415255
0+455,slope,severe,边坡失稳,2,D2,27.986,0.263914
0+455,slope,severe,边坡失稳,3,D5,0.0,0.13582
0+455,slope,severe,边坡失稳,4,A1,0,0.08572
0+455,slope,severe,边坡失稳,5,A2,60,0.067557
0+456,slope,severe,边坡失稳,1,D1,36.0914,0.380681
0+456,slope,severe,边坡失稳,2,D2,29.438,0.274714
0+456,slope,severe,边坡失稳,3,D5,0.0,0.145884
0+456,slope,severe,边坡失稳,4,A1,0,0.092072
0+456,slope,severe,边坡失稳,5,A2,60,0.072562
0+457,slope,severe,边坡失稳,1,D1,35.3686,0.387995
0+457,slope,severe,边坡失稳,2,D2,30.714,0.267187
0+457,slope,severe,边坡失稳,3,D5,0.0,0.145975
0+457,slope,severe,边坡失稳,4,A1,0,0.092129
0+457,slope,severe,边坡失稳,5,A2,60,0.072608
0+458,slope,severe,边坡失稳,1,D1,31.0629,0.410553
0+458,slope,severe,边坡失稳,2,D2,29.79,0.260335
0+458,slope,severe,边坡失稳,3,D5,0.0,0.139325
0+458,slope,severe,边坡失稳,4,A1,0,0.087932
0+458,slope,severe,边坡失稳,5,A2,60,0.0693
0+459,slope,severe,边坡失稳,1,D1,29.3971,0.415595
0+459,slope,severe,边坡失稳,2,D2,28.096,0.26342
0+459,slope,severe,边坡失稳,3,D5,0.0,0.135885
0+459,slope,severe,边坡失稳,4,A1,0,0.085761
0+459,slope,severe,边坡失稳,5,A2,60,0.067589
0+460,slope,severe,边坡失稳,1,D1,35.4629,0.381599
0+460,slope,severe,边坡失稳,2,D2,28.184,0.278457
0+460,slope,severe,边坡失稳,3,D5,0.0,0.143911
0+460,slope,severe,边坡失稳,4,A1,0,0.090826
0+460,slope,severe,边坡失稳,5,A2,60,0.071581
0+461,slope,severe,边坡失稳,1,D1,29.0357,0.420778
0+461,slope,severe,边坡失稳,2,D2,29.482,0.256789
0+461,slope,severe,边坡失稳,3,D5,0.0,0.136498
0+461,slope,severe,边坡失稳,4,A1,0,0.086147
0+461,slope,severe,边坡失稳,5,A2,60,0.067894
0+462,slope,severe,边坡失稳,1,D1,31.66,0.414211
0+462,slope,severe,边坡失稳,2,D2,32.694,0.24917
0+462,slope,severe,边坡失稳,3,D5,0.0,0.142503
0+462,slope,severe,边坡失稳,4,A1,0,0.089938
0+462,slope,severe,边坡失稳,5,A2,60,0.070881
0+463,slope,severe,边坡失稳,1,D1,31.4086,0.418101
0+463,slope,severe,边坡失稳,2,D2,33.706,0.244078
0+463,slope,severe,边坡失稳,3,D5,0.0,0.143012
0+463,slope,severe,边坡失稳,4,A1,0,0.090259
0+463,slope,severe,边坡失稳,5,A2,60,0.071134
0+464,slope,severe,边坡失稳,1,D1,36.0443,0.37257
0+464,slope,severe,边坡失稳,2,D2,25.698,0.290577
0+464,slope,severe,边坡失稳,3,D5,0.0,0.142603
0+464,slope,severe,边坡失稳,4,A1,0,0.09
0+464,slope,severe,边坡失稳,5,A2,60,0.07093
0+465,slope,severe,边坡失稳,1,D1,33.7971,0.38295
0+465,slope,severe,边坡失稳,2,D2,24.422,0.289693
0+465,slope,severe,边坡失稳,3,D5,0.0,0.138582
0+465,slope,severe,边坡失稳,4,A1,0,0.087463
0+465,slope,severe,边坡失稳,5,A2,60,0.06893
0+466,slope,severe,边坡失稳,1,D1,34.8343,0.385378
0+466,slope,severe,边坡失稳,2,D2,28.206,0.276683
0+466,slope,severe,边坡失稳,3,D5,0.0,0.143062
0+466,slope,severe,边坡失稳,4,A1,0,0.09029
0+466,slope,severe,边坡失稳,5,A2,60,0.071159
0+467,slope,severe,边坡失稳,1,D1,29.5386,0.420406
0+467,slope,severe,边坡失稳,2,D2,30.45,0.253884
0+467,slope,severe,边坡失稳,3,D5,0.0,0.137885
0+467,slope,severe,边坡失稳,4,A1,0,0.087023
0+467,slope,severe,边坡失稳,5,A2,60,0.068584
0+468,slope,severe,边坡失稳,1,D1,32.32,0.398086
0+468,slope,severe,边坡失稳,2,D2,27.436,0.273396
0+468,slope,severe,边坡失稳,3,D5,0.0,0.139074
0+468,slope,severe,边坡失稳,4,A1,0,0.087773
0+468,slope,severe,边坡失稳,5,A2,60,0.069175
0+469,slope,severe,边坡失稳,1,D1,32.1943,0.413357
0+469,slope,severe,边坡失稳,2,D2,33.574,0.246523
0+469,slope,severe,边坡失稳,3,D5,0.0,0.143985
0+469,slope,severe,边坡失稳,4,A1,0,0.090873
0+469,slope,severe,边坡失稳,5,A2,60,0.071618
0+470,slope,severe,边坡失稳,1,D1,31.5343,0.40287
0+470,slope,severe,边坡失稳,2,D2,27.612,0.270675
0+470,slope,severe,边坡失稳,3,D5,0.0,0.138201
0+470,slope,severe,边坡失稳,4,A1,0,0.087222
0+470,slope,severe,边坡失稳,5,A2,60,0.068741
0+471,slope,severe,边坡失稳,1,D1,31.3929,0.414525
0+471,slope,severe,边坡失稳,2,D2,32.21,0.250666
0+471,slope,severe,边坡失稳,3,D5,0.0,0.141737
0+471,slope,severe,边坡失稳,4,A1,0,0.089454
0+471,slope,severe,边坡失稳,5,A2,60,0.0705
0+472,slope,severe,边坡失稳,1,D1,32.6343,0.401768
0+472,slope,severe,边坡失稳,2,D2,29.79,0.264215
0+472,slope,severe,边坡失稳,3,D5,0.0,0.141401
0+472,slope,severe,边坡失稳,4,A1,0,0.089242
0+472,slope,severe,边坡失稳,5,A2,60,0.070333
0+473,slope,severe,边坡失稳,1,D1,34.7557,0.392007
0+473,slope,severe,边坡失稳,2,D2,30.868,0.264914
0+473,slope,severe,边坡失稳,3,D5,0.0,0.145238
0+473,slope,severe,边坡失稳,4,A1,0,0.091664
0+473,slope,severe,边坡失稳,5,A2,60,0.072241
0+474,slope,severe,边坡失稳,1,D1,34.6771,0.393771
0+474,slope,severe,边坡失稳,2,D2,31.418,0.262277
0+474,slope,severe,边坡失稳,3,D5,0.0,0.145608
0+474,slope,severe,边坡失稳,4,A1,0,0.091897
0+474,slope,severe,边坡失稳,5,A2,60,0.072425
0+475,slope,severe,边坡失稳,1,D1,34.0486,0.396114
0+475,slope,severe,边坡失稳,2,D2,30.846,0.263198
0+475,slope,severe,边坡失稳,3,D5,0.0,0.144226
0+475,slope,severe,边坡失稳,4,A1,0,0.091025
0+475,slope,severe,边坡失稳,5,A2,60,0.071738
0+476,slope,critical,边坡失稳,1,D1,0.0,0.443136
0+476,slope,critical,边坡失稳,2,D2,0.0,0.273085
0+476,slope,critical,边坡失稳,3,D5,0.0,0.120134
0+476,slope,critical,边坡失稳,4,A1,0,0.07582
0+476,slope,critical,边坡失稳,5,A2,60,0.059754
0+477,slope,critical,边坡失稳,1,D1,0.0,0.443136
0+477,slope,critical,边坡失稳,2,D2,0.0,0.273085
0+477,slope,critical,边坡失稳,3,D5,0.0,0.120134
0+477,slope,critical,边坡失稳,4,A1,0,0.07582
0+477,slope,critical,边坡失稳,5,A2,60,0.059754
0+478,slope,critical,边坡失稳,1,D1,0.0,0.443136
0+478,slope,critical,边坡失稳,2,D2,0.0,0.273085
0+478,slope,critical,边坡失稳,3,D5,0.0,0.120134
0+478,slope,critical,边坡失稳,4,A1,0,0.07582
0+478,slope,critical,边坡失稳,5,A2,60,0.059754
0+479,slope,critical,边坡失稳,1,D1,0.0,0.443136
0+479,slope,critical,边坡失稳,2,D2,0.0,0.273085
0+479,slope,critical,边坡失稳,3,D5,0.0,0.120134
0+479,slope,critical,边坡失稳,4,A1,0,0.07582
0+479,slope,critical,边坡失稳,5,A2,60,0.059754
0+480,slope,critical,边坡失稳,1,D1,0.0,0.443136
0+480,slope,critical,边坡失稳,2,D2,0.0,0.273085
0+480,slope,critical,边坡失稳,3,D5,0.0,0.120134
0+480,slope,critical,边坡失稳,4,A1,0,0.07582
0+480,slope,critical,边坡失稳,5,A2,60,0.059754
0+481,slope,critical,边坡失稳,1,D1,0.0,0.443136
0+481,slope,critical,边坡失稳,2,D2,0.0,0.273085
0+481,slope,critical,边坡失稳,3,D5,0.0,0.120134
0+481,slope,critical,边坡失稳,4,A1,0,0.07582
0+481,slope,critical,边坡失稳,5,A2,60,0.059754
0+482,slope,critical,边坡失稳,1,D1,0.0,0.443136
0+482,slope,critical,边坡失稳,2,D2,0.0,0.273085
0+482,slope,critical,边坡失稳,3,D5,0.0,0.120134
0+482,slope,critical,边坡失稳,4,A1,0,0.07582
0+482,slope,critical,边坡失稳,5,A2,60,0.059754
0+483,slope,critical,边坡失稳,1,D1,0.0,0.443136
0+483,slope,critical,边坡失稳,2,D2,0.0,0.273085
0+483,slope,critical,边坡失稳,3,D5,0.0,0.120134
0+483,slope,critical,边坡失稳,4,A1,0,0.07582
0+483,slope,critical,边坡失稳,5,A2,60,0.059754
0+484,slope,critical,边坡失稳,1,D1,0.0,0.443136
0+484,slope,critical,边坡失稳,2,D2,0.0,0.273085
0+484,slope,critical,边坡失稳,3,D5,0.0,0.120134
0+484,slope,critical,边坡失稳,4,A1,0,0.07582
0+484,slope,critical,边坡失稳,5,A2,60,0.059754
0+485,slope,critical,边坡失稳,1,D1,0.0,0.443136
0+485,slope,critical,边坡失稳,2,D2,0.0,0.273085
0+485,slope,critical,边坡失稳,3,D5,0.0,0.120134
0+485,slope,critical,边坡失稳,4,A1,0,0.07582
0+485,slope,critical,边坡失稳,5,A2,60,0.059754
0+486,slope,critical,边坡失稳,1,D1,0.0,0.443136
0+486,slope,critical,边坡失稳,2,D2,0.0,0.273085
0+486,slope,critical,边坡失稳,3,D5,0.0,0.120134
0+486,slope,critical,边坡失稳,4,A1,0,0.07582
0+486,slope,critical,边坡失稳,5,A2,60,0.059754
0+487,slope,critical,边坡失稳,1,D1,0.0,0.443136
0+487,slope,critical,边坡失稳,2,D2,0.0,0.273085
0+487,slope,critical,边坡失稳,3,D5,0.0,0.120134
0+487,slope,critical,边坡失稳,4,A1,0,0.07582
0+487,slope,critical,边坡失稳,5,A2,60,0.059754
0+488,slope,critical,边坡失稳,1,D1,0.0,0.443136
0+488,slope,critical,边坡失稳,2,D2,0.0,0.273085
0+488,slope,critical,边坡失稳,3,D5,0.0,0.120134
0+488,slope,critical,边坡失稳,4,A1,0,0.07582
0+488,slope,critical,边坡失稳,5,A2,60,0.059754
0+489,slope,critical,边坡失稳,1,D1,0.0,0.443136
0+489,slope,critical,边坡失稳,2,D2,0.0,0.273085
0+489,slope,critical,边坡失稳,3,D5,0.0,0.120134
0+489,slope,critical,边坡失稳,4,A1,0,0.07582
0+489,slope,critical,边坡失稳,5,A2,60,0.059754
0+490,slope,critical,边坡失稳,1,D1,0.0,0.443136
0+490,slope,critical,边坡失稳,2,D2,0.0,0.273085
0+490,slope,critical,边坡失稳,3,D5,0.0,0.120134
0+490,slope,critical,边坡失稳,4,A1,0,0.07582
0+490,slope,critical,边坡失稳,5,A2,60,0.059754
0+491,slope,critical,边坡失稳,1,D1,0.0,0.443136
0+491,slope,critical,边坡失稳,2,D2,0.0,0.273085
0+491,slope,critical,边坡失稳,3,D5,0.0,0.120134
0+491,slope,critical,边坡失稳,4,A1,0,0.07582
0+491,slope,critical,边坡失稳,5,A2,60,0.059754
0+492,slope,critical,边坡失稳,1,D1,0.0,0.443136
0+492,slope,critical,边坡失稳,2,D2,0.0,0.273085
0+492,slope,critical,边坡失稳,3,D5,0.0,0.120134
0+492,slope,critical,边坡失稳,4,A1,0,0.07582
0+492,slope,critical,边坡失稳,5,A2,60,0.059754
0+493,slope,critical,边坡失稳,1,D1,0.0,0.443136
0+493,slope,critical,边坡失稳,2,D2,0.0,0.273085
0+493,slope,critical,边坡失稳,3,D5,0.0,0.120134
0+493,slope,critical,边坡失稳,4,A1,0,0.07582
0+493,slope,critical,边坡失稳,5,A2,60,0.059754
0+494,slope,critical,边坡失稳,1,D1,0.0,0.443136
0+494,slope,critical,边坡失稳,2,D2,0.0,0.273085
0+494,slope,critical,边坡失稳,3,D5,0.0,0.120134
0+494,slope,critical,边坡失稳,4,A1,0,0.07582
0+494,slope,critical,边坡失稳,5,A2,60,0.059754
0+495,slope,critical,边坡失稳,1,D1,0.0,0.443136
0+495,slope,critical,边坡失稳,2,D2,0.0,0.273085
0+495,slope,critical,边坡失稳,3,D5,0.0,0.120134
0+495,slope,critical,边坡失稳,4,A1,0,0.07582
0+495,slope,critical,边坡失稳,5,A2,60,0.059754
0+496,slope,critical,边坡失稳,1,D1,0.0,0.443136
0+496,slope,critical,边坡失稳,2,D2,0.0,0.273085
0+496,slope,critical,边坡失稳,3,D5,0.0,0.120134
0+496,slope,critical,边坡失稳,4,A1,0,0.07582
0+496,slope,critical,边坡失稳,5,A2,60,0.059754
0+497,slope,critical,边坡失稳,1,D1,0.0,0.443136
0+497,slope,critical,边坡失稳,2,D2,0.0,0.273085
0+497,slope,critical,边坡失稳,3,D5,0.0,0.120134
0+497,slope,critical,边坡失稳,4,A1,0,0.07582
0+497,slope,critical,边坡失稳,5,A2,60,0.059754
0+498,slope,critical,边坡失稳,1,D1,0.0,0.443136
0+498,slope,critical,边坡失稳,2,D2,0.0,0.273085
0+498,slope,critical,边坡失稳,3,D5,0.0,0.120134
0+498,slope,critical,边坡失稳,4,A1,0,0.07582
0+498,slope,critical,边坡失稳,5,A2,60,0.059754
0+499,slope,critical,边坡失稳,1,D1,0.0,0.443136
0+499,slope,critical,边坡失稳,2,D2,0.0,0.273085
0+499,slope,critical,边坡失稳,3,D5,0.0,0.120134
0+499,slope,critical,边坡失稳,4,A1,0,0.07582
0+499,slope,critical,边坡失稳,5,A2,60,0.059754
0+500,slope,critical,边坡失稳,1,D1,0.0,0.443136
0+500,slope,critical,边坡失稳,2,D2,0.0,0.273085
0+500,slope,critical,边坡失稳,3,D5,0.0,0.120134
0+500,slope,critical,边坡失稳,4,A1,0,0.07582
0+500,slope,critical,边坡失稳,5,A2,60,0.059754
0+501,scour,safe,渗流破坏,1,C1,98.9385,0.415959
0+501,scour,safe,渗流破坏,2,C5,99.1402,0.374359
0+501,scour,safe,渗流破坏,3,C4,99.3206,0.20968
0+501,scour,safe,渗流破坏,4,A2,100,0.0
0+501,scour,safe,渗流破坏,5,A5,100,0.0
0+502,scour,safe,渗流破坏,1,C1,98.9385,0.415959
0+502,scour,safe,渗流破坏,2,C5,99.1402,0.374359
0+502,scour,safe,渗流破坏,3,C4,99.3206,0.20968
0+502,scour,safe,渗流破坏,4,A2,100,0.0
0+502,scour,safe,渗流破坏,5,A5,100,0.0
0+503,scour,safe,渗流破坏,1,C1,98.9385,0.415959
0+503,scour,safe,渗流破坏,2,C5,99.1402,0.374359
0+503,scour,safe,渗流破坏,3,C4,99.3206,0.20968
0+503,scour,safe,渗流破坏,4,A2,100,0.0
0+503,scour,safe,渗流破坏,5,A5,100,0.0
0+504,scour,safe,渗流破坏,1,C1,98.9385,0.415959
0+504,scour,safe,渗流破坏,2,C5,99.1402,0.374359
0+504,scour,safe,渗流破坏,3,C4,99.3206,0.20968
0+504,scour,safe,渗流破坏,4,A2,100,0.0
0+504,scour,safe,渗流破坏,5,A5,100,0.0
0+505,scour,safe,渗流破坏,1,C1,98.9385,0.415959
0+505,scour,safe,渗流破坏,2,C5,99.1402,0.374359
0+505,scour,safe,渗流破坏,3,C4,99.3206,0.20968
0+505,scour,safe,渗流破坏,4,A2,100,0.0
0+505,scour,safe,渗流破坏,5,A5,100,0.0
0+506,scour,safe,渗流破坏,1,C1,98.9385,0.415959
0+506,scour,safe,渗流破坏,2,C5,99.1402,0.374359
0+506,scour,safe,渗流破坏,3,C4,99.3206,0.20968
0+506,scour,safe,渗流破坏,4,A2,100,0.0
0+506,scour,safe,渗流破坏,5,A5,100,0.0
0+507,scour,safe,渗流破坏,1,C1,98.9385,0.415959
0+507,scour,safe,渗流破坏,2,C5,99.1402,0.374359
0+507,scour,safe,渗流破坏,3,C4,99.3206,0.20968
0+507,scour,safe,渗流破坏,4,A2,100,0.0
0+507,scour,safe,渗流破坏,5,A5,100,0.0
0+508,scour,safe,渗流破坏,1,C1,98.9385,0.415959
0+508,scour,safe,渗流破坏,2,C5,99.1402,0.374359
0+508,scour,safe,渗流破坏,3,C4,99.3206,0.20968
0+508,scour,safe,渗流破坏,4,A2,100,0.0
0+508,scour,safe,渗流破坏,5,A5,100,0.0
0+509,scour,safe,渗流破坏,1,C1,98.9385,0.415959
0+509,scour,safe,渗流破坏,2,C5,99.1402,0.374359
0+509,scour,safe,渗流破坏,3,C4,99.3206,0.20968
0+509,scour,safe,渗流破坏,4,A2,100,0.0
0+509,scour,safe,渗流破坏,5,A5,100,0.0
0+510,scour,safe,渗流破坏,1,C1,98.9385,0.415959
0+510,scour,safe,渗流破坏,2,C5,99.1402,0.374359
0+510,scour,safe,渗流破坏,3,C4,99.3206,0.20968
0+510,scour,safe,渗流破坏,4,A2,100,0.0
0+510,scour,safe,渗流破坏,5,A5,100,0.0
0+511,scour,safe,渗流破坏,1,C1,98.9385,0.415959
0+511,scour,safe,渗流破坏,2,C5,99.1402,0.374359
0+511,scour,safe,渗流破坏,3,C4,99.3206,0.20968
0+511,scour,safe,渗流破坏,4,A2,100,0.0
0+511,scour,safe,渗流破坏,5,A5,100,0.0
0+512,scour,safe,渗流破坏,1,C1,98.9385,0.415959
0+512,scour,safe,渗流破坏,2,C5,99.1402,0.374359
0+512,scour,safe,渗流破坏,3,C4,99.3206,0.20968
0+512,scour,safe,渗流破坏,4,A2,100,0.0
0+512,scour,safe,渗流破坏,5,A5,100,0.0
0+513,scour,safe,渗流破坏,1,C1,98.9385,0.415959
0+513,scour,safe,渗流破坏,2,C5,99.1402,0.374359
0+513,scour,safe,渗流破坏,3,C4,99.3206,0.20968
0+513,scour,safe,渗流破坏,4,A2,100,0.0
0+513,scour,safe,渗流破坏,5,A5,100,0.0
0+514,scour,safe,渗流破坏,1,C1,98.9385,0.415959
0+514,scour,safe,渗流破坏,2,C5,99.1402,0.374359
0+514,scour,safe,渗流破坏,3,C4,99.3206,0.20968
0+514,scour,safe,渗流破坏,4,A2,100,0.0
0+514,scour,safe,渗流破坏,5,A5,100,0.0
0+515,scour,safe,渗流破坏,1,C1,98.9385,0.415959
0+515,scour,safe,渗流破坏,2,C5,99.1402,0.374359
0+515,scour,safe,渗流破坏,3,C4,99.3206,0.20968
0+515,scour,safe,渗流破坏,4,A2,100,0.0
0+515,scour,safe,渗流破坏,5,A5,100,0.0
0+516,scour,safe,渗流破坏,1,C1,98.9385,0.415959
0+516,scour,safe,渗流破坏,2,C5,99.1402,0.374359
0+516,scour,safe,渗流破坏,3,C4,99.3206,0.20968
0+516,scour,safe,渗流破坏,4,A2,100,0.0
0+516,scour,safe,渗流破坏,5,A5,100,0.0
0+517,scour,safe,渗流破坏,1,C1,98.9385,0.415959
0+517,scour,safe,渗流破坏,2,C5,99.1402,0.374359
0+517,scour,safe,渗流破坏,3,C4,99.3206,0.20968
0+517,scour,safe,渗流破坏,4,A2,100,0.0
0+517,scour,safe,渗流破坏,5,A5,100,0.0
0+518,scour,safe,渗流破坏,1,C1,98.9385,0.415959
0+518,scour,safe,渗流破坏,2,C5,99.1402,0.374359
0+518,scour,safe,渗流破坏,3,C4,99.3206,0.20968
0+518,scour,safe,渗流破坏,4,A2,100,0.0
0+518,scour,safe,渗流破坏,5,A5,100,0.0
0+519,scour,safe,渗流破坏,1,C1,98.9385,0.415959
0+519,scour,safe,渗流破坏,2,C5,99.1402,0.374359
0+519,scour,safe,渗流破坏,3,C4,99.3206,0.20968
0+519,scour,safe,渗流破坏,4,A2,100,0.0
0+519,scour,safe,渗流破坏,5,A5,100,0.0
0+520,scour,safe,渗流破坏,1,C1,98.9385,0.415959
0+520,scour,safe,渗流破坏,2,C5,99.1402,0.374359
0+520,scour,safe,渗流破坏,3,C4,99.3206,0.20968
0+520,scour,safe,渗流破坏,4,A2,100,0.0
0+520,scour,safe,渗流破坏,5,A5,100,0.0
0+521,scour,safe,渗流破坏,1,C1,98.9385,0.415959
0+521,scour,safe,渗流破坏,2,C5,99.1402,0.374359
0+521,scour,safe,渗流破坏,3,C4,99.3206,0.20968
0+521,scour,safe,渗流破坏,4,A2,100,0.0
0+521,scour,safe,渗流破坏,5,A5,100,0.0
0+522,scour,safe,渗流破坏,1,C1,98.9385,0.415959
0+522,scour,safe,渗流破坏,2,C5,99.1402,0.374359
0+522,scour,safe,渗流破坏,3,C4,99.3206,0.20968
0+522,scour,safe,渗流破坏,4,A2,100,0.0
0+522,scour,safe,渗流破坏,5,A5,100,0.0
0+523,scour,safe,渗流破坏,1,C1,98.9385,0.415959
0+523,scour,safe,渗流破坏,2,C5,99.1402,0.374359
0+523,scour,safe,渗流破坏,3,C4,99.3206,0.20968
0+523,scour,safe,渗流破坏,4,A2,100,0.0
0+523,scour,safe,渗流破坏,5,A5,100,0.0
0+524,scour,safe,渗流破坏,1,C1,98.9385,0.415959
0+524,scour,safe,渗流破坏,2,C5,99.1402,0.374359
0+524,scour,safe,渗流破坏,3,C4,99.3206,0.20968
0+524,scour,safe,渗流破坏,4,A2,100,0.0
0+524,scour,safe,渗流破坏,5,A5,100,0.0
0+525,scour,safe,渗流破坏,1,C1,98.9385,0.415959
0+525,scour,safe,渗流破坏,2,C5,99.1402,0.374359
0+525,scour,safe,渗流破坏,3,C4,99.3206,0.20968
0+525,scour,safe,渗流破坏,4,A2,100,0.0
0+525,scour,safe,渗流破坏,5,A5,100,0.0
0+526,scour,slight,渗流破坏,1,C1,98.9385,0.415959
0+526,scour,slight,渗流破坏,2,C5,99.1402,0.374359
0+526,scour,slight,渗流破坏,3,C4,99.3206,0.20968
0+526,scour,slight,渗流破坏,4,A2,100,0.0
0+526,scour,slight,渗流破坏,5,A5,100,0.0
0+527,scour,slight,冲刷破坏,1,D3,70,0.782405
0+527,scour,slight,冲刷破坏,2,A4,80.0,0.182002
0+527,scour,slight,冲刷破坏,3,C5,99.1402,0.035583
0+527,scour,slight,冲刷破坏,4,B3,100.0,0.0
0+528,scour,slight,渗流破坏,1,C1,98.9385,0.415959
0+528,scour,slight,渗流破坏,2,C5,99.1402,0.374359
0+528,scour,slight,渗流破坏,3,C4,99.3206,0.20968
0+528,scour,slight,渗流破坏,4,A2,100,0.0
0+528,scour,slight,渗流破坏,5,A5,100,0.0
0+529,scour,slight,渗流破坏,1,C1,98.9385,0.415959
0+529,scour,slight,渗流破坏,2,C5,99.1402,0.374359
0+529,scour,slight,渗流破坏,3,C4,99.3206,0.20968
0+529,scour,slight,渗流破坏,4,A2,100,0.0
0+529,scour,slight,渗流破坏,5,A5,100,0.0
0+530,scour,slight,渗流破坏,1,C1,98.9385,0.415959
0+530,scour,slight,渗流破坏,2,C5,99.1402,0.374359
0+530,scour,slight,渗流破坏,3,C4,99.3206,0.20968
0+530,scour,slight,渗流破坏,4,A2,100,0.0
0+530,scour,slight,渗流破坏,5,A5,100,0.0
0+531,scour,slight,渗流破坏,1,C1,98.9385,0.415959
0+531,scour,slight,渗流破坏,2,C5,99.1402,0.374359
0+531,scour,slight,渗流破坏,3,C4,99.3206,0.20968
0+531,scour,slight,渗流破坏,4,A2,100,0.0
0+531,scour,slight,渗流破坏,5,A5,100,0.0
0+532,scour,slight,渗流破坏,1,C1,98.9385,0.415959
0+532,scour,slight,渗流破坏,2,C5,99.1402,0.374359
0+532,scour,slight,渗流破坏,3,C4,99.3206,0.20968
0+532,scour,slight,渗流破坏,4,A2,100,0.0
0+532,scour,slight,渗流破坏,5,A5,100,0.0
0+533,scour,slight,渗流破坏,1,C1,98.9385,0.415959
0+533,scour,slight,渗流破坏,2,C5,99.1402,0.374359
0+533,scour,slight,渗流破坏,3,C4,99.3206,0.20968
0+533,scour,slight,渗流破坏,4,A2,100,0.0
0+533,scour,slight,渗流破坏,5,A5,100,0.0
0+534,scour,slight,冲刷破坏,1,D3,70,0.782405
0+534,scour,slight,冲刷破坏,2,A4,80.0,0.182002
0+534,scour,slight,冲刷破坏,3,C5,99.1402,0.035583
0+534,scour,slight,冲刷破坏,4,B3,100.0,0.0
0+535,scour,slight,渗流破坏,1,C1,98.9385,0.415959
0+535,scour,slight,渗流破坏,2,C5,99.1402,0.374359
0+535,scour,slight,渗流破坏,3,C4,99.3206,0.20968
0+535,scour,slight,渗流破坏,4,A2,100,0.0
0+535,scour,slight,渗流破坏,5,A5,100,0.0
0+536,scour,slight,渗流破坏,1,C1,98.9385,0.415959
0+536,scour,slight,渗流破坏,2,C5,99.1402,0.374359
0+536,scour,slight,渗流破坏,3,C4,99.3206,0.20968
0+536,scour,slight,渗流破坏,4,A2,100,0.0
0+536,scour,slight,渗流破坏,5,A5,100,0.0
0+537,scour,slight,渗流破坏,1,C1,98.9385,0.415959
0+537,scour,slight,渗流破坏,2,C5,99.1402,0.374359
0+537,scour,slight,渗流破坏,3,C4,99.3206,0.20968
0+537,scour,slight,渗流破坏,4,A2,100,0.0
0+537,scour,slight,渗流破坏,5,A5,100,0.0
0+538,scour,slight,冲刷破坏,1,D3,70,0.782405
0+538,scour,slight,冲刷破坏,2,A4,80.0,0.182002
0+538,scour,slight,冲刷破坏,3,C5,99.1402,0.035583
0+538,scour,slight,冲刷破坏,4,B3,100.0,0.0
0+539,scour,slight,渗流破坏,1,C1,98.9385,0.415959
0+539,scour,slight,渗流破坏,2,C5,99.1402,0.374359
0+539,scour,slight,渗流破坏,3,C4,99.3206,0.20968
0+539,scour,slight,渗流破坏,4,A2,100,0.0
0+539,scour,slight,渗流破坏,5,A5,100,0.0
0+540,scour,slight,渗流破坏,1,C1,98.9385,0.415959
0+540,scour,slight,渗流破坏,2,C5,99.1402,0.374359
0+540,scour,slight,渗流破坏,3,C4,99.3206,0.20968
0+540,scour,slight,渗流破坏,4,A2,100,0.0
0+540,scour,slight,渗流破坏,5,A5,100,0.0
0+541,scour,slight,渗流破坏,1,C1,98.9385,0.415959
0+541,scour,slight,渗流破坏,2,C5,99.1402,0.374359
0+541,scour,slight,渗流破坏,3,C4,99.3206,0.20968
0+541,scour,slight,渗流破坏,4,A2,100,0.0
0+541,scour,slight,渗流破坏,5,A5,100,0.0
0+542,scour,slight,渗流破坏,1,C1,98.9385,0.415959
0+542,scour,slight,渗流破坏,2,C5,99.1402,0.374359
0+542,scour,slight,渗流破坏,3,C4,99.3206,0.20968
0+542,scour,slight,渗流破坏,4,A2,100,0.0
0+542,scour,slight,渗流破坏,5,A5,100,0.0
0+543,scour,slight,渗流破坏,1,C1,98.9385,0.415959
0+543,scour,slight,渗流破坏,2,C5,99.1402,0.374359
0+543,scour,slight,渗流破坏,3,C4,99.3206,0.20968
0+543,scour,slight,渗流破坏,4,A2,100,0.0
0+543,scour,slight,渗流破坏,5,A5,100,0.0
0+544,scour,slight,渗流破坏,1,C1,98.9385,0.415959
0+544,scour,slight,渗流破坏,2,C5,99.1402,0.374359
0+544,scour,slight,渗流破坏,3,C4,99.3206,0.20968
0+544,scour,slight,渗流破坏,4,A2,100,0.0
0+544,scour,slight,渗流破坏,5,A5,100,0.0
0+545,scour,slight,渗流破坏,1,C1,98.9385,0.415959
0+545,scour,slight,渗流破坏,2,C5,99.1402,0.374359
0+545,scour,slight,渗流破坏,3,C4,99.3206,0.20968
0+545,scour,slight,渗流破坏,4,A2,100,0.0
0+545,scour,slight,渗流破坏,5,A5,100,0.0
0+546,scour,slight,渗流破坏,1,C1,98.9385,0.415959
0+546,scour,slight,渗流破坏,2,C5,99.1402,0.374359
0+546,scour,slight,渗流破坏,3,C4,99.3206,0.20968
0+546,scour,slight,渗流破坏,4,A2,100,0.0
0+546,scour,slight,渗流破坏,5,A5,100,0.0
0+547,scour,slight,冲刷破坏,1,D3,70,0.782405
0+547,scour,slight,冲刷破坏,2,A4,80.0,0.182002
0+547,scour,slight,冲刷破坏,3,C5,99.1402,0.035583
0+547,scour,slight,冲刷破坏,4,B3,100.0,0.0
0+548,scour,slight,渗流破坏,1,C1,98.9385,0.415959
0+548,scour,slight,渗流破坏,2,C5,99.1402,0.374359
0+548,scour,slight,渗流破坏,3,C4,99.3206,0.20968
0+548,scour,slight,渗流破坏,4,A2,100,0.0
0+548,scour,slight,渗流破坏,5,A5,100,0.0
0+549,scour,slight,渗流破坏,1,C1,98.9385,0.415959
0+549,scour,slight,渗流破坏,2,C5,99.1402,0.374359
0+549,scour,slight,渗流破坏,3,C4,99.3206,0.20968
0+549,scour,slight,渗流破坏,4,A2,100,0.0
0+549,scour,slight,渗流破坏,5,A5,100,0.0
0+550,scour,slight,渗流破坏,1,C1,98.9385,0.415959
0+550,scour,slight,渗流破坏,2,C5,99.1402,0.374359
0+550,scour,slight,渗流破坏,3,C4,99.3206,0.20968
0+550,scour,slight,渗流破坏,4,A2,100,0.0
0+550,scour,slight,渗流破坏,5,A5,100,0.0
0+551,scour,moderate,冲刷破坏,1,D3,70,0.661931
0+551,scour,moderate,冲刷破坏,2,A4,60.0,0.307962
0+551,scour,moderate,冲刷破坏,3,C5,99.1402,0.030104
0+551,scour,moderate,冲刷破坏,4,B3,100.0,0.0
0+552,scour,moderate,冲刷破坏,1,D3,70,0.661931
0+552,scour,moderate,冲刷破坏,2,A4,60.0,0.307962
0+552,scour,moderate,冲刷破坏,3,C5,99.1402,0.030104
0+552,scour,moderate,冲刷破坏,4,B3,100.0,0.0
0+553,scour,moderate,冲刷破坏,1,D3,70,0.661931
0+553,scour,moderate,冲刷破坏,2,A4,60.0,0.307962
0+553,scour,moderate,冲刷破坏,3,C5,99.1402,0.030104
0+553,scour,moderate,冲刷破坏,4,B3,100.0,0.0
0+554,scour,moderate,冲刷破坏,1,D3,70,0.661931
0+554,scour,moderate,冲刷破坏,2,A4,60.0,0.307962
0+554,scour,moderate,冲刷破坏,3,C5,99.1402,0.030104
0+554,scour,moderate,冲刷破坏,4,B3,100.0,0.0
0+555,scour,moderate,冲刷破坏,1,D3,70,0.661931
0+555,scour,moderate,冲刷破坏,2,A4,60.0,0.307962
0+555,scour,moderate,冲刷破坏,3,C5,99.1402,0.030104
0+555,scour,moderate,冲刷破坏,4,B3,100.0,0.0
0+556,scour,moderate,冲刷破坏,1,D3,70,0.661931
0+556,scour,moderate,冲刷破坏,2,A4,60.0,0.307962
0+556,scour,moderate,冲刷破坏,3,C5,99.1402,0.030104
0+556,scour,moderate,冲刷破坏,4,B3,100.0,0.0
0+557,scour,moderate,冲刷破坏,1,D3,70,0.661931
0+557,scour,moderate,冲刷破坏,2,A4,60.0,0.307962
0+557,scour,moderate,冲刷破坏,3,C5,99.1402,0.030104
0+557,scour,moderate,冲刷破坏,4,B3,100.0,0.0
0+558,scour,moderate,冲刷破坏,1,D3,70,0.661931
0+558,scour,moderate,冲刷破坏,2,A4,60.0,0.307962
0+558,scour,moderate,冲刷破坏,3,C5,99.1402,0.030104
0+558,scour,moderate,冲刷破坏,4,B3,100.0,0.0
0+559,scour,moderate,冲刷破坏,1,D3,70,0.661931
0+559,scour,moderate,冲刷破坏,2,A4,60.0,0.307962
0+559,scour,moderate,冲刷破坏,3,C5,99.1402,0.030104
0+559,scour,moderate,冲刷破坏,4,B3,100.0,0.0
0+560,scour,moderate,冲刷破坏,1,D3,70,0.661931
0+560,scour,moderate,冲刷破坏,2,A4,60.0,0.307962
0+560,scour,moderate,冲刷破坏,3,C5,99.1402,0.030104
0+560,scour,moderate,冲刷破坏,4,B3,100.0,0.0
0+561,scour,moderate,冲刷破坏,1,D3,70,0.661931
0+561,scour,moderate,冲刷破坏,2,A4,60.0,0.307962
0+561,scour,moderate,冲刷破坏,3,C5,99.1402,0.030104
0+561,scour,moderate,冲刷破坏,4,B3,100.0,0.0
0+562,scour,moderate,冲刷破坏,1,D3,70,0.661931
0+562,scour,moderate,冲刷破坏,2,A4,60.0,0.307962
0+562,scour,moderate,冲刷破坏,3,C5,99.1402,0.030104
0+562,scour,moderate,冲刷破坏,4,B3,100.0,0.0
0+563,scour,moderate,冲刷破坏,1,D3,70,0.661931
0+563,scour,moderate,冲刷破坏,2,A4,60.0,0.307962
0+563,scour,moderate,冲刷破坏,3,C5,99.1402,0.030104
0+563,scour,moderate,冲刷破坏,4,B3,100.0,0.0
0+564,scour,moderate,冲刷破坏,1,D3,70,0.661931
0+564,scour,moderate,冲刷破坏,2,A4,60.0,0.307962
0+564,scour,moderate,冲刷破坏,3,C5,99.1402,0.030104
0+564,scour,moderate,冲刷破坏,4,B3,100.0,0.0
0+565,scour,moderate,冲刷破坏,1,D3,70,0.661931
0+565,scour,moderate,冲刷破坏,2,A4,60.0,0.307962
0+565,scour,moderate,冲刷破坏,3,C5,99.1402,0.030104
0+565,scour,moderate,冲刷破坏,4,B3,100.0,0.0
0+566,scour,moderate,冲刷破坏,1,D3,70,0.661931
0+566,scour,moderate,冲刷破坏,2,A4,60.0,0.307962
0+566,scour,moderate,冲刷破坏,3,C5,99.1402,0.030104
0+566,scour,moderate,冲刷破坏,4,B3,100.0,0.0
0+567,scour,moderate,冲刷破坏,1,D3,70,0.661931
0+567,scour,moderate,冲刷破坏,2,A4,60.0,0.307962
0+567,scour,moderate,冲刷破坏,3,C5,99.1402,0.030104
0+567,scour,moderate,冲刷破坏,4,B3,100.0,0.0
0+568,scour,moderate,冲刷破坏,1,D3,70,0.661931
0+568,scour,moderate,冲刷破坏,2,A4,60.0,0.307962
0+568,scour,moderate,冲刷破坏,3,C5,99.1402,0.030104
0+568,scour,moderate,冲刷破坏,4,B3,100.0,0.0
0+569,scour,moderate,冲刷破坏,1,D3,70,0.661931
0+569,scour,moderate,冲刷破坏,2,A4,60.0,0.307962
0+569,scour,moderate,冲刷破坏,3,C5,99.1402,0.030104
0+569,scour,moderate,冲刷破坏,4,B3,100.0,0.0
0+570,scour,moderate,冲刷破坏,1,D3,70,0.661931
0+570,scour,moderate,冲刷破坏,2,A4,60.0,0.307962
0+570,scour,moderate,冲刷破坏,3,C5,99.1402,0.030104
0+570,scour,moderate,冲刷破坏,4,B3,100.0,0.0
0+571,scour,moderate,冲刷破坏,1,D3,70,0.661931
0+571,scour,moderate,冲刷破坏,2,A4,60.0,0.307962
0+571,scour,moderate,冲刷破坏,3,C5,99.1402,0.030104
0+571,scour,moderate,冲刷破坏,4,B3,100.0,0.0
0+572,scour,moderate,冲刷破坏,1,D3,70,0.661931
0+572,scour,moderate,冲刷破坏,2,A4,60.0,0.307962
0+572,scour,moderate,冲刷破坏,3,C5,99.1402,0.030104
0+572,scour,moderate,冲刷破坏,4,B3,100.0,0.0
0+573,scour,moderate,冲刷破坏,1,D3,70,0.661931
0+573,scour,moderate,冲刷破坏,2,A4,60.0,0.307962
0+573,scour,moderate,冲刷破坏,3,C5,99.1402,0.030104
0+573,scour,moderate,冲刷破坏,4,B3,100.0,0.0
0+574,scour,moderate,冲刷破坏,1,D3,70,0.661931
0+574,scour,moderate,冲刷破坏,2,A4,60.0,0.307962
0+574,scour,moderate,冲刷破坏,3,C5,99.1402,0.030104
0+574,scour,moderate,冲刷破坏,4,B3,100.0,0.0
0+575,scour,moderate,冲刷破坏,1,D3,70,0.661931
0+575,scour,moderate,冲刷破坏,2,A4,60.0,0.307962
0+575,scour,moderate,冲刷破坏,3,C5,99.1402,0.030104
0+575,scour,moderate,冲刷破坏,4,B3,100.0,0.0
0+576,scour,severe,冲刷破坏,1,D3,0,0.817659
0+576,scour,severe,冲刷破坏,2,A4,40.0,0.171184
0+576,scour,severe,冲刷破坏,3,C5,99.1402,0.011156
0+576,scour,severe,冲刷破坏,4,B3,100.0,0.0
0+577,scour,severe,冲刷破坏,1,D3,0,0.817659
0+577,scour,severe,冲刷破坏,2,A4,40.0,0.171184
0+577,scour,severe,冲刷破坏,3,C5,99.1402,0.011156
0+577,scour,severe,冲刷破坏,4,B3,100.0,0.0
0+578,scour,severe,冲刷破坏,1,D3,0,0.817659
0+578,scour,severe,冲刷破坏,2,A4,40.0,0.171184
0+578,scour,severe,冲刷破坏,3,C5,99.1402,0.011156
0+578,scour,severe,冲刷破坏,4,B3,100.0,0.0
0+579,scour,severe,冲刷破坏,1,D3,0,0.817659
0+579,scour,severe,冲刷破坏,2,A4,40.0,0.171184
0+579,scour,severe,冲刷破坏,3,C5,99.1402,0.011156
0+579,scour,severe,冲刷破坏,4,B3,100.0,0.0
0+580,scour,severe,冲刷破坏,1,D3,0,0.817659
0+580,scour,severe,冲刷破坏,2,A4,40.0,0.171184
0+580,scour,severe,冲刷破坏,3,C5,99.1402,0.011156
0+580,scour,severe,冲刷破坏,4,B3,100.0,0.0
0+581,scour,severe,冲刷破坏,1,D3,0,0.817659
0+581,scour,severe,冲刷破坏,2,A4,40.0,0.171184
0+581,scour,severe,冲刷破坏,3,C5,99.1402,0.011156
0+581,scour,severe,冲刷破坏,4,B3,100.0,0.0
0+582,scour,severe,冲刷破坏,1,D3,0,0.817659
0+582,scour,severe,冲刷破坏,2,A4,40.0,0.171184
0+582,scour,severe,冲刷破坏,3,C5,99.1402,0.011156
0+582,scour,severe,冲刷破坏,4,B3,100.0,0.0
0+583,scour,severe,冲刷破坏,1,D3,0,0.817659
0+583,scour,severe,冲刷破坏,2,A4,40.0,0.171184
0+583,scour,severe,冲刷破坏,3,C5,99.1402,0.011156
0+583,scour,severe,冲刷破坏,4,B3,100.0,0.0
0+584,scour,severe,冲刷破坏,1,D3,0,0.817659
0+584,scour,severe,冲刷破坏,2,A4,40.0,0.171184
0+584,scour,severe,冲刷破坏,3,C5,99.1402,0.011156
0+584,scour,severe,冲刷破坏,4,B3,100.0,0.0
0+585,scour,severe,冲刷破坏,1,D3,0,0.817659
0+585,scour,severe,冲刷破坏,2,A4,40.0,0.171184
0+585,scour,severe,冲刷破坏,3,C5,99.1402,0.011156
0+585,scour,severe,冲刷破坏,4,B3,100.0,0.0
0+586,scour,severe,冲刷破坏,1,D3,0,0.817659
0+586,scour,severe,冲刷破坏,2,A4,40.0,0.171184
0+586,scour,severe,冲刷破坏,3,C5,99.1402,0.011156
0+586,scour,severe,冲刷破坏,4,B3,100.0,0.0
0+587,scour,severe,冲刷破坏,1,D3,0,0.817659
0+587,scour,severe,冲刷破坏,2,A4,40.0,0.171184
0+587,scour,severe,冲刷破坏,3,C5,99.1402,0.011156
0+587,scour,severe,冲刷破坏,4,B3,100.0,0.0
0+588,scour,severe,冲刷破坏,1,D3,0,0.817659
0+588,scour,severe,冲刷破坏,2,A4,40.0,0.171184
0+588,scour,severe,冲刷破坏,3,C5,99.1402,0.011156
0+588,scour,severe,冲刷破坏,4,B3,100.0,0.0
0+589,scour,severe,冲刷破坏,1,D3,0,0.817659
0+589,scour,severe,冲刷破坏,2,A4,40.0,0.171184
0+589,scour,severe,冲刷破坏,3,C5,99.1402,0.011156
0+589,scour,severe,冲刷破坏,4,B3,100.0,0.0
0+590,scour,severe,冲刷破坏,1,D3,0,0.817659
0+590,scour,severe,冲刷破坏,2,A4,40.0,0.171184
0+590,scour,severe,冲刷破坏,3,C5,99.1402,0.011156
0+590,scour,severe,冲刷破坏,4,B3,100.0,0.0
0+591,scour,severe,冲刷破坏,1,D3,0,0.817659
0+591,scour,severe,冲刷破坏,2,A4,40.0,0.171184
0+591,scour,severe,冲刷破坏,3,C5,99.1402,0.011156
0+591,scour,severe,冲刷破坏,4,B3,100.0,0.0
0+592,scour,severe,冲刷破坏,1,D3,0,0.817659
0+592,scour,severe,冲刷破坏,2,A4,40.0,0.171184
0+592,scour,severe,冲刷破坏,3,C5,99.1402,0.011156
0+592,scour,severe,冲刷破坏,4,B3,100.0,0.0
0+593,scour,severe,冲刷破坏,1,D3,0,0.817659
0+593,scour,severe,冲刷破坏,2,A4,40.0,0.171184
0+593,scour,severe,冲刷破坏,3,C5,99.1402,0.011156
0+593,scour,severe,冲刷破坏,4,B3,100.0,0.0
0+594,scour,severe,冲刷破坏,1,D3,0,0.817659
0+594,scour,severe,冲刷破坏,2,A4,40.0,0.171184
0+594,scour,severe,冲刷破坏,3,C5,99.1402,0.011156
0+594,scour,severe,冲刷破坏,4,B3,100.0,0.0
0+595,scour,severe,冲刷破坏,1,D3,0,0.817659
0+595,scour,severe,冲刷破坏,2,A4,40.0,0.171184
0+595,scour,severe,冲刷破坏,3,C5,99.1402,0.011156
0+595,scour,severe,冲刷破坏,4,B3,100.0,0.0
0+596,scour,severe,冲刷破坏,1,D3,0,0.817659
0+596,scour,severe,冲刷破坏,2,A4,40.0,0.171184
0+596,scour,severe,冲刷破坏,3,C5,99.1402,0.011156
0+596,scour,severe,冲刷破坏,4,B3,100.0,0.0
0+597,scour,severe,冲刷破坏,1,D3,0,0.817659
0+597,scour,severe,冲刷破坏,2,A4,40.0,0.171184
0+597,scour,severe,冲刷破坏,3,C5,99.1402,0.011156
0+597,scour,severe,冲刷破坏,4,B3,100.0,0.0
0+598,scour,severe,冲刷破坏,1,D3,0,0.817659
0+598,scour,severe,冲刷破坏,2,A4,40.0,0.171184
0+598,scour,severe,冲刷破坏,3,C5,99.1402,0.011156
0+598,scour,severe,冲刷破坏,4,B3,100.0,0.0
0+599,scour,severe,冲刷破坏,1,D3,0,0.817659
0+599,scour,severe,冲刷破坏,2,A4,40.0,0.171184
0+599,scour,severe,冲刷破坏,3,C5,99.1402,0.011156
0+599,scour,severe,冲刷破坏,4,B3,100.0,0.0
0+600,scour,severe,冲刷破坏,1,D3,0,0.817659
0+600,scour,severe,冲刷破坏,2,A4,40.0,0.171184
0+600,scour,severe,冲刷破坏,3,C5,99.1402,0.011156
0+600,scour,severe,冲刷破坏,4,B3,100.0,0.0
0+601,scour,critical,冲刷破坏,1,D3,0,0.733904
0+601,scour,critical,冲刷破坏,2,A4,0.0,0.256083
0+601,scour,critical,冲刷破坏,3,C5,99.1402,0.010013
0+601,scour,critical,冲刷破坏,4,B3,100.0,0.0
0+602,scour,critical,冲刷破坏,1,D3,0,0.733904
0+602,scour,critical,冲刷破坏,2,A4,0.0,0.256083
0+602,scour,critical,冲刷破坏,3,C5,99.1402,0.010013
0+602,scour,critical,冲刷破坏,4,B3,100.0,0.0
0+603,scour,critical,冲刷破坏,1,D3,0,0.733904
0+603,scour,critical,冲刷破坏,2,A4,0.0,0.256083
0+603,scour,critical,冲刷破坏,3,C5,99.1402,0.010013
0+603,scour,critical,冲刷破坏,4,B3,100.0,0.0
0+604,scour,critical,冲刷破坏,1,D3,0,0.733904
0+604,scour,critical,冲刷破坏,2,A4,0.0,0.256083
0+604,scour,critical,冲刷破坏,3,C5,99.1402,0.010013
0+604,scour,critical,冲刷破坏,4,B3,100.0,0.0
0+605,scour,critical,冲刷破坏,1,D3,0,0.733904
0+605,scour,critical,冲刷破坏,2,A4,0.0,0.256083
0+605,scour,critical,冲刷破坏,3,C5,99.1402,0.010013
0+605,scour,critical,冲刷破坏,4,B3,100.0,0.0
0+606,scour,critical,冲刷破坏,1,D3,0,0.733904
0+606,scour,critical,冲刷破坏,2,A4,0.0,0.256083
0+606,scour,critical,冲刷破坏,3,C5,99.1402,0.010013
0+606,scour,critical,冲刷破坏,4,B3,100.0,0.0
0+607,scour,critical,冲刷破坏,1,D3,0,0.733904
0+607,scour,critical,冲刷破坏,2,A4,0.0,0.256083
0+607,scour,critical,冲刷破坏,3,C5,99.1402,0.010013
0+607,scour,critical,冲刷破坏,4,B3,100.0,0.0
0+608,scour,critical,冲刷破坏,1,D3,0,0.733904
0+608,scour,critical,冲刷破坏,2,A4,0.0,0.256083
0+608,scour,critical,冲刷破坏,3,C5,99.1402,0.010013
0+608,scour,critical,冲刷破坏,4,B3,100.0,0.0
0+609,scour,critical,冲刷破坏,1,D3,0,0.733904
0+609,scour,critical,冲刷破坏,2,A4,0.0,0.256083
0+609,scour,critical,冲刷破坏,3,C5,99.1402,0.010013
0+609,scour,critical,冲刷破坏,4,B3,100.0,0.0
0+610,scour,critical,冲刷破坏,1,D3,0,0.733904
0+610,scour,critical,冲刷破坏,2,A4,0.0,0.256083
0+610,scour,critical,冲刷破坏,3,C5,99.1402,0.010013
0+610,scour,critical,冲刷破坏,4,B3,100.0,0.0
0+611,scour,critical,冲刷破坏,1,D3,0,0.733904
0+611,scour,critical,冲刷破坏,2,A4,0.0,0.256083
0+611,scour,critical,冲刷破坏,3,C5,99.1402,0.010013
0+611,scour,critical,冲刷破坏,4,B3,100.0,0.0
0+612,scour,critical,冲刷破坏,1,D3,0,0.733904
0+612,scour,critical,冲刷破坏,2,A4,0.0,0.256083
0+612,scour,critical,冲刷破坏,3,C5,99.1402,0.010013
0+612,scour,critical,冲刷破坏,4,B3,100.0,0.0
0+613,scour,critical,冲刷破坏,1,D3,0,0.733904
0+613,scour,critical,冲刷破坏,2,A4,0.0,0.256083
0+613,scour,critical,冲刷破坏,3,C5,99.1402,0.010013
0+613,scour,critical,冲刷破坏,4,B3,100.0,0.0
0+614,scour,critical,冲刷破坏,1,D3,0,0.733904
0+614,scour,critical,冲刷破坏,2,A4,0.0,0.256083
0+614,scour,critical,冲刷破坏,3,C5,99.1402,0.010013
0+614,scour,critical,冲刷破坏,4,B3,100.0,0.0
0+615,scour,critical,冲刷破坏,1,D3,0,0.733904
0+615,scour,critical,冲刷破坏,2,A4,0.0,0.256083
0+615,scour,critical,冲刷破坏,3,C5,99.1402,0.010013
0+615,scour,critical,冲刷破坏,4,B3,100.0,0.0
0+616,scour,critical,冲刷破坏,1,D3,0,0.733904
0+616,scour,critical,冲刷破坏,2,A4,0.0,0.256083
0+616,scour,critical,冲刷破坏,3,C5,99.1402,0.010013
0+616,scour,critical,冲刷破坏,4,B3,100.0,0.0
0+617,scour,critical,冲刷破坏,1,D3,0,0.733904
0+617,scour,critical,冲刷破坏,2,A4,0.0,0.256083
0+617,scour,critical,冲刷破坏,3,C5,99.1402,0.010013
0+617,scour,critical,冲刷破坏,4,B3,100.0,0.0
0+618,scour,critical,冲刷破坏,1,D3,0,0.733904
0+618,scour,critical,冲刷破坏,2,A4,0.0,0.256083
0+618,scour,critical,冲刷破坏,3,C5,99.1402,0.010013
0+618,scour,critical,冲刷破坏,4,B3,100.0,0.0
0+619,scour,critical,冲刷破坏,1,D3,0,0.733904
0+619,scour,critical,冲刷破坏,2,A4,0.0,0.256083
0+619,scour,critical,冲刷破坏,3,C5,99.1402,0.010013
0+619,scour,critical,冲刷破坏,4,B3,100.0,0.0
0+620,scour,critical,冲刷破坏,1,D3,0,0.733904
0+620,scour,critical,冲刷破坏,2,A4,0.0,0.256083
0+620,scour,critical,冲刷破坏,3,C5,99.1402,0.010013
0+620,scour,critical,冲刷破坏,4,B3,100.0,0.0
0+621,scour,critical,冲刷破坏,1,D3,0,0.733904
0+621,scour,critical,冲刷破坏,2,A4,0.0,0.256083
0+621,scour,critical,冲刷破坏,3,C5,99.1402,0.010013
0+621,scour,critical,冲刷破坏,4,B3,100.0,0.0
0+622,scour,critical,冲刷破坏,1,D3,0,0.733904
0+622,scour,critical,冲刷破坏,2,A4,0.0,0.256083
0+622,scour,critical,冲刷破坏,3,C5,99.1402,0.010013
0+622,scour,critical,冲刷破坏,4,B3,100.0,0.0
0+623,scour,critical,冲刷破坏,1,D3,0,0.733904
0+623,scour,critical,冲刷破坏,2,A4,0.0,0.256083
0+623,scour,critical,冲刷破坏,3,C5,99.1402,0.010013
0+623,scour,critical,冲刷破坏,4,B3,100.0,0.0
0+624,scour,critical,冲刷破坏,1,D3,0,0.733904
0+624,scour,critical,冲刷破坏,2,A4,0.0,0.256083
0+624,scour,critical,冲刷破坏,3,C5,99.1402,0.010013
0+624,scour,critical,冲刷破坏,4,B3,100.0,0.0
0+625,scour,critical,冲刷破坏,1,D3,0,0.733904
0+625,scour,critical,冲刷破坏,2,A4,0.0,0.256083
0+625,scour,critical,冲刷破坏,3,C5,99.1402,0.010013
0+625,scour,critical,冲刷破坏,4,B3,100.0,0.0
0+626,building,safe,渗流破坏,1,C1,98.9385,0.415959
0+626,building,safe,渗流破坏,2,C5,99.1402,0.374359
0+626,building,safe,渗流破坏,3,C4,99.3206,0.20968
0+626,building,safe,渗流破坏,4,A2,100,0.0
0+626,building,safe,渗流破坏,5,A5,100,0.0
0+627,building,safe,渗流破坏,1,C1,98.9385,0.415959
0+627,building,safe,渗流破坏,2,C5,99.1402,0.374359
0+627,building,safe,渗流破坏,3,C4,99.3206,0.20968
0+627,building,safe,渗流破坏,4,A2,100,0.0
0+627,building,safe,渗流破坏,5,A5,100,0.0
0+628,building,safe,渗流破坏,1,C1,98.9385,0.415959
0+628,building,safe,渗流破坏,2,C5,99.1402,0.374359
0+628,building,safe,渗流破坏,3,C4,99.3206,0.20968
0+628,building,safe,渗流破坏,4,A2,100,0.0
0+628,building,safe,渗流破坏,5,A5,100,0.0
0+629,building,safe,渗流破坏,1,C1,98.9385,0.415959
0+629,building,safe,渗流破坏,2,C5,99.1402,0.374359
0+629,building,safe,渗流破坏,3,C4,99.3206,0.20968
0+629,building,safe,渗流破坏,4,A2,100,0.0
0+629,building,safe,渗流破坏,5,A5,100,0.0
0+630,building,safe,渗流破坏,1,C1,98.9385,0.415959
0+630,building,safe,渗流破坏,2,C5,99.1402,0.374359
0+630,building,safe,渗流破坏,3,C4,99.3206,0.20968
0+630,building,safe,渗流破坏,4,A2,100,0.0
0+630,building,safe,渗流破坏,5,A5,100,0.0
0+631,building,safe,渗流破坏,1,C1,98.9385,0.415959
0+631,building,safe,渗流破坏,2,C5,99.1402,0.374359
0+631,building,safe,渗流破坏,3,C4,99.3206,0.20968
0+631,building,safe,渗流破坏,4,A2,100,0.0
0+631,building,safe,渗流破坏,5,A5,100,0.0
0+632,building,safe,渗流破坏,1,C1,98.9385,0.415959
0+632,building,safe,渗流破坏,2,C5,99.1402,0.374359
0+632,building,safe,渗流破坏,3,C4,99.3206,0.20968
0+632,building,safe,渗流破坏,4,A2,100,0.0
0+632,building,safe,渗流破坏,5,A5,100,0.0
0+633,building,safe,渗流破坏,1,C1,98.9385,0.415959
0+633,building,safe,渗流破坏,2,C5,99.1402,0.374359
0+633,building,safe,渗流破坏,3,C4,99.3206,0.20968
0+633,building,safe,渗流破坏,4,A2,100,0.0
0+633,building,safe,渗流破坏,5,A5,100,0.0
0+634,building,safe,渗流破坏,1,C1,98.9385,0.415959
0+634,building,safe,渗流破坏,2,C5,99.1402,0.374359
0+634,building,safe,渗流破坏,3,C4,99.3206,0.20968
0+634,building,safe,渗流破坏,4,A2,100,0.0
0+634,building,safe,渗流破坏,5,A5,100,0.0
0+635,building,safe,渗流破坏,1,C1,98.9385,0.415959
0+635,building,safe,渗流破坏,2,C5,99.1402,0.374359
0+635,building,safe,渗流破坏,3,C4,99.3206,0.20968
0+635,building,safe,渗流破坏,4,A2,100,0.0
0+635,building,safe,渗流破坏,5,A5,100,0.0
0+636,building,safe,渗流破坏,1,C1,98.9385,0.415959
0+636,building,safe,渗流破坏,2,C5,99.1402,0.374359
0+636,building,safe,渗流破坏,3,C4,99.3206,0.20968
0+636,building,safe,渗流破坏,4,A2,100,0.0
0+636,building,safe,渗流破坏,5,A5,100,0.0
0+637,building,safe,渗流破坏,1,C1,98.9385,0.415959
0+637,building,safe,渗流破坏,2,C5,99.1402,0.374359
0+637,building,safe,渗流破坏,3,C4,99.3206,0.20968
0+637,building,safe,渗流破坏,4,A2,100,0.0
0+637,building,safe,渗流破坏,5,A5,100,0.0
0+638,building,safe,渗流破坏,1,C1,98.9385,0.415959
0+638,building,safe,渗流破坏,2,C5,99.1402,0.374359
0+638,building,safe,渗流破坏,3,C4,99.3206,0.20968
0+638,building,safe,渗流破坏,4,A2,100,0.0
0+638,building,safe,渗流破坏,5,A5,100,0.0
0+639,building,safe,渗流破坏,1,C1,98.9385,0.415959
0+639,building,safe,渗流破坏,2,C5,99.1402,0.374359
0+639,building,safe,渗流破坏,3,C4,99.3206,0.20968
0+639,building,safe,渗流破坏,4,A2,100,0.0
0+639,building,safe,渗流破坏,5,A5,100,0.0
0+640,building,safe,渗流破坏,1,C1,98.9385,0.415959
0+640,building,safe,渗流破坏,2,C5,99.1402,0.374359
0+640,building,safe,渗流破坏,3,C4,99.3206,0.20968
0+640,building,safe,渗流破坏,4,A2,100,0.0
0+640,building,safe,渗流破坏,5,A5,100,0.0
0+641,building,safe,渗流破坏,1,C1,98.9385,0.415959
0+641,building,safe,渗流破坏,2,C5,99.1402,0.374359
0+641,building,safe,渗流破坏,3,C4,99.3206,0.20968
0+641,building,safe,渗流破坏,4,A2,100,0.0
0+641,building,safe,渗流破坏,5,A5,100,0.0
0+642,building,safe,渗流破坏,1,C1,98.9385,0.415959
0+642,building,safe,渗流破坏,2,C5,99.1402,0.374359
0+642,building,safe,渗流破坏,3,C4,99.3206,0.20968
0+642,building,safe,渗流破坏,4,A2,100,0.0
0+642,building,safe,渗流破坏,5,A5,100,0.0
0+643,building,safe,渗流破坏,1,C1,98.9385,0.415959
0+643,building,safe,渗流破坏,2,C5,99.1402,0.374359
0+643,building,safe,渗流破坏,3,C4,99.3206,0.20968
0+643,building,safe,渗流破坏,4,A2,100,0.0
0+643,building,safe,渗流破坏,5,A5,100,0.0
0+644,building,safe,渗流破坏,1,C1,98.9385,0.415959
0+644,building,safe,渗流破坏,2,C5,99.1402,0.374359
0+644,building,safe,渗流破坏,3,C4,99.3206,0.20968
0+644,building,safe,渗流破坏,4,A2,100,0.0
0+644,building,safe,渗流破坏,5,A5,100,0.0
0+645,building,safe,渗流破坏,1,C1,98.9385,0.415959
0+645,building,safe,渗流破坏,2,C5,99.1402,0.374359
0+645,building,safe,渗流破坏,3,C4,99.3206,0.20968
0+645,building,safe,渗流破坏,4,A2,100,0.0
0+645,building,safe,渗流破坏,5,A5,100,0.0
0+646,building,safe,渗流破坏,1,C1,98.9385,0.415959
0+646,building,safe,渗流破坏,2,C5,99.1402,0.374359
0+646,building,safe,渗流破坏,3,C4,99.3206,0.20968
0+646,building,safe,渗流破坏,4,A2,100,0.0
0+646,building,safe,渗流破坏,5,A5,100,0.0
0+647,building,safe,渗流破坏,1,C1,98.9385,0.415959
0+647,building,safe,渗流破坏,2,C5,99.1402,0.374359
0+647,building,safe,渗流破坏,3,C4,99.3206,0.20968
0+647,building,safe,渗流破坏,4,A2,100,0.0
0+647,building,safe,渗流破坏,5,A5,100,0.0
0+648,building,safe,渗流破坏,1,C1,98.9385,0.415959
0+648,building,safe,渗流破坏,2,C5,99.1402,0.374359
0+648,building,safe,渗流破坏,3,C4,99.3206,0.20968
0+648,building,safe,渗流破坏,4,A2,100,0.0
0+648,building,safe,渗流破坏,5,A5,100,0.0
0+649,building,safe,渗流破坏,1,C1,98.9385,0.415959
0+649,building,safe,渗流破坏,2,C5,99.1402,0.374359
0+649,building,safe,渗流破坏,3,C4,99.3206,0.20968
0+649,building,safe,渗流破坏,4,A2,100,0.0
0+649,building,safe,渗流破坏,5,A5,100,0.0
0+650,building,safe,渗流破坏,1,C1,98.9385,0.415959
0+650,building,safe,渗流破坏,2,C5,99.1402,0.374359
0+650,building,safe,渗流破坏,3,C4,99.3206,0.20968
0+650,building,safe,渗流破坏,4,A2,100,0.0
0+650,building,safe,渗流破坏,5,A5,100,0.0
0+651,building,slight,渗流破坏,1,C1,98.9385,0.415959
0+651,building,slight,渗流破坏,2,C5,99.1402,0.374359
0+651,building,slight,渗流破坏,3,C4,99.3206,0.20968
0+651,building,slight,渗流破坏,4,A2,100,0.0
0+651,building,slight,渗流破坏,5,A5,100,0.0
0+652,building,slight,渗流破坏,1,C1,98.9385,0.415959
0+652,building,slight,渗流破坏,2,C5,99.1402,0.374359
0+652,building,slight,渗流破坏,3,C4,99.3206,0.20968
0+652,building,slight,渗流破坏,4,A2,100,0.0
0+652,building,slight,渗流破坏,5,A5,100,0.0
0+653,building,slight,渗流破坏,1,C1,98.9385,0.415959
0+653,building,slight,渗流破坏,2,C5,99.1402,0.374359
0+653,building,slight,渗流破坏,3,C4,99.3206,0.20968
0+653,building,slight,渗流破坏,4,A2,100,0.0
0+653,building,slight,渗流破坏,5,A5,100,0.0
0+654,building,slight,渗流破坏,1,C1,98.9385,0.415959
0+654,building,slight,渗流破坏,2,C5,99.1402,0.374359
0+654,building,slight,渗流破坏,3,C4,99.3206,0.20968
0+654,building,slight,渗流破坏,4,A2,100,0.0
0+654,building,slight,渗流破坏,5,A5,100,0.0
0+655,building,slight,渗流破坏,1,C1,98.9385,0.415959
0+655,building,slight,渗流破坏,2,C5,99.1402,0.374359
0+655,building,slight,渗流破坏,3,C4,99.3206,0.20968
0+655,building,slight,渗流破坏,4,A2,100,0.0
0+655,building,slight,渗流破坏,5,A5,100,0.0
0+656,building,slight,渗流破坏,1,C1,98.9385,0.415959
0+656,building,slight,渗流破坏,2,C5,99.1402,0.374359
0+656,building,slight,渗流破坏,3,C4,99.3206,0.20968
0+656,building,slight,渗流破坏,4,A2,100,0.0
0+656,building,slight,渗流破坏,5,A5,100,0.0
0+657,building,slight,渗流破坏,1,C1,98.9385,0.415959
0+657,building,slight,渗流破坏,2,C5,99.1402,0.374359
0+657,building,slight,渗流破坏,3,C4,99.3206,0.20968
0+657,building,slight,渗流破坏,4,A2,100,0.0
0+657,building,slight,渗流破坏,5,A5,100,0.0
0+658,building,slight,渗流破坏,1,C1,98.9385,0.415959
0+658,building,slight,渗流破坏,2,C5,99.1402,0.374359
0+658,building,slight,渗流破坏,3,C4,99.3206,0.20968
0+658,building,slight,渗流破坏,4,A2,100,0.0
0+658,building,slight,渗流破坏,5,A5,100,0.0
0+659,building,slight,渗流破坏,1,C1,98.9385,0.415959
0+659,building,slight,渗流破坏,2,C5,99.1402,0.374359
0+659,building,slight,渗流破坏,3,C4,99.3206,0.20968
0+659,building,slight,渗流破坏,4,A2,100,0.0
0+659,building,slight,渗流破坏,5,A5,100,0.0
0+660,building,slight,渗流破坏,1,C1,98.9385,0.415959
0+660,building,slight,渗流破坏,2,C5,99.1402,0.374359
0+660,building,slight,渗流破坏,3,C4,99.3206,0.20968
0+660,building,slight,渗流破坏,4,A2,100,0.0
0+660,building,slight,渗流破坏,5,A5,100,0.0
0+661,building,slight,渗流破坏,1,C1,98.9385,0.415959
0+661,building,slight,渗流破坏,2,C5,99.1402,0.374359
0+661,building,slight,渗流破坏,3,C4,99.3206,0.20968
0+661,building,slight,渗流破坏,4,A2,100,0.0
0+661,building,slight,渗流破坏,5,A5,100,0.0
0+662,building,slight,渗流破坏,1,C1,98.9385,0.415959
0+662,building,slight,渗流破坏,2,C5,99.1402,0.374359
0+662,building,slight,渗流破坏,3,C4,99.3206,0.20968
0+662,building,slight,渗流破坏,4,A2,100,0.0
0+662,building,slight,渗流破坏,5,A5,100,0.0
0+663,building,slight,渗流破坏,1,C1,98.9385,0.415959
0+663,building,slight,渗流破坏,2,C5,99.1402,0.374359
0+663,building,slight,渗流破坏,3,C4,99.3206,0.20968
0+663,building,slight,渗流破坏,4,A2,100,0.0
0+663,building,slight,渗流破坏,5,A5,100,0.0
0+664,building,slight,渗流破坏,1,C1,98.9385,0.415959
0+664,building,slight,渗流破坏,2,C5,99.1402,0.374359
0+664,building,slight,渗流破坏,3,C4,99.3206,0.20968
0+664,building,slight,渗流破坏,4,A2,100,0.0
0+664,building,slight,渗流破坏,5,A5,100,0.0
0+665,building,slight,渗流破坏,1,C1,98.9385,0.415959
0+665,building,slight,渗流破坏,2,C5,99.1402,0.374359
0+665,building,slight,渗流破坏,3,C4,99.3206,0.20968
0+665,building,slight,渗流破坏,4,A2,100,0.0
0+665,building,slight,渗流破坏,5,A5,100,0.0
0+666,building,slight,渗流破坏,1,C1,98.9385,0.415959
0+666,building,slight,渗流破坏,2,C5,99.1402,0.374359
0+666,building,slight,渗流破坏,3,C4,99.3206,0.20968
0+666,building,slight,渗流破坏,4,A2,100,0.0
0+666,building,slight,渗流破坏,5,A5,100,0.0
0+667,building,slight,渗流破坏,1,C1,98.9385,0.415959
0+667,building,slight,渗流破坏,2,C5,99.1402,0.374359
0+667,building,slight,渗流破坏,3,C4,99.3206,0.20968
0+667,building,slight,渗流破坏,4,A2,100,0.0
0+667,building,slight,渗流破坏,5,A5,100,0.0
0+668,building,slight,渗流破坏,1,C1,98.9385,0.415959
0+668,building,slight,渗流破坏,2,C5,99.1402,0.374359
0+668,building,slight,渗流破坏,3,C4,99.3206,0.20968
0+668,building,slight,渗流破坏,4,A2,100,0.0
0+668,building,slight,渗流破坏,5,A5,100,0.0
0+669,building,slight,渗流破坏,1,C1,98.9385,0.415959
0+669,building,slight,渗流破坏,2,C5,99.1402,0.374359
0+669,building,slight,渗流破坏,3,C4,99.3206,0.20968
0+669,building,slight,渗流破坏,4,A2,100,0.0
0+669,building,slight,渗流破坏,5,A5,100,0.0
0+670,building,slight,渗流破坏,1,C1,98.9385,0.415959
0+670,building,slight,渗流破坏,2,C5,99.1402,0.374359
0+670,building,slight,渗流破坏,3,C4,99.3206,0.20968
0+670,building,slight,渗流破坏,4,A2,100,0.0
0+670,building,slight,渗流破坏,5,A5,100,0.0
0+671,building,slight,渗流破坏,1,C1,98.9385,0.415959
0+671,building,slight,渗流破坏,2,C5,99.1402,0.374359
0+671,building,slight,渗流破坏,3,C4,99.3206,0.20968
0+671,building,slight,渗流破坏,4,A2,100,0.0
0+671,building,slight,渗流破坏,5,A5,100,0.0
0+672,building,slight,渗流破坏,1,C1,98.9385,0.415959
0+672,building,slight,渗流破坏,2,C5,99.1402,0.374359
0+672,building,slight,渗流破坏,3,C4,99.3206,0.20968
0+672,building,slight,渗流破坏,4,A2,100,0.0
0+672,building,slight,渗流破坏,5,A5,100,0.0
0+673,building,slight,渗流破坏,1,C1,98.9385,0.415959
0+673,building,slight,渗流破坏,2,C5,99.1402,0.374359
0+673,building,slight,渗流破坏,3,C4,99.3206,0.20968
0+673,building,slight,渗流破坏,4,A2,100,0.0
0+673,building,slight,渗流破坏,5,A5,100,0.0
0+674,building,slight,渗流破坏,1,C1,98.9385,0.415959
0+674,building,slight,渗流破坏,2,C5,99.1402,0.374359
0+674,building,slight,渗流破坏,3,C4,99.3206,0.20968
0+674,building,slight,渗流破坏,4,A2,100,0.0
0+674,building,slight,渗流破坏,5,A5,100,0.0
0+675,building,slight,渗流破坏,1,C1,98.9385,0.415959
0+675,building,slight,渗流破坏,2,C5,99.1402,0.374359
0+675,building,slight,渗流破坏,3,C4,99.3206,0.20968
0+675,building,slight,渗流破坏,4,A2,100,0.0
0+675,building,slight,渗流破坏,5,A5,100,0.0
0+676,building,moderate,穿堤建筑物失效,1,C6,60.0,0.56174
0+676,building,moderate,穿堤建筑物失效,2,A3,70,0.17095
0+676,building,moderate,穿堤建筑物失效,3,D4,60.0,0.138684
0+676,building,moderate,穿堤建筑物失效,4,B4,60.0,0.128624
0+676,building,moderate,穿堤建筑物失效,5,A8,100.0,0.0
0+677,building,moderate,穿堤建筑物失效,1,C6,60.0,0.56174
0+677,building,moderate,穿堤建筑物失效,2,A3,70,0.17095
0+677,building,moderate,穿堤建筑物失效,3,D4,60.0,0.138684
0+677,building,moderate,穿堤建筑物失效,4,B4,60.0,0.128624
0+677,building,moderate,穿堤建筑物失效,5,A8,100.0,0.0
0+678,building,moderate,穿堤建筑物失效,1,C6,60.0,0.56174
0+678,building,moderate,穿堤建筑物失效,2,A3,70,0.17095
0+678,building,moderate,穿堤建筑物失效,3,D4,60.0,0.138684
0+678,building,moderate,穿堤建筑物失效,4,B4,60.0,0.128624
0+678,building,moderate,穿堤建筑物失效,5,A8,100.0,0.0
0+679,building,moderate,穿堤建筑物失效,1,C6,60.0,0.56174
0+679,building,moderate,穿堤建筑物失效,2,A3,70,0.17095
0+679,building,moderate,穿堤建筑物失效,3,D4,60.0,0.138684
0+679,building,moderate,穿堤建筑物失效,4,B4,60.0,0.128624
0+679,building,moderate,穿堤建筑物失效,5,A8,100.0,0.0
0+680,building,moderate,穿堤建筑物失效,1,C6,60.0,0.56174
0+680,building,moderate,穿堤建筑物失效,2,A3,70,0.17095
0+680,building,moderate,穿堤建筑物失效,3,D4,60.0,0.138684
0+680,building,moderate,穿堤建筑物失效,4,B4,60.0,0.128624
0+680,building,moderate,穿堤建筑物失效,5,A8,100.0,0.0
0+681,building,moderate,穿堤建筑物失效,1,C6,60.0,0.56174
0+681,building,moderate,穿堤建筑物失效,2,A3,70,0.17095
0+681,building,moderate,穿堤建筑物失效,3,D4,60.0,0.138684
0+681,building,moderate,穿堤建筑物失效,4,B4,60.0,0.128624
0+681,building,moderate,穿堤建筑物失效,5,A8,100.0,0.0
0+682,building,moderate,穿堤建筑物失效,1,C6,60.0,0.56174
0+682,building,moderate,穿堤建筑物失效,2,A3,70,0.17095
0+682,building,moderate,穿堤建筑物失效,3,D4,60.0,0.138684
0+682,building,moderate,穿堤建筑物失效,4,B4,60.0,0.128624
0+682,building,moderate,穿堤建筑物失效,5,A8,100.0,0.0
0+683,building,moderate,穿堤建筑物失效,1,C6,60.0,0.56174
0+683,building,moderate,穿堤建筑物失效,2,A3,70,0.17095
0+683,building,moderate,穿堤建筑物失效,3,D4,60.0,0.138684
0+683,building,moderate,穿堤建筑物失效,4,B4,60.0,0.128624
0+683,building,moderate,穿堤建筑物失效,5,A8,100.0,0.0
0+684,building,moderate,穿堤建筑物失效,1,C6,60.0,0.56174
0+684,building,moderate,穿堤建筑物失效,2,A3,70,0.17095
0+684,building,moderate,穿堤建筑物失效,3,D4,60.0,0.138684
0+684,building,moderate,穿堤建筑物失效,4,B4,60.0,0.128624
0+684,building,moderate,穿堤建筑物失效,5,A8,100.0,0.0
0+685,building,moderate,穿堤建筑物失效,1,C6,60.0,0.56174
0+685,building,moderate,穿堤建筑物失效,2,A3,70,0.17095
0+685,building,moderate,穿堤建筑物失效,3,D4,60.0,0.138684
0+685,building,moderate,穿堤建筑物失效,4,B4,60.0,0.128624
0+685,building,moderate,穿堤建筑物失效,5,A8,100.0,0.0
0+686,building,moderate,穿堤建筑物失效,1,C6,60.0,0.56174
0+686,building,moderate,穿堤建筑物失效,2,A3,70,0.17095
0+686,building,moderate,穿堤建筑物失效,3,D4,60.0,0.138684
0+686,building,moderate,穿堤建筑物失效,4,B4,60.0,0.128624
0+686,building,moderate,穿堤建筑物失效,5,A8,100.0,0.0
0+687,building,moderate,穿堤建筑物失效,1,C6,60.0,0.56174
0+687,building,moderate,穿堤建筑物失效,2,A3,70,0.17095
0+687,building,moderate,穿堤建筑物失效,3,D4,60.0,0.138684
0+687,building,moderate,穿堤建筑物失效,4,B4,60.0,0.128624
0+687,building,moderate,穿堤建筑物失效,5,A8,100.0,0.0
0+688,building,moderate,穿堤建筑物失效,1,C6,60.0,0.56174
0+688,building,moderate,穿堤建筑物失效,2,A3,70,0.17095
0+688,building,moderate,穿堤建筑物失效,3,D4,60.0,0.138684
0+688,building,moderate,穿堤建筑物失效,4,B4,60.0,0.128624
0+688,building,moderate,穿堤建筑物失效,5,A8,100.0,0.0
0+689,building,moderate,穿堤建筑物失效,1,C6,60.0,0.56174
0+689,building,moderate,穿堤建筑物失效,2,A3,70,0.17095
0+689,building,moderate,穿堤建筑物失效,3,D4,60.0,0.138684
0+689,building,moderate,穿堤建筑物失效,4,B4,60.0,0.128624
0+689,building,moderate,穿堤建筑物失效,5,A8,100.0,0.0
0+690,building,moderate,穿堤建筑物失效,1,C6,60.0,0.56174
0+690,building,moderate,穿堤建筑物失效,2,A3,70,0.17095
0+690,building,moderate,穿堤建筑物失效,3,D4,60.0,0.138684
0+690,building,moderate,穿堤建筑物失效,4,B4,60.0,0.128624
0+690,building,moderate,穿堤建筑物失效,5,A8,100.0,0.0
0+691,building,moderate,穿堤建筑物失效,1,C6,60.0,0.56174
0+691,building,moderate,穿堤建筑物失效,2,A3,70,0.17095
0+691,building,moderate,穿堤建筑物失效,3,D4,60.0,0.138684
0+691,building,moderate,穿堤建筑物失效,4,B4,60.0,0.128624
0+691,building,moderate,穿堤建筑物失效,5,A8,100.0,0.0
0+692,building,moderate,穿堤建筑物失效,1,C6,60.0,0.56174
0+692,building,moderate,穿堤建筑物失效,2,A3,70,0.17095
0+692,building,moderate,穿堤建筑物失效,3,D4,60.0,0.138684
0+692,building,moderate,穿堤建筑物失效,4,B4,60.0,0.128624
0+692,building,moderate,穿堤建筑物失效,5,A8,100.0,0.0
0+693,building,moderate,穿堤建筑物失效,1,C6,60.0,0.56174
0+693,building,moderate,穿堤建筑物失效,2,A3,70,0.17095
0+693,building,moderate,穿堤建筑物失效,3,D4,60.0,0.138684
0+693,building,moderate,穿堤建筑物失效,4,B4,60.0,0.128624
0+693,building,moderate,穿堤建筑物失效,5,A8,100.0,0.0
0+694,building,moderate,穿堤建筑物失效,1,C6,60.0,0.56174
0+694,building,moderate,穿堤建筑物失效,2,A3,70,0.17095
0+694,building,moderate,穿堤建筑物失效,3,D4,60.0,0.138684
0+694,building,moderate,穿堤建筑物失效,4,B4,60.0,0.128624
0+694,building,moderate,穿堤建筑物失效,5,A8,100.0,0.0
0+695,building,moderate,穿堤建筑物失效,1,C6,60.0,0.56174
0+695,building,moderate,穿堤建筑物失效,2,A3,70,0.17095
0+695,building,moderate,穿堤建筑物失效,3,D4,60.0,0.138684
0+695,building,moderate,穿堤建筑物失效,4,B4,60.0,0.128624
0+695,building,moderate,穿堤建筑物失效,5,A8,100.0,0.0
0+696,building,moderate,穿堤建筑物失效,1,C6,60.0,0.56174
0+696,building,moderate,穿堤建筑物失效,2,A3,70,0.17095
0+696,building,moderate,穿堤建筑物失效,3,D4,60.0,0.138684
0+696,building,moderate,穿堤建筑物失效,4,B4,60.0,0.128624
0+696,building,moderate,穿堤建筑物失效,5,A8,100.0,0.0
0+697,building,moderate,穿堤建筑物失效,1,C6,60.0,0.56174
0+697,building,moderate,穿堤建筑物失效,2,A3,70,0.17095
0+697,building,moderate,穿堤建筑物失效,3,D4,60.0,0.138684
0+697,building,moderate,穿堤建筑物失效,4,B4,60.0,0.128624
0+697,building,moderate,穿堤建筑物失效,5,A8,100.0,0.0
0+698,building,moderate,穿堤建筑物失效,1,C6,60.0,0.56174
0+698,building,moderate,穿堤建筑物失效,2,A3,70,0.17095
0+698,building,moderate,穿堤建筑物失效,3,D4,60.0,0.138684
0+698,building,moderate,穿堤建筑物失效,4,B4,60.0,0.128624
0+698,building,moderate,穿堤建筑物失效,5,A8,100.0,0.0
0+699,building,moderate,穿堤建筑物失效,1,C6,60.0,0.56174
0+699,building,moderate,穿堤建筑物失效,2,A3,70,0.17095
0+699,building,moderate,穿堤建筑物失效,3,D4,60.0,0.138684
0+699,building,moderate,穿堤建筑物失效,4,B4,60.0,0.128624
0+699,building,moderate,穿堤建筑物失效,5,A8,100.0,0.0
0+700,building,moderate,穿堤建筑物失效,1,C6,60.0,0.56174
0+700,building,moderate,穿堤建筑物失效,2,A3,70,0.17095
0+700,building,moderate,穿堤建筑物失效,3,D4,60.0,0.138684
0+700,building,moderate,穿堤建筑物失效,4,B4,60.0,0.128624
0+700,building,moderate,穿堤建筑物失效,5,A8,100.0,0.0
0+701,building,severe,穿堤建筑物失效,1,C6,0.0,0.531457
0+701,building,severe,穿堤建筑物失效,2,A3,0,0.215645
0+701,building,severe,穿堤建筑物失效,3,D4,0.0,0.131208
0+701,building,severe,穿堤建筑物失效,4,B4,0.0,0.121689
0+701,building,severe,穿堤建筑物失效,5,A8,100.0,0.0
0+702,building,severe,穿堤建筑物失效,1,C6,0.0,0.531457
0+702,building,severe,穿堤建筑物失效,2,A3,0,0.215645
0+702,building,severe,穿堤建筑物失效,3,D4,0.0,0.131208
0+702,building,severe,穿堤建筑物失效,4,B4,0.0,0.121689
0+702,building,severe,穿堤建筑物失效,5,A8,100.0,0.0
0+703,building,severe,穿堤建筑物失效,1,C6,0.0,0.531457
0+703,building,severe,穿堤建筑物失效,2,A3,0,0.215645
0+703,building,severe,穿堤建筑物失效,3,D4,0.0,0.131208
0+703,building,severe,穿堤建筑物失效,4,B4,0.0,0.121689
0+703,building,severe,穿堤建筑物失效,5,A8,100.0,0.0
0+704,building,severe,穿堤建筑物失效,1,C6,0.0,0.531457
0+704,building,severe,穿堤建筑物失效,2,A3,0,0.215645
0+704,building,severe,穿堤建筑物失效,3,D4,0.0,0.131208
0+704,building,severe,穿堤建筑物失效,4,B4,0.0,0.121689
0+704,building,severe,穿堤建筑物失效,5,A8,100.0,0.0
0+705,building,severe,穿堤建筑物失效,1,C6,0.0,0.531457
0+705,building,severe,穿堤建筑物失效,2,A3,0,0.215645
0+705,building,severe,穿堤建筑物失效,3,D4,0.0,0.131208
0+705,building,severe,穿堤建筑物失效,4,B4,0.0,0.121689
0+705,building,severe,穿堤建筑物失效,5,A8,100.0,0.0
0+706,building,severe,穿堤建筑物失效,1,C6,0.0,0.531457
0+706,building,severe,穿堤建筑物失效,2,A3,0,0.215645
0+706,building,severe,穿堤建筑物失效,3,D4,0.0,0.131208
0+706,building,severe,穿堤建筑物失效,4,B4,0.0,0.121689
0+706,building,severe,穿堤建筑物失效,5,A8,100.0,0.0
0+707,building,severe,穿堤建筑物失效,1,C6,0.0,0.531457
0+707,building,severe,穿堤建筑物失效,2,A3,0,0.215645
0+707,building,severe,穿堤建筑物失效,3,D4,0.0,0.131208
0+707,building,severe,穿堤建筑物失效,4,B4,0.0,0.121689
0+707,building,severe,穿堤建筑物失效,5,A8,100.0,0.0
0+708,building,severe,穿堤建筑物失效,1,C6,0.0,0.531457
0+708,building,severe,穿堤建筑物失效,2,A3,0,0.215645
0+708,building,severe,穿堤建筑物失效,3,D4,0.0,0.131208
0+708,building,severe,穿堤建筑物失效,4,B4,0.0,0.121689
0+708,building,severe,穿堤建筑物失效,5,A8,100.0,0.0
0+709,building,severe,穿堤建筑物失效,1,C6,0.0,0.531457
0+709,building,severe,穿堤建筑物失效,2,A3,0,0.215645
0+709,building,severe,穿堤建筑物失效,3,D4,0.0,0.131208
0+709,building,severe,穿堤建筑物失效,4,B4,0.0,0.121689
0+709,building,severe,穿堤建筑物失效,5,A8,100.0,0.0
0+710,building,severe,穿堤建筑物失效,1,C6,0.0,0.531457
0+710,building,severe,穿堤建筑物失效,2,A3,0,0.215645
0+710,building,severe,穿堤建筑物失效,3,D4,0.0,0.131208
0+710,building,severe,穿堤建筑物失效,4,B4,0.0,0.121689
0+710,building,severe,穿堤建筑物失效,5,A8,100.0,0.0
0+711,building,severe,穿堤建筑物失效,1,C6,0.0,0.531457
0+711,building,severe,穿堤建筑物失效,2,A3,0,0.215645
0+711,building,severe,穿堤建筑物失效,3,D4,0.0,0.131208
0+711,building,severe,穿堤建筑物失效,4,B4,0.0,0.121689
0+711,building,severe,穿堤建筑物失效,5,A8,100.0,0.0
0+712,building,severe,穿堤建筑物失效,1,C6,0.0,0.531457
0+712,building,severe,穿堤建筑物失效,2,A3,0,0.215645
0+712,building,severe,穿堤建筑物失效,3,D4,0.0,0.131208
0+712,building,severe,穿堤建筑物失效,4,B4,0.0,0.121689
0+712,building,severe,穿堤建筑物失效,5,A8,100.0,0.0
0+713,building,severe,穿堤建筑物失效,1,C6,0.0,0.531457
0+713,building,severe,穿堤建筑物失效,2,A3,0,0.215645
0+713,building,severe,穿堤建筑物失效,3,D4,0.0,0.131208
0+713,building,severe,穿堤建筑物失效,4,B4,0.0,0.121689
0+713,building,severe,穿堤建筑物失效,5,A8,100.0,0.0
0+714,building,severe,穿堤建筑物失效,1,C6,0.0,0.531457
0+714,building,severe,穿堤建筑物失效,2,A3,0,0.215645
0+714,building,severe,穿堤建筑物失效,3,D4,0.0,0.131208
0+714,building,severe,穿堤建筑物失效,4,B4,0.0,0.121689
0+714,building,severe,穿堤建筑物失效,5,A8,100.0,0.0
0+715,building,severe,穿堤建筑物失效,1,C6,0.0,0.531457
0+715,building,severe,穿堤建筑物失效,2,A3,0,0.215645
0+715,building,severe,穿堤建筑物失效,3,D4,0.0,0.131208
0+715,building,severe,穿堤建筑物失效,4,B4,0.0,0.121689
0+715,building,severe,穿堤建筑物失效,5,A8,100.0,0.0
0+716,building,severe,穿堤建筑物失效,1,C6,0.0,0.531457
0+716,building,severe,穿堤建筑物失效,2,A3,0,0.215645
0+716,building,severe,穿堤建筑物失效,3,D4,0.0,0.131208
0+716,building,severe,穿堤建筑物失效,4,B4,0.0,0.121689
0+716,building,severe,穿堤建筑物失效,5,A8,100.0,0.0
0+717,building,severe,穿堤建筑物失效,1,C6,0.0,0.531457
0+717,building,severe,穿堤建筑物失效,2,A3,0,0.215645
0+717,building,severe,穿堤建筑物失效,3,D4,0.0,0.131208
0+717,building,severe,穿堤建筑物失效,4,B4,0.0,0.121689
0+717,building,severe,穿堤建筑物失效,5,A8,100.0,0.0
0+718,building,severe,穿堤建筑物失效,1,C6,0.0,0.531457
0+718,building,severe,穿堤建筑物失效,2,A3,0,0.215645
0+718,building,severe,穿堤建筑物失效,3,D4,0.0,0.131208
0+718,building,severe,穿堤建筑物失效,4,B4,0.0,0.121689
0+718,building,severe,穿堤建筑物失效,5,A8,100.0,0.0
0+719,building,severe,穿堤建筑物失效,1,C6,0.0,0.531457
0+719,building,severe,穿堤建筑物失效,2,A3,0,0.215645
0+719,building,severe,穿堤建筑物失效,3,D4,0.0,0.131208
0+719,building,severe,穿堤建筑物失效,4,B4,0.0,0.121689
0+719,building,severe,穿堤建筑物失效,5,A8,100.0,0.0
0+720,building,severe,穿堤建筑物失效,1,C6,0.0,0.531457
0+720,building,severe,穿堤建筑物失效,2,A3,0,0.215645
0+720,building,severe,穿堤建筑物失效,3,D4,0.0,0.131208
0+720,building,severe,穿堤建筑物失效,4,B4,0.0,0.121689
0+720,building,severe,穿堤建筑物失效,5,A8,100.0,0.0
0+721,building,severe,穿堤建筑物失效,1,C6,0.0,0.531457
0+721,building,severe,穿堤建筑物失效,2,A3,0,0.215645
0+721,building,severe,穿堤建筑物失效,3,D4,0.0,0.131208
0+721,building,severe,穿堤建筑物失效,4,B4,0.0,0.121689
0+721,building,severe,穿堤建筑物失效,5,A8,100.0,0.0
0+722,building,severe,穿堤建筑物失效,1,C6,0.0,0.531457
0+722,building,severe,穿堤建筑物失效,2,A3,0,0.215645
0+722,building,severe,穿堤建筑物失效,3,D4,0.0,0.131208
0+722,building,severe,穿堤建筑物失效,4,B4,0.0,0.121689
0+722,building,severe,穿堤建筑物失效,5,A8,100.0,0.0
0+723,building,severe,穿堤建筑物失效,1,C6,0.0,0.531457
0+723,building,severe,穿堤建筑物失效,2,A3,0,0.215645
0+723,building,severe,穿堤建筑物失效,3,D4,0.0,0.131208
0+723,building,severe,穿堤建筑物失效,4,B4,0.0,0.121689
0+723,building,severe,穿堤建筑物失效,5,A8,100.0,0.0
0+724,building,severe,穿堤建筑物失效,1,C6,0.0,0.531457
0+724,building,severe,穿堤建筑物失效,2,A3,0,0.215645
0+724,building,severe,穿堤建筑物失效,3,D4,0.0,0.131208
0+724,building,severe,穿堤建筑物失效,4,B4,0.0,0.121689
0+724,building,severe,穿堤建筑物失效,5,A8,100.0,0.0
0+725,building,severe,穿堤建筑物失效,1,C6,0.0,0.531457
0+725,building,severe,穿堤建筑物失效,2,A3,0,0.215645
0+725,building,severe,穿堤建筑物失效,3,D4,0.0,0.131208
0+725,building,severe,穿堤建筑物失效,4,B4,0.0,0.121689
0+725,building,severe,穿堤建筑物失效,5,A8,100.0,0.0
0+726,building,critical,穿堤建筑物失效,1,C6,0.0,0.531457
0+726,building,critical,穿堤建筑物失效,2,A3,0,0.215645
0+726,building,critical,穿堤建筑物失效,3,D4,0.0,0.131208
0+726,building,critical,穿堤建筑物失效,4,B4,0.0,0.121689
0+726,building,critical,穿堤建筑物失效,5,A8,100.0,0.0
0+727,building,critical,穿堤建筑物失效,1,C6,0.0,0.531457
0+727,building,critical,穿堤建筑物失效,2,A3,0,0.215645
0+727,building,critical,穿堤建筑物失效,3,D4,0.0,0.131208
0+727,building,critical,穿堤建筑物失效,4,B4,0.0,0.121689
0+727,building,critical,穿堤建筑物失效,5,A8,100.0,0.0
0+728,building,critical,穿堤建筑物失效,1,C6,0.0,0.531457
0+728,building,critical,穿堤建筑物失效,2,A3,0,0.215645
0+728,building,critical,穿堤建筑物失效,3,D4,0.0,0.131208
0+728,building,critical,穿堤建筑物失效,4,B4,0.0,0.121689
0+728,building,critical,穿堤建筑物失效,5,A8,100.0,0.0
0+729,building,critical,穿堤建筑物失效,1,C6,0.0,0.531457
0+729,building,critical,穿堤建筑物失效,2,A3,0,0.215645
0+729,building,critical,穿堤建筑物失效,3,D4,0.0,0.131208
0+729,building,critical,穿堤建筑物失效,4,B4,0.0,0.121689
0+729,building,critical,穿堤建筑物失效,5,A8,100.0,0.0
0+730,building,critical,穿堤建筑物失效,1,C6,0.0,0.531457
0+730,building,critical,穿堤建筑物失效,2,A3,0,0.215645
0+730,building,critical,穿堤建筑物失效,3,D4,0.0,0.131208
0+730,building,critical,穿堤建筑物失效,4,B4,0.0,0.121689
0+730,building,critical,穿堤建筑物失效,5,A8,100.0,0.0
0+731,building,critical,穿堤建筑物失效,1,C6,0.0,0.531457
0+731,building,critical,穿堤建筑物失效,2,A3,0,0.215645
0+731,building,critical,穿堤建筑物失效,3,D4,0.0,0.131208
0+731,building,critical,穿堤建筑物失效,4,B4,0.0,0.121689
0+731,building,critical,穿堤建筑物失效,5,A8,100.0,0.0
0+732,building,critical,穿堤建筑物失效,1,C6,0.0,0.531457
0+732,building,critical,穿堤建筑物失效,2,A3,0,0.215645
0+732,building,critical,穿堤建筑物失效,3,D4,0.0,0.131208
0+732,building,critical,穿堤建筑物失效,4,B4,0.0,0.121689
0+732,building,critical,穿堤建筑物失效,5,A8,100.0,0.0
0+733,building,critical,穿堤建筑物失效,1,C6,0.0,0.531457
0+733,building,critical,穿堤建筑物失效,2,A3,0,0.215645
0+733,building,critical,穿堤建筑物失效,3,D4,0.0,0.131208
0+733,building,critical,穿堤建筑物失效,4,B4,0.0,0.121689
0+733,building,critical,穿堤建筑物失效,5,A8,100.0,0.0
0+734,building,critical,穿堤建筑物失效,1,C6,0.0,0.531457
0+734,building,critical,穿堤建筑物失效,2,A3,0,0.215645
0+734,building,critical,穿堤建筑物失效,3,D4,0.0,0.131208
0+734,building,critical,穿堤建筑物失效,4,B4,0.0,0.121689
0+734,building,critical,穿堤建筑物失效,5,A8,100.0,0.0
0+735,building,critical,穿堤建筑物失效,1,C6,0.0,0.531457
0+735,building,critical,穿堤建筑物失效,2,A3,0,0.215645
0+735,building,critical,穿堤建筑物失效,3,D4,0.0,0.131208
0+735,building,critical,穿堤建筑物失效,4,B4,0.0,0.121689
0+735,building,critical,穿堤建筑物失效,5,A8,100.0,0.0
0+736,building,critical,穿堤建筑物失效,1,C6,0.0,0.531457
0+736,building,critical,穿堤建筑物失效,2,A3,0,0.215645
0+736,building,critical,穿堤建筑物失效,3,D4,0.0,0.131208
0+736,building,critical,穿堤建筑物失效,4,B4,0.0,0.121689
0+736,building,critical,穿堤建筑物失效,5,A8,100.0,0.0
0+737,building,critical,穿堤建筑物失效,1,C6,0.0,0.531457
0+737,building,critical,穿堤建筑物失效,2,A3,0,0.215645
0+737,building,critical,穿堤建筑物失效,3,D4,0.0,0.131208
0+737,building,critical,穿堤建筑物失效,4,B4,0.0,0.121689
0+737,building,critical,穿堤建筑物失效,5,A8,100.0,0.0
0+738,building,critical,穿堤建筑物失效,1,C6,0.0,0.531457
0+738,building,critical,穿堤建筑物失效,2,A3,0,0.215645
0+738,building,critical,穿堤建筑物失效,3,D4,0.0,0.131208
0+738,building,critical,穿堤建筑物失效,4,B4,0.0,0.121689
0+738,building,critical,穿堤建筑物失效,5,A8,100.0,0.0
0+739,building,critical,穿堤建筑物失效,1,C6,0.0,0.531457
0+739,building,critical,穿堤建筑物失效,2,A3,0,0.215645
0+739,building,critical,穿堤建筑物失效,3,D4,0.0,0.131208
0+739,building,critical,穿堤建筑物失效,4,B4,0.0,0.121689
0+739,building,critical,穿堤建筑物失效,5,A8,100.0,0.0
0+740,building,critical,穿堤建筑物失效,1,C6,0.0,0.531457
0+740,building,critical,穿堤建筑物失效,2,A3,0,0.215645
0+740,building,critical,穿堤建筑物失效,3,D4,0.0,0.131208
0+740,building,critical,穿堤建筑物失效,4,B4,0.0,0.121689
0+740,building,critical,穿堤建筑物失效,5,A8,100.0,0.0
0+741,building,critical,穿堤建筑物失效,1,C6,0.0,0.531457
0+741,building,critical,穿堤建筑物失效,2,A3,0,0.215645
0+741,building,critical,穿堤建筑物失效,3,D4,0.0,0.131208
0+741,building,critical,穿堤建筑物失效,4,B4,0.0,0.121689
0+741,building,critical,穿堤建筑物失效,5,A8,100.0,0.0
0+742,building,critical,穿堤建筑物失效,1,C6,0.0,0.531457
0+742,building,critical,穿堤建筑物失效,2,A3,0,0.215645
0+742,building,critical,穿堤建筑物失效,3,D4,0.0,0.131208
0+742,building,critical,穿堤建筑物失效,4,B4,0.0,0.121689
0+742,building,critical,穿堤建筑物失效,5,A8,100.0,0.0
0+743,building,critical,穿堤建筑物失效,1,C6,0.0,0.531457
0+743,building,critical,穿堤建筑物失效,2,A3,0,0.215645
0+743,building,critical,穿堤建筑物失效,3,D4,0.0,0.131208
0+743,building,critical,穿堤建筑物失效,4,B4,0.0,0.121689
0+743,building,critical,穿堤建筑物失效,5,A8,100.0,0.0
0+744,building,critical,穿堤建筑物失效,1,C6,0.0,0.531457
0+744,building,critical,穿堤建筑物失效,2,A3,0,0.215645
0+744,building,critical,穿堤建筑物失效,3,D4,0.0,0.131208
0+744,building,critical,穿堤建筑物失效,4,B4,0.0,0.121689
0+744,building,critical,穿堤建筑物失效,5,A8,100.0,0.0
0+745,building,critical,穿堤建筑物失效,1,C6,0.0,0.531457
0+745,building,critical,穿堤建筑物失效,2,A3,0,0.215645
0+745,building,critical,穿堤建筑物失效,3,D4,0.0,0.131208
0+745,building,critical,穿堤建筑物失效,4,B4,0.0,0.121689
0+745,building,critical,穿堤建筑物失效,5,A8,100.0,0.0
0+746,building,critical,穿堤建筑物失效,1,C6,0.0,0.531457
0+746,building,critical,穿堤建筑物失效,2,A3,0,0.215645
0+746,building,critical,穿堤建筑物失效,3,D4,0.0,0.131208
0+746,building,critical,穿堤建筑物失效,4,B4,0.0,0.121689
0+746,building,critical,穿堤建筑物失效,5,A8,100.0,0.0
0+747,building,critical,穿堤建筑物失效,1,C6,0.0,0.531457
0+747,building,critical,穿堤建筑物失效,2,A3,0,0.215645
0+747,building,critical,穿堤建筑物失效,3,D4,0.0,0.131208
0+747,building,critical,穿堤建筑物失效,4,B4,0.0,0.121689
0+747,building,critical,穿堤建筑物失效,5,A8,100.0,0.0
0+748,building,critical,穿堤建筑物失效,1,C6,0.0,0.531457
0+748,building,critical,穿堤建筑物失效,2,A3,0,0.215645
0+748,building,critical,穿堤建筑物失效,3,D4,0.0,0.131208
0+748,building,critical,穿堤建筑物失效,4,B4,0.0,0.121689
0+748,building,critical,穿堤建筑物失效,5,A8,100.0,0.0
0+749,building,critical,穿堤建筑物失效,1,C6,0.0,0.531457
0+749,building,critical,穿堤建筑物失效,2,A3,0,0.215645
0+749,building,critical,穿堤建筑物失效,3,D4,0.0,0.131208
0+749,building,critical,穿堤建筑物失效,4,B4,0.0,0.121689
0+749,building,critical,穿堤建筑物失效,5,A8,100.0,0.0
0+750,building,critical,穿堤建筑物失效,1,C6,0.0,0.531457
0+750,building,critical,穿堤建筑物失效,2,A3,0,0.215645
0+750,building,critical,穿堤建筑物失效,3,D4,0.0,0.131208
0+750,building,critical,穿堤建筑物失效,4,B4,0.0,0.121689
0+750,building,critical,穿堤建筑物失效,5,A8,100.0,0.0
0+751,mixed,safe,渗流破坏,1,C1,87.3872,0.39827
0+751,mixed,safe,渗流破坏,2,C5,88.0586,0.387526
0+751,mixed,safe,渗流破坏,3,C4,90.8121,0.214202
0+751,mixed,safe,渗流破坏,4,A2,100,0.0
0+751,mixed,safe,渗流破坏,5,A5,100,0.0
0+752,mixed,safe,渗流破坏,1,C1,86.8772,0.409283
0+752,mixed,safe,渗流破坏,2,C5,88.1013,0.389729
0+752,mixed,safe,渗流破坏,3,C4,92.0305,0.200986
0+752,mixed,safe,渗流破坏,4,A2,100,0.0
0+752,mixed,safe,渗流破坏,5,A5,100,0.0
0+753,mixed,safe,渗流破坏,1,C1,86.75,0.406128
0+753,mixed,safe,渗流破坏,2,C5,88.433,0.379461
0+753,mixed,safe,渗流破坏,3,C4,90.6993,0.214411
0+753,mixed,safe,渗流破坏,4,A2,100,0.0
0+753,mixed,safe,渗流破坏,5,A5,100,0.0
0+754,mixed,safe,渗流破坏,1,C1,87.0853,0.409699
0+754,mixed,safe,渗流破坏,2,C5,89.13,0.375874
0+754,mixed,safe,渗流破坏,3,C4,91.091,0.214426
0+754,mixed,safe,渗流破坏,4,A2,100,0.0
0+754,mixed,safe,渗流破坏,5,A5,100,0.0
0+755,mixed,safe,渗流破坏,1,C1,88.8014,0.393401
0+755,mixed,safe,渗流破坏,2,C5,88.9732,0.390375
0+755,mixed,safe,渗流破坏,3,C4,91.4803,0.216223
0+755,mixed,safe,渗流破坏,4,A2,100,0.0
0+755,mixed,safe,渗流破坏,5,A5,100,0.0
0+756,mixed,safe,渗流破坏,1,C1,88.482,0.398994
0+756,mixed,safe,渗流破坏,2,C5,89.8382,0.374772
0+756,mixed,safe,渗流破坏,3,C4,90.6742,0.226233
0+756,mixed,safe,渗流破坏,4,A2,100,0.0
0+756,mixed,safe,渗流破坏,5,A5,100,0.0
0+757,mixed,safe,渗流破坏,1,C1,88.2712,0.393382
0+757,mixed,safe,渗流破坏,2,C5,88.2783,0.39326
0+757,mixed,safe,渗流破坏,3,C4,91.3111,0.21336
0+757,mixed,safe,渗流破坏,4,A2,100,0.0
0+757,mixed,safe,渗流破坏,5,A5,100,0.0
0+758,mixed,safe,渗流破坏,1,C1,88.2854,0.39498
0+758,mixed,safe,渗流破坏,2,C5,88.8152,0.385946
0+758,mixed,safe,渗流破坏,3,C4,90.9242,0.219075
0+758,mixed,safe,渗流破坏,4,A2,100,0.0
0+758,mixed,safe,渗流破坏,5,A5,100,0.0
0+759,mixed,safe,渗流破坏,1,C1,87.3799,0.414999
0+759,mixed,safe,渗流破坏,2,C5,89.5871,0.376965
0+759,mixed,safe,渗流破坏,3,C4,92.013,0.208039
0+759,mixed,safe,渗流破坏,4,A2,100,0.0
0+759,mixed,safe,渗流破坏,5,A5,100,0.0
0+760,mixed,safe,渗流破坏,1,C1,87.9801,0.402738
0+760,mixed,safe,渗流破坏,2,C5,89.8448,0.37018
0+760,mixed,safe,渗流破坏,3,C4,90.3761,0.227085
0+760,mixed,safe,渗流破坏,4,A2,100,0.0
0+760,mixed,safe,渗流破坏,5,A5,100,0.0
0+761,mixed,safe,渗流破坏,1,C1,86.7199,0.415159
0+761,mixed,safe,渗流破坏,2,C5,89.6004,0.367385
0+761,mixed,safe,渗流破坏,3,C4,90.8246,0.217452
0+761,mixed,safe,渗流破坏,4,A2,100,0.0
0+761,mixed,safe,渗流破坏,5,A5,100,0.0
0+762,mixed,safe,渗流破坏,1,C1,88.3417,0.392793
0+762,mixed,safe,渗流破坏,2,C5,88.5239,0.389714
0+762,mixed,safe,渗流破坏,3,C4,90.9985,0.217493
0+762,mixed,safe,渗流破坏,4,A2,100,0.0
0+762,mixed,safe,渗流破坏,5,A5,100,0.0
0+763,mixed,safe,渗流破坏,1,C1,88.0015,0.392483
0+763,mixed,safe,渗流破坏,2,C5,88.0728,0.391316
0+763,mixed,safe,渗流破坏,3,C4,90.8308,0.216203
0+763,mixed,safe,渗流破坏,4,A2,100,0.0
0+763,mixed,safe,渗流破坏,5,A5,100,0.0
0+764,mixed,safe,渗流破坏,1,C1,87.7432,0.401393
0+764,mixed,safe,渗流破坏,2,C5,89.2722,0.375522
0+764,mixed,safe,渗流破坏,3,C4,90.4654,0.223085
0+764,mixed,safe,渗流破坏,4,A2,100,0.0
0+764,mixed,safe,渗流破坏,5,A5,100,0.0
0+765,mixed,safe,渗流破坏,1,C1,88.7116,0.39184
0+765,mixed,safe,渗流破坏,2,C5,89.1096,0.384869
0+765,mixed,safe,渗流破坏,3,C4,90.7683,0.223288
0+765,mixed,safe,渗流破坏,4,A2,100,0.0
0+765,mixed,safe,渗流破坏,5,A5,100,0.0
0+766,mixed,safe,渗流破坏,1,C1,87.1297,0.402819
0+766,mixed,safe,渗流破坏,2,C5,88.76,0.376441
0+766,mixed,safe,渗流破坏,3,C4,90.2671,0.220737
0+766,mixed,safe,渗流破坏,4,A2,100,0.0
0+766,mixed,safe,渗流破坏,5,A5,100,0.0
0+767,mixed,safe,渗流破坏,1,C1,87.2404,0.408172
0+767,mixed,safe,渗流破坏,2,C5,88.468,0.388041
0+767,mixed,safe,渗流破坏,3,C4,91.9897,0.203792
0+767,mixed,safe,渗流破坏,4,A2,100,0.0
0+767,mixed,safe,渗流破坏,5,A5,100,0.0
0+768,mixed,safe,渗流破坏,1,C5,88.1439,0.395642
0+768,mixed,safe,渗流破坏,2,C1,88.5169,0.389366
0+768,mixed,safe,渗流破坏,3,C4,91.1831,0.214994
0+768,mixed,safe,渗流破坏,4,A2,100,0.0
0+768,mixed,safe,渗流破坏,5,A5,100,0.0
0+769,mixed,safe,渗流破坏,1,C5,88.6284,0.391317
0+769,mixed,safe,渗流破坏,2,C1,88.6492,0.390957
0+769,mixed,safe,渗流破坏,3,C4,91.134,0.217729
0+769,mixed,safe,渗流破坏,4,A2,100,0.0
0+769,mixed,safe,渗流破坏,5,A5,100,0.0
0+770,mixed,safe,渗流破坏,1,C1,87.3799,0.405666
0+770,mixed,safe,渗流破坏,2,C5,89.3665,0.372368
0+770,mixed,safe,渗流破坏,3,C4,90.4845,0.221966
0+770,mixed,safe,渗流破坏,4,A2,100,0.0
0+770,mixed,safe,渗流破坏,5,A5,100,0.0
0+771,mixed,safe,渗流破坏,1,C1,88.1155,0.399955
0+771,mixed,safe,渗流破坏,2,C5,88.9663,0.385374
0+771,mixed,safe,渗流破坏,3,C4,91.3778,0.214671
0+771,mixed,safe,渗流破坏,4,A2,100,0.0
0+771,mixed,safe,渗流破坏,5,A5,100,0.0
0+772,mixed,safe,渗流破坏,1,C1,87.3725,0.403564
0+772,mixed,safe,渗流破坏,2,C5,88.6145,0.383204
0+772,mixed,safe,渗流破坏,3,C4,91.1218,0.213235
0+772,mixed,safe,渗流破坏,4,A2,100,0.0
0+772,mixed,safe,渗流破坏,5,A5,100,0.0
0+773,mixed,safe,渗流破坏,1,C1,87.8871,0.399157
0+773,mixed,safe,渗流破坏,2,C5,88.2076,0.393843
0+773,mixed,safe,渗流破坏,3,C4,91.7961,0.206997
0+773,mixed,safe,渗流破坏,4,A2,100,0.0
0+773,mixed,safe,渗流破坏,5,A5,100,0.0
0+774,mixed,safe,渗流破坏,1,C1,88.7047,0.398082
0+774,mixed,safe,渗流破坏,2,C5,89.5538,0.382829
0+774,mixed,safe,渗流破坏,3,C4,91.3838,0.219087
0+774,mixed,safe,渗流破坏,4,A2,100,0.0
0+774,mixed,safe,渗流破坏,5,A5,100,0.0
0+775,mixed,safe,渗流破坏,1,C1,86.8622,0.410825
0+775,mixed,safe,渗流破坏,2,C5,89.2992,0.370769
0+775,mixed,safe,渗流破坏,3,C4,90.649,0.218403
0+775,mixed,safe,渗流破坏,4,A2,100,0.0
0+775,mixed,safe,渗流破坏,5,A5,100,0.0
0+776,mixed,slight,渗流破坏,1,C1,69.5028,0.346229
0+776,mixed,slight,渗流破坏,2,C5,72.0422,0.331501
0+776,mixed,slight,渗流破坏,3,C4,77.6162,0.186914
0+776,mixed,slight,渗流破坏,4,C2,70.0,0.040625
0+776,mixed,slight,渗流破坏,5,A6,80.0,0.031236
0+777,mixed,slight,渗流破坏,1,C1,69.6279,0.349052
0+777,mixed,slight,渗流破坏,2,C5,74.0845,0.322427
0+777,mixed,slight,渗流破坏,3,C4,76.9088,0.191783
0+777,mixed,slight,渗流破坏,4,C2,70.0,0.04104
0+777,mixed,slight,渗流破坏,5,A6,80.0,0.031556
0+778,mixed,slight,渗流破坏,1,C1,70.0692,0.348033
0+778,mixed,slight,渗流破坏,2,C5,73.7055,0.326209
0+778,mixed,slight,渗流破坏,3,C4,77.9077,0.188417
0+778,mixed,slight,渗流破坏,4,C2,70.0,0.041221
0+778,mixed,slight,渗流破坏,5,A6,80.0,0.031695
0+779,mixed,slight,渗流破坏,1,C1,68.6319,0.3504
0+779,mixed,slight,渗流破坏,2,C5,72.9606,0.325327
0+779,mixed,slight,渗流破坏,3,C4,76.9681,0.189201
0+779,mixed,slight,渗流破坏,4,C2,70.0,0.04054
0+779,mixed,slight,渗流破坏,5,A6,80.0,0.031171
0+780,mixed,slight,渗流破坏,1,C1,69.5597,0.34826
0+780,mixed,slight,渗流破坏,2,C5,73.2918,0.326213
0+780,mixed,slight,渗流破坏,3,C4,77.362,0.189249
0+780,mixed,slight,渗流破坏,4,C2,70.0,0.040901
0+780,mixed,slight,渗流破坏,5,A6,80.0,0.031449
0+781,mixed,slight,渗流破坏,1,C1,71.1084,0.339728
0+781,mixed,slight,渗流破坏,2,C5,71.9659,0.334649
0+781,mixed,slight,渗流破坏,3,C4,77.4404,0.189168
0+781,mixed,slight,渗流破坏,4,C2,70.0,0.040955
0+781,mixed,slight,渗流破坏,5,A6,80.0,0.03149
0+782,mixed,slight,渗流破坏,1,C1,70.9198,0.339049
0+782,mixed,slight,渗流破坏,2,C5,71.5497,0.335357
0+782,mixed,slight,渗流破坏,3,C4,77.0373,0.189852
0+782,mixed,slight,渗流破坏,4,C2,70.0,0.04074
0+782,mixed,slight,渗流破坏,5,A6,80.0,0.031325
0+783,mixed,slight,渗流破坏,1,C1,68.0289,0.353801
0+783,mixed,slight,渗流破坏,2,C5,73.43,0.322533
0+783,mixed,slight,渗流破坏,3,C4,77.1261,0.188577
0+783,mixed,slight,渗流破坏,4,C2,70.0,0.040545
0+783,mixed,slight,渗流破坏,5,A6,80.0,0.031175
0+784,mixed,slight,渗流破坏,1,C1,69.9902,0.349753
0+784,mixed,slight,渗流破坏,2,C5,73.6209,0.327912
0+784,mixed,slight,渗流破坏,3,C4,78.9697,0.184497
0+784,mixed,slight,渗流破坏,4,C2,70.0,0.04137
0+784,mixed,slight,渗流破坏,5,A6,80.0,0.031809
0+785,mixed,slight,渗流破坏,1,C1,70.148,0.348456
0+785,mixed,slight,渗流破坏,2,C5,73.1852,0.330255
0+785,mixed,slight,渗流破坏,3,C4,79.1301,0.183594
0+785,mixed,slight,渗流破坏,4,C2,70.0,0.041326
0+785,mixed,slight,渗流破坏,5,A6,80.0,0.031775
0+786,mixed,slight,渗流破坏,1,C1,71.2301,0.341454
0+786,mixed,slight,渗流破坏,2,C5,71.5168,0.33975
0+786,mixed,slight,渗流破坏,3,C4,79.5608,0.181356
0+786,mixed,slight,渗流破坏,4,C2,70.0,0.04125
0+786,mixed,slight,渗流破坏,5,A6,80.0,0.031717
0+787,mixed,slight,渗流破坏,1,C1,69.6279,0.34818
0+787,mixed,slight,渗流破坏,2,C5,73.0035,0.328261
0+787,mixed,slight,渗流破坏,3,C4,77.898,0.187162
0+787,mixed,slight,渗流破坏,4,C2,70.0,0.040938
0+787,mixed,slight,渗流破坏,5,A6,80.0,0.031477
0+788,mixed,slight,渗流破坏,1,C1,69.9676,0.35108
0+788,mixed,slight,渗流破坏,2,C5,74.273,0.324942
0+788,mixed,slight,渗流破坏,3,C4,78.8467,0.185668
0+788,mixed,slight,渗流破坏,4,C2,70.0,0.041512
0+788,mixed,slight,渗流破坏,5,A6,80.0,0.031918
0+789,mixed,slight,渗流破坏,1,C1,68.7011,0.349249
0+789,mixed,slight,渗流破坏,2,C5,71.9768,0.33047
0+789,mixed,slight,渗流破坏,3,C4,77.7622,0.185506
0+789,mixed,slight,渗流破坏,4,C2,70.0,0.040451
0+789,mixed,slight,渗流破坏,5,A6,80.0,0.031103
0+790,mixed,slight,渗流破坏,1,C1,70.8642,0.34578
0+790,mixed,slight,渗流破坏,2,C5,73.2598,0.33126
0+790,mixed,slight,渗流破坏,3,C4,79.0735,0.184659
0+790,mixed,slight,渗流破坏,4,C2,70.0,0.041509
0+790,mixed,slight,渗流破坏,5,A6,80.0,0.031916
0+791,mixed,slight,渗流破坏,1,C1,69.945,0.345034
0+791,mixed,slight,渗流破坏,2,C5,72.3464,0.330963
0+791,mixed,slight,渗流破坏,3,C4,77.4991,0.188124
0+791,mixed,slight,渗流破坏,4,C2,70.0,0.040782
0+791,mixed,slight,渗流破坏,5,A6,80.0,0.031357
0+792,mixed,slight,渗流破坏,1,C1,68.122,0.349957
0+792,mixed,slight,渗流破坏,2,C5,71.7253,0.329587
0+792,mixed,slight,渗流破坏,3,C4,77.1655,0.18664
0+792,mixed,slight,渗流破坏,4,C2,70.0,0.040163
0+792,mixed,slight,渗流破坏,5,A6,80.0,0.030881
0+793,mixed,slight,渗流破坏,1,C1,68.4238,0.354882
0+793,mixed,slight,渗流破坏,2,C5,72.9606,0.328401
0+793,mixed,slight,渗流破坏,3,C4,79.4582,0.180368
0+793,mixed,slight,渗流破坏,4,C2,70.0,0.040923
0+793,mixed,slight,渗流破坏,5,A6,80.0,0.031465
0+794,mixed,slight,渗流破坏,1,C1,71.1195,0.340903
0+794,mixed,slight,渗流破坏,2,C5,72.9606,0.329857
0+794,mixed,slight,渗流破坏,3,C4,76.8592,0.19229
0+794,mixed,slight,渗流破坏,4,C2,70.0,0.041104
0+794,mixed,slight,渗流破坏,5,A6,80.0,0.031605
0+795,mixed,slight,渗流破坏,1,C1,70.4736,0.340227
0+795,mixed,slight,渗流破坏,2,C5,71.3185,0.335325
0+795,mixed,slight,渗流破坏,3,C4,76.9879,0.189269
0+795,mixed,slight,渗流破坏,4,C2,70.0,0.040572
0+795,mixed,slight,渗流破坏,5,A6,80.0,0.031195
0+796,mixed,slight,渗流破坏,1,C1,70.5743,0.347048
0+796,mixed,slight,渗流破坏,2,C5,73.969,0.326417
0+796,mixed,slight,渗流破坏,3,C4,78.1588,0.18841
0+796,mixed,slight,渗流破坏,4,C2,70.0,0.041456
0+796,mixed,slight,渗流破坏,5,A6,80.0,0.031875
0+797,mixed,slight,渗流破坏,1,C1,70.5631,0.343649
0+797,mixed,slight,渗流破坏,2,C5,72.1075,0.334514
0+797,mixed,slight,渗流破坏,3,C4,78.4946,0.18509
0+797,mixed,slight,渗流破坏,4,C2,70.0,0.041042
0+797,mixed,slight,渗流破坏,5,A6,80.0,0.031557
0+798,mixed,slight,渗流破坏,1,C1,69.3433,0.353825
0+798,mixed,slight,渗流破坏,2,C5,74.1683,0.324789
0+798,mixed,slight,渗流破坏,3,C4,79.2523,0.183421
0+798,mixed,slight,渗流破坏,4,C2,70.0,0.041408
0+798,mixed,slight,渗流破坏,5,A6,80.0,0.031838
0+799,mixed,slight,渗流破坏,1,C1,69.1948,0.346981
0+799,mixed,slight,渗流破坏,2,C5,71.2301,0.335321
0+799,mixed,slight,渗流破坏,3,C4,78.485,0.182726
0+799,mixed,slight,渗流破坏,4,C2,70.0,0.040509
0+799,mixed,slight,渗流破坏,5,A6,80.0,0.031147
0+800,mixed,slight,渗流破坏,1,C1,69.2177,0.348237
0+800,mixed,slight,渗流破坏,2,C5,72.3464,0.330065
0+800,mixed,slight,渗流破坏,3,C4,77.8399,0.186188
0+800,mixed,slight,渗流破坏,4,C2,70.0,0.040671
0+800,mixed,slight,渗流破坏,5,A6,80.0,0.031272
0+801,mixed,moderate,渗流破坏,1,C1,41.7923,0.319936
0+801,mixed,moderate,渗流破坏,2,C5,48.371,0.301314
0+801,mixed,moderate,渗流破坏,3,C4,58.9313,0.169343
0+801,mixed,moderate,渗流破坏,4,C6,60.0,0.052269
0+801,mixed,moderate,渗流破坏,5,A6,60.0,0.041788
0+802,mixed,moderate,渗流破坏,1,C1,45.1691,0.317449
0+802,mixed,moderate,渗流破坏,2,C5,51.1314,0.299691
0+802,mixed,moderate,渗流破坏,3,C4,60.9655,0.16878
0+802,mixed,moderate,渗流破坏,4,C6,60.0,0.053435
0+802,mixed,moderate,渗流破坏,5,A6,60.0,0.04272
0+803,mixed,moderate,渗流破坏,1,C1,45.2301,0.313857
0+803,mixed,moderate,渗流破坏,2,C5,49.0939,0.302585
0+803,mixed,moderate,渗流破坏,3,C4,58.68,0.171783
0+803,mixed,moderate,渗流破坏,4,C6,60.0,0.05286
0+803,mixed,moderate,渗流破坏,5,A6,60.0,0.042261
0+804,mixed,moderate,渗流破坏,1,C1,43.4469,0.317241
0+804,mixed,moderate,渗流破坏,2,C5,47.434,0.305854
0+804,mixed,moderate,渗流破坏,3,C4,60.8882,0.166247
0+804,mixed,moderate,渗流破坏,4,C6,60.0,0.052581
0+804,mixed,moderate,渗流破坏,5,A6,60.0,0.042037
0+805,mixed,moderate,渗流破坏,1,C1,41.5405,0.321702
0+805,mixed,moderate,渗流破坏,2,C5,49.5487,0.298856
0+805,mixed,moderate,渗流破坏,3,C4,59.2082,0.169336
0+805,mixed,moderate,渗流破坏,4,C6,60.0,0.052444
0+805,mixed,moderate,渗流破坏,5,A6,60.0,0.041928
0+806,mixed,moderate,渗流破坏,1,C1,45.5347,0.311867
0+806,mixed,moderate,渗流破坏,2,C5,47.2845,0.306817
0+806,mixed,moderate,渗流破坏,3,C4,59.1028,0.170292
0+806,mixed,moderate,渗流破坏,4,C6,60.0,0.052672
0+806,mixed,moderate,渗流破坏,5,A6,60.0,0.04211
0+807,mixed,moderate,渗流破坏,1,C1,42.5758,0.31896
0+807,mixed,moderate,渗流破坏,2,C5,47.6131,0.304649
0+807,mixed,moderate,渗流破坏,3,C4,60.7334,0.166203
0+807,mixed,moderate,渗流破坏,4,C6,60.0,0.052464
0+807,mixed,moderate,渗流破坏,5,A6,60.0,0.041943
0+808,mixed,moderate,渗流破坏,1,C1,45.1996,0.315907
0+808,mixed,moderate,渗流破坏,2,C5,51.2466,0.297968
0+808,mixed,moderate,渗流破坏,3,C4,58.6005,0.173022
0+808,mixed,moderate,渗流破坏,4,C6,60.0,0.053191
0+808,mixed,moderate,渗流破坏,5,A6,60.0,0.042525
0+809,mixed,moderate,渗流破坏,1,C1,44.2036,0.315779
0+809,mixed,moderate,渗流破坏,2,C5,48.2821,0.30402
0+809,mixed,moderate,渗流破坏,3,C4,59.7067,0.169098
0+809,mixed,moderate,渗流破坏,4,C6,60.0,0.052693
0+809,mixed,moderate,渗流破坏,5,A6,60.0,0.042127
0+810,mixed,moderate,渗流破坏,1,C1,44.8635,0.315329
0+810,mixed,moderate,渗流破坏,2,C5,49.6657,0.301284
0+810,mixed,moderate,渗流破坏,3,C4,59.0105,0.171324
0+810,mixed,moderate,渗流破坏,4,C6,60.0,0.052932
0+810,mixed,moderate,渗流破坏,5,A6,60.0,0.042317
0+811,mixed,moderate,渗流破坏,1,C1,43.2452,0.319307
0+811,mixed,moderate,渗流破坏,2,C5,51.261,0.2959
0+811,mixed,moderate,渗流破坏,3,C4,57.975,0.173141
0+811,mixed,moderate,渗流破坏,4,C6,60.0,0.05283
0+811,mixed,moderate,渗流破坏,5,A6,60.0,0.042236
0+812,mixed,moderate,渗流破坏,1,C1,44.1266,0.318086
0+812,mixed,moderate,渗流破坏,2,C5,50.4375,0.299585
0+812,mixed,moderate,渗流破坏,3,C4,59.8897,0.169828
0+812,mixed,moderate,渗流破坏,4,C6,60.0,0.053041
0+812,mixed,moderate,渗流破坏,5,A6,60.0,0.042405
0+813,mixed,moderate,渗流破坏,1,C1,42.2787,0.320682
0+813,mixed,moderate,渗流破坏,2,C5,48.6667,0.302418
0+813,mixed,moderate,渗流破坏,3,C4,60.9913,0.166122
0+813,mixed,moderate,渗流破坏,4,C6,60.0,0.052611
0+813,mixed,moderate,渗流破坏,5,A6,60.0,0.042061
0+814,mixed,moderate,渗流破坏,1,C1,42.122,0.319684
0+814,mixed,moderate,渗流破坏,2,C5,49.0204,0.300028
0+814,mixed,moderate,渗流破坏,3,C4,58.5607,0.170454
0+814,mixed,moderate,渗流破坏,4,C6,60.0,0.052376
0+814,mixed,moderate,渗流破坏,5,A6,60.0,0.041873
0+815,mixed,moderate,渗流破坏,1,C1,42.216,0.322416
0+815,mixed,moderate,渗流破坏,2,C5,51.2466,0.296152
0+815,mixed,moderate,渗流破坏,3,C4,59.7198,0.169628
0+815,mixed,moderate,渗流破坏,4,C6,60.0,0.052867
0+815,mixed,moderate,渗流破坏,5,A6,60.0,0.042266
0+816,mixed,moderate,渗流破坏,1,C1,43.849,0.319792
0+816,mixed,moderate,渗流破坏,2,C5,50.9151,0.298995
0+816,mixed,moderate,渗流破坏,3,C4,60.9269,0.1681
0+816,mixed,moderate,渗流破坏,4,C6,60.0,0.053194
0+816,mixed,moderate,渗流破坏,5,A6,60.0,0.042527
0+817,mixed,moderate,渗流破坏,1,C1,43.6791,0.316738
0+817,mixed,moderate,渗流破坏,2,C5,49.3582,0.300345
0+817,mixed,moderate,渗流破坏,3,C4,58.0952,0.172161
0+817,mixed,moderate,渗流破坏,4,C6,60.0,0.052606
0+817,mixed,moderate,渗流破坏,5,A6,60.0,0.042057
0+818,mixed,moderate,渗流破坏,1,C1,45.4739,0.315949
0+818,mixed,moderate,渗流破坏,2,C5,51.261,0.298712
0+818,mixed,moderate,渗流破坏,3,C4,59.4578,0.171674
0+818,mixed,moderate,渗流破坏,4,C6,60.0,0.053332
0+818,mixed,moderate,渗流破坏,5,A6,60.0,0.042637
0+819,mixed,moderate,渗流破坏,1,C1,45.8081,0.312347
0+819,mixed,moderate,渗流破坏,2,C5,47.8366,0.306445
0+819,mixed,moderate,渗流破坏,3,C4,59.8897,0.169331
0+819,mixed,moderate,渗流破坏,4,C6,60.0,0.052886
0+819,mixed,moderate,渗流破坏,5,A6,60.0,0.042281
0+820,mixed,moderate,渗流破坏,1,C1,41.7609,0.321673
0+820,mixed,moderate,渗流破坏,2,C5,49.8118,0.298612
0+820,mixed,moderate,渗流破坏,3,C4,59.4053,0.169231
0+820,mixed,moderate,渗流破坏,4,C6,60.0,0.052538
0+820,mixed,moderate,渗流破坏,5,A6,60.0,0.042003
0+821,mixed,moderate,渗流破坏,1,C1,44.5417,0.316516
0+821,mixed,moderate,渗流破坏,2,C5,50.4811,0.299086
0+821,mixed,moderate,渗流破坏,3,C4,58.68,0.172159
0+821,mixed,moderate,渗流破坏,4,C6,60.0,0.052976
0+821,mixed,moderate,渗流破坏,5,A6,60.0,0.042353
0+822,mixed,moderate,渗流破坏,1,C1,44.4035,0.316824
0+822,mixed,moderate,渗流破坏,2,C5,50.394,0.299268
0+822,mixed,moderate,渗流破坏,3,C4,58.8653,0.171726
0+822,mixed,moderate,渗流破坏,4,C6,60.0,0.052962
0+822,mixed,moderate,渗流破坏,5,A6,60.0,0.042342
0+823,mixed,moderate,渗流破坏,1,C1,43.6327,0.315185
0+823,mixed,moderate,渗流破坏,2,C5,47.5684,0.303983
0+823,mixed,moderate,渗流破坏,3,C4,58.1218,0.171193
0+823,mixed,moderate,渗流破坏,4,C6,60.0,0.052327
0+823,mixed,moderate,渗流破坏,5,A6,60.0,0.041834
0+824,mixed,moderate,渗流破坏,1,C1,41.7452,0.323175
0+824,mixed,moderate,渗流破坏,2,C5,50.0742,0.299181
0+824,mixed,moderate,渗流破坏,3,C4,61.1969,0.166205
0+824,mixed,moderate,渗流破坏,4,C6,60.0,0.052777
0+824,mixed,moderate,渗流破坏,5,A6,60.0,0.042194
0+825,mixed,moderate,渗流破坏,1,C1,43.3228,0.316791
0+825,mixed,moderate,渗流破坏,2,C5,47.3742,0.305258
0+825,mixed,moderate,渗流破坏,3,C4,59.9418,0.167823
0+825,mixed,moderate,渗流破坏,4,C6,60.0,0.052449
0+825,mixed,moderate,渗流破坏,5,A6,60.0,0.041932
0+826,mixed,severe,冲刷破坏,1,C5,17.5338,0.396231
0+826,mixed,severe,冲刷破坏,2,D3,0,0.302768
0+826,mixed,severe,冲刷破坏,3,B3,0.0,0.237615
0+826,mixed,severe,冲刷破坏,4,A4,40.0,0.063387
0+827,mixed,severe,渗流破坏,1,C1,11.5728,0.262914
0+827,mixed,severe,渗流破坏,2,C5,19.1537,0.251391
0+827,mixed,severe,渗流破坏,3,C4,34.4361,0.142656
0+827,mixed,severe,渗流破坏,4,C6,0.0,0.087124
0+827,mixed,severe,渗流破坏,5,A6,0.0,0.069652
0+828,mixed,severe,冲刷破坏,1,C5,19.2278,0.391275
0+828,mixed,severe,冲刷破坏,2,D3,0,0.305253
0+828,mixed,severe,冲刷破坏,3,B3,0.0,0.239565
0+828,mixed,severe,冲刷破坏,4,A4,40.0,0.063907
0+829,mixed,severe,冲刷破坏,1,C5,18.8756,0.392313
0+829,mixed,severe,冲刷破坏,2,D3,0,0.304733
0+829,mixed,severe,冲刷破坏,3,B3,0.0,0.239156
0+829,mixed,severe,冲刷破坏,4,A4,40.0,0.063799
0+830,mixed,severe,冲刷破坏,1,C5,16.4072,0.399481
0+830,mixed,severe,冲刷破坏,2,D3,0,0.301138
0+830,mixed,severe,冲刷破坏,3,B3,0.0,0.236335
0+830,mixed,severe,冲刷破坏,4,A4,40.0,0.063046
0+831,mixed,severe,渗流破坏,1,C1,11.8245,0.26401
0+831,mixed,severe,渗流破坏,2,C5,20.9226,0.250019
0+831,mixed,severe,渗流破坏,3,C4,36.6529,0.14101
0+831,mixed,severe,渗流破坏,4,C6,0.0,0.087612
0+831,mixed,severe,渗流破坏,5,A6,0.0,0.070042
0+832,mixed,severe,冲刷破坏,1,C5,18.8385,0.392422
0+832,mixed,severe,冲刷破坏,2,D3,0,0.304678
0+832,mixed,severe,冲刷破坏,3,B3,0.0,0.239113
0+832,mixed,severe,冲刷破坏,4,A4,40.0,0.063787
0+833,mixed,severe,冲刷破坏,1,C5,20.0222,0.388924
0+833,mixed,severe,冲刷破坏,2,D3,0,0.306432
0+833,mixed,severe,冲刷破坏,3,B3,0.0,0.24049
0+833,mixed,severe,冲刷破坏,4,A4,40.0,0.064154
0+834,mixed,severe,冲刷破坏,1,C5,19.2834,0.391112
0+834,mixed,severe,冲刷破坏,2,D3,0,0.305335
0+834,mixed,severe,冲刷破坏,3,B3,0.0,0.239629
0+834,mixed,severe,冲刷破坏,4,A4,40.0,0.063925
0+835,mixed,severe,渗流破坏,1,C1,8.4847,0.266462
0+835,mixed,severe,渗流破坏,2,C5,19.1352,0.250477
0+835,mixed,severe,渗流破坏,3,C4,35.1848,0.141307
0+835,mixed,severe,渗流破坏,4,C6,0.0,0.086797
0+835,mixed,severe,渗流破坏,5,A6,0.0,0.06939
0+836,mixed,severe,渗流破坏,1,C1,12.539,0.262372
0+836,mixed,severe,渗流破坏,2,C5,20.3903,0.250318
0+836,mixed,severe,渗流破坏,3,C4,34.4862,0.143092
0+836,mixed,severe,渗流破坏,4,C6,0.0,0.087423
0+836,mixed,severe,渗流破坏,5,A6,0.0,0.069891
0+837,mixed,severe,冲刷破坏,1,C5,21.2887,0.385137
0+837,mixed,severe,冲刷破坏,2,D3,0,0.308331
0+837,mixed,severe,冲刷破坏,3,B3,0.0,0.24198
0+837,mixed,severe,冲刷破坏,4,A4,40.0,0.064552
0+838,mixed,severe,渗流破坏,1,C1,10.1721,0.265466
0+838,mixed,severe,渗流破坏,2,C5,20.7393,0.249363
0+838,mixed,severe,渗流破坏,3,C4,35.7146,0.141514
0+838,mixed,severe,渗流破坏,4,C6,0.0,0.087281
0+838,mixed,severe,渗流破坏,5,A6,0.0,0.069777
0+839,mixed,severe,冲刷破坏,1,C5,20.0038,0.388979
0+839,mixed,severe,冲刷破坏,2,D3,0,0.306404
0+839,mixed,severe,冲刷破坏,3,B3,0.0,0.240468
0+839,mixed,severe,冲刷破坏,4,A4,40.0,0.064149
0+840,mixed,severe,冲刷破坏,1,C5,20.1696,0.388487
0+840,mixed,severe,冲刷破坏,2,D3,0,0.306652
0+840,mixed,severe,冲刷破坏,3,B3,0.0,0.240662
0+840,mixed,severe,冲刷破坏,4,A4,40.0,0.0642
0+841,mixed,severe,冲刷破坏,1,C5,20.9959,0.386017
0+841,mixed,severe,冲刷破坏,2,D3,0,0.30789
0+841,mixed,severe,冲刷破坏,3,B3,0.0,0.241634
0+841,mixed,severe,冲刷破坏,4,A4,40.0,0.06446
0+842,mixed,severe,冲刷破坏,1,C5,17.2529,0.397044
0+842,mixed,severe,冲刷破坏,2,D3,0,0.30236
0+842,mixed,severe,冲刷破坏,3,B3,0.0,0.237294
0+842,mixed,severe,冲刷破坏,4,A4,40.0,0.063302
0+843,mixed,severe,渗流破坏,1,C1,11.3013,0.262767
0+843,mixed,severe,渗流破坏,2,C5,18.9313,0.251212
0+843,mixed,severe,渗流破坏,3,C4,33.1956,0.143699
0+843,mixed,severe,渗流破坏,4,C6,0.0,0.086942
0+843,mixed,severe,渗流破坏,5,A6,0.0,0.069506
0+844,mixed,severe,冲刷破坏,1,C5,16.8588,0.398183
0+844,mixed,severe,冲刷破坏,2,D3,0,0.301789
0+844,mixed,severe,冲刷破坏,3,B3,0.0,0.236846
0+844,mixed,severe,冲刷破坏,4,A4,40.0,0.063182
0+845,mixed,severe,冲刷破坏,1,C5,17.5525,0.396176
0+845,mixed,severe,冲刷破坏,2,D3,0,0.302795
0+845,mixed,severe,冲刷破坏,3,B3,0.0,0.237636
0+845,mixed,severe,冲刷破坏,4,A4,40.0,0.063393
0+846,mixed,severe,冲刷破坏,1,C5,19.2464,0.391221
0+846,mixed,severe,冲刷破坏,2,D3,0,0.30528
0+846,mixed,severe,冲刷破坏,3,B3,0.0,0.239586
0+846,mixed,severe,冲刷破坏,4,A4,40.0,0.063913
0+847,mixed,severe,渗流破坏,1,C1,10.3478,0.263375
0+847,mixed,severe,渗流破坏,2,C5,16.539,0.254118
0+847,mixed,severe,渗流破坏,3,C4,35.0852,0.141223
0+847,mixed,severe,渗流破坏,4,C6,0.0,0.086678
0+847,mixed,severe,渗流破坏,5,A6,0.0,0.069295
0+848,mixed,severe,冲刷破坏,1,C5,16.9715,0.397857
0+848,mixed,severe,冲刷破坏,2,D3,0,0.301952
0+848,mixed,severe,冲刷破坏,3,B3,0.0,0.236974
0+848,mixed,severe,冲刷破坏,4,A4,40.0,0.063216
0+849,mixed,severe,冲刷破坏,1,C5,17.5151,0.396284
0+849,mixed,severe,冲刷破坏,2,D3,0,0.302741
0+849,mixed,severe,冲刷破坏,3,B3,0.0,0.237593
0+849,mixed,severe,冲刷破坏,4,A4,40.0,0.063382
0+850,mixed,severe,渗流破坏,1,C1,7.9714,0.267909
0+850,mixed,severe,渗流破坏,2,C5,20.3903,0.249177
0+850,mixed,severe,渗流破坏,3,C4,36.4723,0.140264
0+850,mixed,severe,渗流破坏,4,C6,0.0,0.087025
0+850,mixed,severe,渗流破坏,5,A6,0.0,0.069572
0+851,mixed,critical,渗流破坏,1,C1,0.0,0.256456
0+851,mixed,critical,渗流破坏,2,C5,0.0,0.256456
0+851,mixed,critical,渗流破坏,3,C4,5.0226,0.157493
0+851,mixed,critical,渗流破坏,4,C6,0.0,0.079915
0+851,mixed,critical,渗流破坏,5,A6,0.0,0.063889
0+852,mixed,critical,渗流破坏,1,C1,0.0,0.256948
0+852,mixed,critical,渗流破坏,2,C5,0.0,0.256948
0+852,mixed,critical,渗流破坏,3,C4,7.318,0.155877
0+852,mixed,critical,渗流破坏,4,C6,0.0,0.080069
0+852,mixed,critical,渗流破坏,5,A6,0.0,0.064011
0+853,mixed,critical,渗流破坏,1,C1,0.0,0.256627
0+853,mixed,critical,渗流破坏,2,C5,0.0,0.256627
0+853,mixed,critical,渗流破坏,3,C4,5.8242,0.156932
0+853,mixed,critical,渗流破坏,4,C6,0.0,0.079968
0+853,mixed,critical,渗流破坏,5,A6,0.0,0.063931
0+854,mixed,critical,渗流破坏,1,C1,0.0,0.256584
0+854,mixed,critical,渗流破坏,2,C5,0.0,0.256584
0+854,mixed,critical,渗流破坏,3,C4,5.6241,0.157072
0+854,mixed,critical,渗流破坏,4,C6,0.0,0.079955
0+854,mixed,critical,渗流破坏,5,A6,0.0,0.063921
0+855,mixed,critical,渗流破坏,1,C1,0.0,0.256674
0+855,mixed,critical,渗流破坏,2,C5,0.0,0.256674
0+855,mixed,critical,渗流破坏,3,C4,6.044,0.156778
0+855,mixed,critical,渗流破坏,4,C6,0.0,0.079983
0+855,mixed,critical,渗流破坏,5,A6,0.0,0.063943
0+856,mixed,critical,渗流破坏,1,C1,0.0,0.256043
0+856,mixed,critical,渗流破坏,2,C5,0.0,0.256043
0+856,mixed,critical,渗流破坏,3,C4,3.0646,0.158852
0+856,mixed,critical,渗流破坏,4,C6,0.0,0.079786
0+856,mixed,critical,渗流破坏,5,A6,0.0,0.063786
0+857,mixed,critical,渗流破坏,1,C1,0.0,0.256965
0+857,mixed,critical,渗流破坏,2,C5,0.0,0.256965
0+857,mixed,critical,渗流破坏,3,C4,7.3973,0.155821
0+857,mixed,critical,渗流破坏,4,C6,0.0,0.080074
0+857,mixed,critical,渗流破坏,5,A6,0.0,0.064016
0+858,mixed,critical,渗流破坏,1,C1,0.0,0.256009
0+858,mixed,critical,渗流破坏,2,C5,0.0,0.256009
0+858,mixed,critical,渗流破坏,3,C4,2.9023,0.158963
0+858,mixed,critical,渗流破坏,4,C6,0.0,0.079776
0+858,mixed,critical,渗流破坏,5,A6,0.0,0.063777
0+859,mixed,critical,渗流破坏,1,C1,0.0,0.255737
0+859,mixed,critical,渗流破坏,2,C5,0.0,0.255737
0+859,mixed,critical,渗流破坏,3,C4,1.5984,0.159857
0+859,mixed,critical,渗流破坏,4,C6,0.0,0.079691
0+859,mixed,critical,渗流破坏,5,A6,0.0,0.063709
0+860,mixed,critical,渗流破坏,1,C1,0.0,0.256833
0+860,mixed,critical,渗流破坏,2,C5,0.0,0.256833
0+860,mixed,critical,渗流破坏,3,C4,6.7816,0.156257
0+860,mixed,critical,渗流破坏,4,C6,0.0,0.080032
0+860,mixed,critical,渗流破坏,5,A6,0.0,0.063983
0+861,mixed,critical,渗流破坏,1,C1,0.0,0.256332
0+861,mixed,critical,渗流破坏,2,C5,0.0,0.256332
0+861,mixed,critical,渗流破坏,3,C4,4.4393,0.157899
0+861,mixed,critical,渗流破坏,4,C6,0.0,0.079877
0+861,mixed,critical,渗流破坏,5,A6,0.0,0.063858
0+862,mixed,critical,渗流破坏,1,C1,0.0,0.256901
0+862,mixed,critical,渗流破坏,2,C5,0.0,0.256901
0+862,mixed,critical,渗流破坏,3,C4,7.0996,0.156032
0+862,mixed,critical,渗流破坏,4,C6,0.0,0.080054
0+862,mixed,critical,渗流破坏,5,A6,0.0,0.064
0+863,mixed,critical,渗流破坏,1,C1,0.0,0.256833
0+863,mixed,critical,渗流破坏,2,C5,0.0,0.256833
0+863,mixed,critical,渗流破坏,3,C4,6.7816,0.156257
0+863,mixed,critical,渗流破坏,4,C6,0.0,0.080032
0+863,mixed,critical,渗流破坏,5,A6,0.0,0.063983
0+864,mixed,critical,渗流破坏,1,C1,0.0,0.256897
0+864,mixed,critical,渗流破坏,2,C5,0.0,0.256897
0+864,mixed,critical,渗流破坏,3,C4,7.0797,0.156046
0+864,mixed,critical,渗流破坏,4,C6,0.0,0.080053
0+864,mixed,critical,渗流破坏,5,A6,0.0,0.063999
0+865,mixed,critical,渗流破坏,1,C1,0.0,0.256064
0+865,mixed,critical,渗流破坏,2,C5,0.0,0.256064
0+865,mixed,critical,渗流破坏,3,C4,3.1661,0.158782
0+865,mixed,critical,渗流破坏,4,C6,0.0,0.079793
0+865,mixed,critical,渗流破坏,5,A6,0.0,0.063791
0+866,mixed,critical,渗流破坏,1,C1,0.0,0.256871
0+866,mixed,critical,渗流破坏,2,C5,0.0,0.256871
0+866,mixed,critical,渗流破坏,3,C4,6.9605,0.156131
0+866,mixed,critical,渗流破坏,4,C6,0.0,0.080045
0+866,mixed,critical,渗流破坏,5,A6,0.0,0.063992
0+867,mixed,critical,渗流破坏,1,C1,0.0,0.255754
0+867,mixed,critical,渗流破坏,2,C5,0.0,0.255754
0+867,mixed,critical,渗流破坏,3,C4,1.6802,0.159802
0+867,mixed,critical,渗流破坏,4,C6,0.0,0.079696
0+867,mixed,critical,渗流破坏,5,A6,0.0,0.063714
0+868,mixed,critical,渗流破坏,1,C1,0.0,0.255945
0+868,mixed,critical,渗流破坏,2,C5,0.0,0.255945
0+868,mixed,critical,渗流破坏,3,C4,2.5975,0.159173
0+868,mixed,critical,渗流破坏,4,C6,0.0,0.079756
0+868,mixed,critical,渗流破坏,5,A6,0.0,0.063761
0+869,mixed,critical,渗流破坏,1,C1,0.0,0.256311
0+869,mixed,critical,渗流破坏,2,C5,0.0,0.256311
0+869,mixed,critical,渗流破坏,3,C4,4.3386,0.15797
0+869,mixed,critical,渗流破坏,4,C6,0.0,0.07987
0+869,mixed,critical,渗流破坏,5,A6,0.0,0.063853
0+870,mixed,critical,渗流破坏,1,C1,0.0,0.256815
0+870,mixed,critical,渗流破坏,2,C5,0.0,0.256815
0+870,mixed,critical,渗流破坏,3,C4,6.702,0.156313
0+870,mixed,critical,渗流破坏,4,C6,0.0,0.080027
0+870,mixed,critical,渗流破坏,5,A6,0.0,0.063978
0+871,mixed,critical,渗流破坏,1,C1,0.0,0.256328
0+871,mixed,critical,渗流破坏,2,C5,0.0,0.256328
0+871,mixed,critical,渗流破坏,3,C4,4.4192,0.157914
0+871,mixed,critical,渗流破坏,4,C6,0.0,0.079875
0+871,mixed,critical,渗流破坏,5,A6,0.0,0.063857
0+872,mixed,critical,渗流破坏,1,C1,0.0,0.255732
0+872,mixed,critical,渗流破坏,2,C5,0.0,0.255732
0+872,mixed,critical,渗流破坏,3,C4,1.578,0.159871
0+872,mixed,critical,渗流破坏,4,C6,0.0,0.07969
0+872,mixed,critical,渗流破坏,5,A6,0.0,0.063708
0+873,mixed,critical,渗流破坏,1,C1,0.0,0.256747
0+873,mixed,critical,渗流破坏,2,C5,0.0,0.256747
0+873,mixed,critical,渗流破坏,3,C4,6.3832,0.156538
0+873,mixed,critical,渗流破坏,4,C6,0.0,0.080006
0+873,mixed,critical,渗流破坏,5,A6,0.0,0.063961
0+874,mixed,critical,渗流破坏,1,C1,0.0,0.256884
0+874,mixed,critical,渗流破坏,2,C5,0.0,0.256884
0+874,mixed,critical,渗流破坏,3,C4,7.0201,0.156088
0+874,mixed,critical,渗流破坏,4,C6,0.0,0.080049
0+874,mixed,critical,渗流破坏,5,A6,0.0,0.063995
0+875,mixed,critical,渗流破坏,1,C1,0.0,0.255992
0+875,mixed,critical,渗流破坏,2,C5,0.0,0.255992
0+875,mixed,critical,渗流破坏,3,C4,2.821,0.159019
0+875,mixed,critical,渗流破坏,4,C6,0.0,0.07977
0+875,mixed,critical,渗流破坏,5,A6,0.0,0.063773
