learner,scope,t_c,t_b,macro_f1,balanced_accuracy,c_recall,safe_loss,c_to_a,escalation,a_over,below_rule,on_front,feasible,floor_feasible,on_floor_front
rule,none,,,0.8272305676209069,0.8466666666666667,0.8371428571428572,57,0,0.33485714285714285,54,0,False,False,False,False
rf,none,0.2,0.2,0.8433599362893611,0.820952380952381,0.8571428571428571,100,50,0.36114285714285715,16,154,False,False,False,False
rf,c_only,0.2,0.2,0.8877417540756894,0.8685714285714287,1.0,0,0,0.41828571428571426,16,104,False,True,False,False
rf,ordinal,0.2,0.2,0.8952980582157029,0.9123809523809524,1.0,0,0,0.41828571428571426,70,0,False,True,True,False
rf,none,0.2,0.25,0.8290765825987393,0.8057142857142857,0.8571428571428571,100,50,0.36114285714285715,16,154,False,False,False,False
rf,c_only,0.2,0.25,0.8730734079175102,0.8533333333333334,1.0,0,0,0.41828571428571426,16,104,False,True,False,False
rf,ordinal,0.2,0.25,0.8836363964287456,0.8971428571428571,1.0,0,0,0.41828571428571426,70,0,False,True,True,False
rf,none,0.2,0.3,0.8217067066395373,0.7980952380952381,0.8571428571428571,100,50,0.36114285714285715,16,154,False,False,False,False
rf,c_only,0.2,0.3,0.8655154574798912,0.8457142857142858,1.0,0,0,0.41828571428571426,16,104,False,True,False,False
rf,ordinal,0.2,0.3,0.8777114306381453,0.8895238095238095,1.0,0,0,0.41828571428571426,70,0,False,True,True,False
rf,none,0.2,0.35,0.8198392107130807,0.7961904761904762,0.8571428571428571,100,50,0.36114285714285715,16,154,False,False,False,False
rf,c_only,0.2,0.35,0.8636013933403675,0.8438095238095239,1.0,0,0,0.41828571428571426,16,104,False,True,False,False
rf,ordinal,0.2,0.35,0.8762198621800089,0.8876190476190476,1.0,0,0,0.41828571428571426,70,0,False,True,True,False
rf,none,0.2,0.4,0.7945814406450838,0.7714285714285715,0.8571428571428571,100,50,0.36114285714285715,16,166,False,False,False,False
rf,c_only,0.2,0.4,0.8377541384972954,0.8190476190476191,1.0,0,0,0.41828571428571426,16,116,False,True,False,False
rf,ordinal,0.2,0.4,0.8747240638593917,0.8857142857142857,1.0,0,0,0.41828571428571426,70,0,False,True,True,False
rf,none,0.2,0.45,0.7694664528170839,0.7485714285714286,0.8571428571428571,100,50,0.36114285714285715,16,178,False,False,False,False
rf,c_only,0.2,0.45,0.8121201038626565,0.7961904761904762,1.0,0,0,0.41828571428571426,16,128,False,True,False,False
rf,ordinal,0.2,0.45,0.8747240638593917,0.8857142857142857,1.0,0,0,0.41828571428571426,70,0,False,True,True,False
rf,none,0.2,0.5,0.7694664528170839,0.7485714285714286,0.8571428571428571,100,50,0.36114285714285715,16,178,False,False,False,False
rf,c_only,0.2,0.5,0.8121201038626565,0.7961904761904762,1.0,0,0,0.41828571428571426,16,128,False,True,False,False
rf,ordinal,0.2,0.5,0.8747240638593917,0.8857142857142857,1.0,0,0,0.41828571428571426,70,0,False,True,True,False
rf,none,0.2,0.55,0.7694664528170839,0.7485714285714286,0.8571428571428571,100,50,0.36114285714285715,16,178,False,False,False,False
rf,c_only,0.2,0.55,0.8121201038626565,0.7961904761904762,1.0,0,0,0.41828571428571426,16,128,False,True,False,False
rf,ordinal,0.2,0.55,0.8747240638593917,0.8857142857142857,1.0,0,0,0.41828571428571426,70,0,False,True,True,False
rf,none,0.2,0.6,0.7516213972372866,0.7333333333333334,0.8571428571428571,100,50,0.36114285714285715,16,186,False,False,False,False
rf,c_only,0.2,0.6,0.7939416817630572,0.780952380952381,1.0,0,0,0.41828571428571426,16,136,False,True,False,False
rf,ordinal,0.2,0.6,0.8747240638593917,0.8857142857142857,1.0,0,0,0.41828571428571426,70,0,False,True,True,False
rf,none,0.2,0.65,0.7254392566437248,0.7123809523809523,0.8571428571428571,100,50,0.36114285714285715,16,197,False,False,False,False
rf,c_only,0.2,0.65,0.7673168824551349,0.7600000000000001,1.0,0,0,0.41828571428571426,16,147,False,True,False,False
rf,ordinal,0.2,0.65,0.8747240638593917,0.8857142857142857,1.0,0,0,0.41828571428571426,70,0,False,True,True,False
rf,none,0.2,0.7,0.7229559304588613,0.7104761904761904,0.8571428571428571,100,50,0.36114285714285715,16,198,False,False,False,False
rf,c_only,0.2,0.7,0.7647941881507352,0.758095238095238,1.0,0,0,0.41828571428571426,16,148,False,True,False,False
rf,ordinal,0.2,0.7,0.8747240638593917,0.8857142857142857,1.0,0,0,0.41828571428571426,70,0,False,True,True,False
rf,none,0.2,0.75,0.7076645912501559,0.699047619047619,0.8571428571428571,100,50,0.36114285714285715,16,204,False,False,False,False
rf,c_only,0.2,0.75,0.7492696099155554,0.7466666666666667,1.0,0,0,0.41828571428571426,16,154,False,True,False,False
rf,ordinal,0.2,0.75,0.8747240638593917,0.8857142857142857,1.0,0,0,0.41828571428571426,70,0,False,True,True,False
rf,none,0.2,0.8,0.7076645912501559,0.699047619047619,0.8571428571428571,100,50,0.36114285714285715,16,204,False,False,False,False
rf,c_only,0.2,0.8,0.7492696099155554,0.7466666666666667,1.0,0,0,0.41828571428571426,16,154,False,True,False,False
rf,ordinal,0.2,0.8,0.8747240638593917,0.8857142857142857,1.0,0,0,0.41828571428571426,70,0,False,True,True,False
rf,none,0.2,0.85,0.7076645912501559,0.699047619047619,0.8571428571428571,100,50,0.36114285714285715,16,204,False,False,False,False
rf,c_only,0.2,0.85,0.7492696099155554,0.7466666666666667,1.0,0,0,0.41828571428571426,16,154,False,True,False,False
rf,ordinal,0.2,0.85,0.8747240638593917,0.8857142857142857,1.0,0,0,0.41828571428571426,70,0,False,True,True,False
rf,none,0.2,0.9,0.6861568567116061,0.6838095238095239,0.8571428571428571,100,50,0.36114285714285715,16,212,False,False,False,False
rf,c_only,0.2,0.9,0.7274586214915976,0.7314285714285714,1.0,0,0,0.41828571428571426,16,162,False,True,False,False
rf,ordinal,0.2,0.9,0.8747240638593917,0.8857142857142857,1.0,0,0,0.41828571428571426,70,0,False,True,True,False
rf,none,0.25,0.2,0.8433599362893611,0.820952380952381,0.8571428571428571,100,50,0.36114285714285715,16,154,False,False,False,False
rf,c_only,0.25,0.2,0.8877417540756894,0.8685714285714287,1.0,0,0,0.41828571428571426,16,104,False,True,False,False
rf,ordinal,0.25,0.2,0.8952980582157029,0.9123809523809524,1.0,0,0,0.41828571428571426,70,0,False,True,True,False
rf,none,0.25,0.25,0.8290765825987393,0.8057142857142857,0.8571428571428571,100,50,0.36114285714285715,16,154,False,False,False,False
rf,c_only,0.25,0.25,0.8730734079175102,0.8533333333333334,1.0,0,0,0.41828571428571426,16,104,False,True,False,False
rf,ordinal,0.25,0.25,0.8836363964287456,0.8971428571428571,1.0,0,0,0.41828571428571426,70,0,False,True,True,False
rf,none,0.25,0.3,0.8217067066395373,0.7980952380952381,0.8571428571428571,100,50,0.36114285714285715,16,154,False,False,False,False
rf,c_only,0.25,0.3,0.8655154574798912,0.8457142857142858,1.0,0,0,0.41828571428571426,16,104,False,True,False,False
rf,ordinal,0.25,0.3,0.8777114306381453,0.8895238095238095,1.0,0,0,0.41828571428571426,70,0,False,True,True,False
rf,none,0.25,0.35,0.8198392107130807,0.7961904761904762,0.8571428571428571,100,50,0.36114285714285715,16,154,False,False,False,False
rf,c_only,0.25,0.35,0.8636013933403675,0.8438095238095239,1.0,0,0,0.41828571428571426,16,104,False,True,False,False
rf,ordinal,0.25,0.35,0.8762198621800089,0.8876190476190476,1.0,0,0,0.41828571428571426,70,0,False,True,True,False
rf,none,0.25,0.4,0.7945814406450838,0.7714285714285715,0.8571428571428571,100,50,0.36114285714285715,16,166,False,False,False,False
rf,c_only,0.25,0.4,0.8377541384972954,0.8190476190476191,1.0,0,0,0.41828571428571426,16,116,False,True,False,False
rf,ordinal,0.25,0.4,0.8747240638593917,0.8857142857142857,1.0,0,0,0.41828571428571426,70,0,False,True,True,False
rf,none,0.25,0.45,0.7694664528170839,0.7485714285714286,0.8571428571428571,100,50,0.36114285714285715,16,178,False,False,False,False
rf,c_only,0.25,0.45,0.8121201038626565,0.7961904761904762,1.0,0,0,0.41828571428571426,16,128,False,True,False,False
rf,ordinal,0.25,0.45,0.8747240638593917,0.8857142857142857,1.0,0,0,0.41828571428571426,70,0,False,True,True,False
rf,none,0.25,0.5,0.7694664528170839,0.7485714285714286,0.8571428571428571,100,50,0.36114285714285715,16,178,False,False,False,False
rf,c_only,0.25,0.5,0.8121201038626565,0.7961904761904762,1.0,0,0,0.41828571428571426,16,128,False,True,False,False
rf,ordinal,0.25,0.5,0.8747240638593917,0.8857142857142857,1.0,0,0,0.41828571428571426,70,0,False,True,True,False
rf,none,0.25,0.55,0.7694664528170839,0.7485714285714286,0.8571428571428571,100,50,0.36114285714285715,16,178,False,False,False,False
rf,c_only,0.25,0.55,0.8121201038626565,0.7961904761904762,1.0,0,0,0.41828571428571426,16,128,False,True,False,False
rf,ordinal,0.25,0.55,0.8747240638593917,0.8857142857142857,1.0,0,0,0.41828571428571426,70,0,False,True,True,False
rf,none,0.25,0.6,0.7516213972372866,0.7333333333333334,0.8571428571428571,100,50,0.36114285714285715,16,186,False,False,False,False
rf,c_only,0.25,0.6,0.7939416817630572,0.780952380952381,1.0,0,0,0.41828571428571426,16,136,False,True,False,False
rf,ordinal,0.25,0.6,0.8747240638593917,0.8857142857142857,1.0,0,0,0.41828571428571426,70,0,False,True,True,False
rf,none,0.25,0.65,0.7254392566437248,0.7123809523809523,0.8571428571428571,100,50,0.36114285714285715,16,197,False,False,False,False
rf,c_only,0.25,0.65,0.7673168824551349,0.7600000000000001,1.0,0,0,0.41828571428571426,16,147,False,True,False,False
rf,ordinal,0.25,0.65,0.8747240638593917,0.8857142857142857,1.0,0,0,0.41828571428571426,70,0,False,True,True,False
rf,none,0.25,0.7,0.7229559304588613,0.7104761904761904,0.8571428571428571,100,50,0.36114285714285715,16,198,False,False,False,False
rf,c_only,0.25,0.7,0.7647941881507352,0.758095238095238,1.0,0,0,0.41828571428571426,16,148,False,True,False,False
rf,ordinal,0.25,0.7,0.8747240638593917,0.8857142857142857,1.0,0,0,0.41828571428571426,70,0,False,True,True,False
rf,none,0.25,0.75,0.7076645912501559,0.699047619047619,0.8571428571428571,100,50,0.36114285714285715,16,204,False,False,False,False
rf,c_only,0.25,0.75,0.7492696099155554,0.7466666666666667,1.0,0,0,0.41828571428571426,16,154,False,True,False,False
rf,ordinal,0.25,0.75,0.8747240638593917,0.8857142857142857,1.0,0,0,0.41828571428571426,70,0,False,True,True,False
rf,none,0.25,0.8,0.7076645912501559,0.699047619047619,0.8571428571428571,100,50,0.36114285714285715,16,204,False,False,False,False
rf,c_only,0.25,0.8,0.7492696099155554,0.7466666666666667,1.0,0,0,0.41828571428571426,16,154,False,True,False,False
rf,ordinal,0.25,0.8,0.8747240638593917,0.8857142857142857,1.0,0,0,0.41828571428571426,70,0,False,True,True,False
rf,none,0.25,0.85,0.7076645912501559,0.699047619047619,0.8571428571428571,100,50,0.36114285714285715,16,204,False,False,False,False
rf,c_only,0.25,0.85,0.7492696099155554,0.7466666666666667,1.0,0,0,0.41828571428571426,16,154,False,True,False,False
rf,ordinal,0.25,0.85,0.8747240638593917,0.8857142857142857,1.0,0,0,0.41828571428571426,70,0,False,True,True,False
rf,none,0.25,0.9,0.6861568567116061,0.6838095238095239,0.8571428571428571,100,50,0.36114285714285715,16,212,False,False,False,False
rf,c_only,0.25,0.9,0.7274586214915976,0.7314285714285714,1.0,0,0,0.41828571428571426,16,162,False,True,False,False
rf,ordinal,0.25,0.9,0.8747240638593917,0.8857142857142857,1.0,0,0,0.41828571428571426,70,0,False,True,True,False
rf,none,0.3,0.2,0.8527399556915899,0.8304761904761905,0.8571428571428571,100,50,0.3497142857142857,6,154,False,False,False,False
rf,c_only,0.3,0.2,0.8972290100721428,0.8780952380952382,1.0,0,0,0.40685714285714286,6,104,False,True,False,False
rf,ordinal,0.3,0.2,0.9056813447880833,0.921904761904762,1.0,0,0,0.40685714285714286,60,0,False,True,True,False
rf,none,0.3,0.25,0.8384436691342002,0.8152380952380952,0.8571428571428571,100,50,0.3497142857142857,6,154,False,False,False,False
rf,c_only,0.3,0.25,0.8825512052644923,0.8628571428571429,1.0,0,0,0.40685714285714286,6,104,False,True,False,False
rf,ordinal,0.3,0.25,0.8940041409582778,0.9066666666666667,1.0,0,0,0.40685714285714286,60,0,False,True,True,False
rf,none,0.3,0.3,0.8310671677873914,0.8076190476190477,0.8571428571428571,100,50,0.3497142857142857,6,154,False,False,False,False
rf,c_only,0.3,0.3,0.8749882713581251,0.8552380952380952,1.0,0,0,0.40685714285714286,6,104,False,True,False,False
rf,ordinal,0.3,0.3,0.888071047314848,0.899047619047619,1.0,0,0,0.40685714285714286,60,0,False,True,True,False
rf,none,0.3,0.35,0.8291979996445016,0.8057142857142857,0.8571428571428571,100,50,0.3497142857142857,6,154,False,False,False,False
rf,c_only,0.3,0.35,0.8730729359116475,0.8533333333333334,1.0,0,0,0.40685714285714286,6,104,False,True,False,False
rf,ordinal,0.3,0.35,0.8865774114798243,0.8971428571428571,1.0,0,0,0.40685714285714286,60,0,False,True,True,False
rf,none,0.3,0.4,0.8039179460441569,0.780952380952381,0.8571428571428571,100,50,0.3497142857142857,6,166,False,False,False,False
rf,c_only,0.3,0.4,0.8472082774498482,0.8285714285714286,1.0,0,0,0.40685714285714286,6,116,False,True,False,False
rf,ordinal,0.3,0.4,0.8850795319302014,0.8952380952380953,1.0,0,0,0.40685714285714286,60,0,False,True,True,False
rf,none,0.3,0.45,0.7787815648073254,0.7580952380952382,0.8571428571428571,100,50,0.3497142857142857,6,178,False,False,False,False
rf,c_only,0.3,0.45,0.8215568435473656,0.8057142857142857,1.0,0,0,0.40685714285714286,6,128,False,True,False,False
rf,ordinal,0.3,0.45,0.8850795319302014,0.8952380952380953,1.0,0,0,0.40685714285714286,60,0,False,True,True,False
rf,none,0.3,0.5,0.7787815648073254,0.7580952380952382,0.8571428571428571,100,50,0.3497142857142857,6,178,False,False,False,False
rf,c_only,0.3,0.5,0.8215568435473656,0.8057142857142857,1.0,0,0,0.40685714285714286,6,128,False,True,False,False
rf,ordinal,0.3,0.5,0.8850795319302014,0.8952380952380953,1.0,0,0,0.40685714285714286,60,0,False,True,True,False
rf,none,0.3,0.55,0.7787815648073254,0.7580952380952382,0.8571428571428571,100,50,0.3497142857142857,6,178,False,False,False,False
rf,c_only,0.3,0.55,0.8215568435473656,0.8057142857142857,1.0,0,0,0.40685714285714286,6,128,False,True,False,False
rf,ordinal,0.3,0.55,0.8850795319302014,0.8952380952380953,1.0,0,0,0.40685714285714286,60,0,False,True,True,False
rf,none,0.3,0.6,0.7609218542606863,0.7428571428571429,0.8571428571428571,100,50,0.3497142857142857,6,186,False,False,False,False
rf,c_only,0.3,0.6,0.8033661801320028,0.7904761904761904,1.0,0,0,0.40685714285714286,6,136,False,True,False,False
rf,ordinal,0.3,0.6,0.8850795319302014,0.8952380952380953,1.0,0,0,0.40685714285714286,60,0,False,True,True,False
rf,none,0.3,0.65,0.7347191027314706,0.7219047619047619,0.8571428571428571,100,50,0.3497142857142857,6,197,False,False,False,False
rf,c_only,0.3,0.65,0.7767237890565037,0.7695238095238096,1.0,0,0,0.40685714285714286,6,147,False,True,False,False
rf,ordinal,0.3,0.65,0.8850795319302014,0.8952380952380953,1.0,0,0,0.40685714285714286,60,0,False,True,True,False
rf,none,0.3,0.7,0.7322338782220646,0.7200000000000001,0.8571428571428571,100,50,0.3497142857142857,6,198,False,False,False,False
rf,c_only,0.3,0.7,0.7741994545879015,0.7676190476190476,1.0,0,0,0.40685714285714286,6,148,False,True,False,False
rf,ordinal,0.3,0.7,0.8850795319302014,0.8952380952380953,1.0,0,0,0.40685714285714286,60,0,False,True,True,False
rf,none,0.3,0.75,0.7169310684284441,0.7085714285714286,0.8571428571428571,100,50,0.3497142857142857,6,204,False,False,False,False
rf,c_only,0.3,0.75,0.7586649003079599,0.7561904761904762,1.0,0,0,0.40685714285714286,6,154,False,True,False,False
rf,ordinal,0.3,0.75,0.8850795319302014,0.8952380952380953,1.0,0,0,0.40685714285714286,60,0,False,True,True,False
rf,none,0.3,0.8,0.7169310684284441,0.7085714285714286,0.8571428571428571,100,50,0.3497142857142857,6,204,False,False,False,False
rf,c_only,0.3,0.8,0.7586649003079599,0.7561904761904762,1.0,0,0,0.40685714285714286,6,154,False,True,False,False
rf,ordinal,0.3,0.8,0.8850795319302014,0.8952380952380953,1.0,0,0,0.40685714285714286,60,0,False,True,True,False
rf,none,0.3,0.85,0.7169310684284441,0.7085714285714286,0.8571428571428571,100,50,0.3497142857142857,6,204,False,False,False,False
rf,c_only,0.3,0.85,0.7586649003079599,0.7561904761904762,1.0,0,0,0.40685714285714286,6,154,False,True,False,False
rf,ordinal,0.3,0.85,0.8850795319302014,0.8952380952380953,1.0,0,0,0.40685714285714286,60,0,False,True,True,False
rf,none,0.3,0.9,0.6954078363014844,0.6933333333333334,0.8571428571428571,100,50,0.3497142857142857,6,212,False,False,False,False
rf,c_only,0.3,0.9,0.7368402674914013,0.7409523809523809,1.0,0,0,0.40685714285714286,6,162,False,True,False,False
rf,ordinal,0.3,0.9,0.8850795319302014,0.8952380952380953,1.0,0,0,0.40685714285714286,60,0,False,True,True,False
rf,none,0.35,0.2,0.8583787315328962,0.8361904761904762,0.8571428571428571,100,50,0.34285714285714286,0,154,False,False,False,False
rf,c_only,0.35,0.2,0.9029232161288415,0.8838095238095237,1.0,0,0,0.4,0,104,False,True,False,False
rf,ordinal,0.35,0.2,0.911890348991677,0.9276190476190477,1.0,0,0,0.4,54,0,False,True,True,False
rf,none,0.35,0.25,0.8440753921180968,0.820952380952381,0.8571428571428571,100,50,0.34285714285714286,0,154,False,False,False,False
rf,c_only,0.35,0.25,0.8882404935003633,0.8685714285714287,1.0,0,0,0.4,0,104,False,True,False,False
rf,ordinal,0.35,0.25,0.9002050580997949,0.9123809523809524,1.0,0,0,0.4,54,0,False,True,True,False
rf,none,0.35,0.3,0.836695265670881,0.8133333333333334,0.8571428571428571,100,50,0.34285714285714286,0,154,False,False,False,False
rf,c_only,0.35,0.3,0.8806749454747549,0.8609523809523809,1.0,0,0,0.4,0,104,False,True,False,False
rf,ordinal,0.35,0.3,0.8942677008423274,0.9047619047619048,1.0,0,0,0.4,54,0,False,True,True,False
rf,none,0.35,0.35,0.8348251813849111,0.8114285714285714,0.8571428571428571,100,50,0.34285714285714286,0,154,False,False,False,False
rf,c_only,0.35,0.35,0.8787589409429652,0.8590476190476192,1.0,0,0,0.4,0,104,False,True,False,False
rf,ordinal,0.35,0.35,0.8927729772191674,0.9028571428571429,1.0,0,0,0.4,54,0,False,True,True,False
rf,none,0.35,0.4,0.8095328783827904,0.7866666666666666,0.8571428571428571,100,50,0.34285714285714286,0,166,False,False,False,False
rf,c_only,0.35,0.4,0.8528850474198114,0.8342857142857142,1.0,0,0,0.4,0,116,False,True,False,False
rf,ordinal,0.35,0.4,0.8912740013133629,0.900952380952381,1.0,0,0,0.4,54,0,False,True,True,False
rf,none,0.35,0.45,0.7843846744639333,0.7638095238095238,0.8571428571428571,100,50,0.34285714285714286,0,178,False,False,False,False
rf,c_only,0.35,0.45,0.8272242693805504,0.8114285714285714,1.0,0,0,0.4,0,128,False,True,False,False
rf,ordinal,0.35,0.45,0.8912740013133629,0.900952380952381,1.0,0,0,0.4,54,0,False,True,True,False
rf,none,0.35,0.5,0.7843846744639333,0.7638095238095238,0.8571428571428571,100,50,0.34285714285714286,0,178,False,False,False,False
rf,c_only,0.35,0.5,0.8272242693805504,0.8114285714285714,1.0,0,0,0.4,0,128,False,True,False,False
rf,ordinal,0.35,0.5,0.8912740013133629,0.900952380952381,1.0,0,0,0.4,54,0,False,True,True,False
rf,none,0.35,0.55,0.7843846744639333,0.7638095238095238,0.8571428571428571,100,50,0.34285714285714286,0,178,False,False,False,False
rf,c_only,0.35,0.55,0.8272242693805504,0.8114285714285714,1.0,0,0,0.4,0,128,False,True,False,False
rf,ordinal,0.35,0.55,0.8912740013133629,0.900952380952381,1.0,0,0,0.4,54,0,False,True,True,False
rf,none,0.35,0.6,0.7665168351455572,0.7485714285714286,0.8571428571428571,100,50,0.34285714285714286,0,186,False,False,False,False
rf,c_only,0.35,0.6,0.8090269809944876,0.7961904761904762,1.0,0,0,0.4,0,136,False,True,False,False
rf,ordinal,0.35,0.6,0.8912740013133629,0.900952380952381,1.0,0,0,0.4,54,0,False,True,True,False
rf,none,0.35,0.65,0.7403026154416588,0.7276190476190476,0.8571428571428571,100,50,0.34285714285714286,0,197,False,False,False,False
rf,c_only,0.35,0.65,0.7823750105387405,0.7752380952380952,1.0,0,0,0.4,0,147,False,True,False,False
rf,ordinal,0.35,0.65,0.8912740013133629,0.900952380952381,1.0,0,0,0.4,54,0,False,True,True,False
rf,none,0.35,0.7,0.7378163327530416,0.7257142857142856,0.8571428571428571,100,50,0.34285714285714286,0,198,False,False,False,False
rf,c_only,0.35,0.7,0.7798497798497799,0.7733333333333334,1.0,0,0,0.4,0,148,False,True,False,False
rf,ordinal,0.35,0.7,0.8912740013133629,0.900952380952381,1.0,0,0,0.4,54,0,False,True,True,False
rf,none,0.35,0.75,0.7225071225071225,0.7142857142857143,0.8571428571428571,100,50,0.34285714285714286,0,204,False,False,False,False
rf,c_only,0.35,0.75,0.7643097643097643,0.7619047619047619,1.0,0,0,0.4,0,154,False,True,False,False
rf,ordinal,0.35,0.75,0.8912740013133629,0.900952380952381,1.0,0,0,0.4,54,0,False,True,True,False
rf,none,0.35,0.8,0.7225071225071225,0.7142857142857143,0.8571428571428571,100,50,0.34285714285714286,0,204,False,False,False,False
rf,c_only,0.35,0.8,0.7643097643097643,0.7619047619047619,1.0,0,0,0.4,0,154,False,True,False,False
rf,ordinal,0.35,0.8,0.8912740013133629,0.900952380952381,1.0,0,0,0.4,54,0,False,True,True,False
rf,none,0.35,0.85,0.7225071225071225,0.7142857142857143,0.8571428571428571,100,50,0.34285714285714286,0,204,False,False,False,False
rf,c_only,0.35,0.85,0.7643097643097643,0.7619047619047619,1.0,0,0,0.4,0,154,False,True,False,False
rf,ordinal,0.35,0.85,0.8912740013133629,0.900952380952381,1.0,0,0,0.4,54,0,False,True,True,False
rf,none,0.35,0.9,0.7009752263834753,0.699047619047619,0.8571428571428571,100,50,0.34285714285714286,0,212,False,False,False,False
rf,c_only,0.35,0.9,0.7424776362157766,0.7466666666666667,1.0,0,0,0.4,0,162,False,True,False,False
rf,ordinal,0.35,0.9,0.8912740013133629,0.900952380952381,1.0,0,0,0.4,54,0,False,True,True,False
rf,none,0.4,0.2,0.8574712888809138,0.8352380952380952,0.8542857142857143,102,51,0.3417142857142857,0,155,False,False,False,False
rf,c_only,0.4,0.2,0.9020439636930974,0.8828571428571429,0.9971428571428571,2,1,0.39885714285714285,0,105,False,False,False,False
rf,ordinal,0.4,0.2,0.9107073811636014,0.9266666666666667,0.9971428571428571,1,0,0.39885714285714285,54,0,False,True,True,False
rf,none,0.4,0.25,0.8431748335490802,0.82,0.8542857142857143,102,51,0.3417142857142857,0,155,False,False,False,False
rf,c_only,0.4,0.25,0.8873695641676336,0.8676190476190477,0.9971428571428571,2,1,0.39885714285714285,0,105,False,False,False,False
rf,ordinal,0.4,0.25,0.8990283680618893,0.9114285714285714,0.9971428571428571,1,0,0.39885714285714285,54,0,False,True,True,False
rf,none,0.4,0.3,0.8357980741516581,0.8123809523809523,0.8542857142857143,102,51,0.3417142857142857,0,155,False,False,False,False
rf,c_only,0.4,0.3,0.879808081185392,0.86,0.9971428571428571,2,1,0.39885714285714285,0,105,False,False,False,False
rf,ordinal,0.4,0.3,0.8930945810732925,0.903809523809524,0.9971428571428571,1,0,0.39885714285714285,54,0,False,True,True,False
rf,none,0.4,0.35,0.8339288239804082,0.8104761904761905,0.8542857142857143,102,51,0.3417142857142857,0,155,False,False,False,False
rf,c_only,0.4,0.35,0.8778930830860355,0.8580952380952381,0.9971428571428571,2,1,0.39885714285714285,0,105,False,False,False,False
rf,ordinal,0.4,0.35,0.8916007976742962,0.9019047619047619,0.9971428571428571,1,0,0.39885714285714285,54,0,False,True,True,False
rf,none,0.4,0.4,0.808647094033989,0.7857142857142857,0.8542857142857143,102,51,0.3417142857142857,0,167,False,False,False,False
rf,c_only,0.4,0.4,0.8520319262814912,0.8333333333333334,0.9971428571428571,2,1,0.39885714285714285,0,117,False,False,False,False
rf,ordinal,0.4,0.4,0.8901027815846349,0.9,0.9971428571428571,1,0,0.39885714285714285,54,0,False,True,True,False
rf,none,0.4,0.45,0.7835082221643653,0.7628571428571428,0.8542857142857143,102,51,0.3417142857142857,0,179,False,False,False,False
rf,c_only,0.4,0.45,0.826382358026169,0.8104761904761905,0.9971428571428571,2,1,0.39885714285714285,0,129,False,False,False,False
rf,ordinal,0.4,0.45,0.8901027815846349,0.9,0.9971428571428571,1,0,0.39885714285714285,54,0,False,True,True,False
rf,none,0.4,0.5,0.7835082221643653,0.7628571428571428,0.8542857142857143,102,51,0.3417142857142857,0,179,False,False,False,False
rf,c_only,0.4,0.5,0.826382358026169,0.8104761904761905,0.9971428571428571,2,1,0.39885714285714285,0,129,False,False,False,False
rf,ordinal,0.4,0.5,0.8901027815846349,0.9,0.9971428571428571,1,0,0.39885714285714285,54,0,False,True,True,False
rf,none,0.4,0.55,0.7835082221643653,0.7628571428571428,0.8542857142857143,102,51,0.3417142857142857,0,179,False,False,False,False
rf,c_only,0.4,0.55,0.826382358026169,0.8104761904761905,0.9971428571428571,2,1,0.39885714285714285,0,129,False,False,False,False
rf,ordinal,0.4,0.55,0.8901027815846349,0.9,0.9971428571428571,1,0,0.39885714285714285,54,0,False,True,True,False
rf,none,0.4,0.6,0.7656463877430606,0.7476190476190476,0.8542857142857143,102,51,0.3417142857142857,0,187,False,False,False,False
rf,c_only,0.4,0.6,0.8081922667972833,0.7952380952380952,0.9971428571428571,2,1,0.39885714285714285,0,137,False,False,False,False
rf,ordinal,0.4,0.6,0.8901027815846349,0.9,0.9971428571428571,1,0,0.39885714285714285,54,0,False,True,True,False
rf,none,0.4,0.65,0.7394401553879689,0.7266666666666666,0.8542857142857143,102,51,0.3417142857142857,0,198,False,False,False,False
rf,c_only,0.4,0.65,0.7815498499603871,0.7742857142857144,0.9971428571428571,2,1,0.39885714285714285,0,148,False,False,False,False
rf,ordinal,0.4,0.65,0.8901027815846349,0.9,0.9971428571428571,1,0,0.39885714285714285,54,0,False,True,True,False
rf,none,0.4,0.7,0.7369545838277575,0.7247619047619048,0.8542857142857143,102,51,0.3417142857142857,0,199,False,False,False,False
rf,c_only,0.4,0.7,0.7790254687564433,0.7723809523809524,0.9971428571428571,2,1,0.39885714285714285,0,149,False,False,False,False
rf,ordinal,0.4,0.7,0.8901027815846349,0.9,0.9971428571428571,1,0,0.39885714285714285,54,0,False,True,True,False
rf,none,0.4,0.75,0.7216495893068914,0.7133333333333333,0.8542857142857143,102,51,0.3417142857142857,0,205,False,False,False,False
rf,c_only,0.4,0.75,0.7634904854661894,0.7609523809523809,0.9971428571428571,2,1,0.39885714285714285,0,155,False,False,False,False
rf,ordinal,0.4,0.75,0.8901027815846349,0.9,0.9971428571428571,1,0,0.39885714285714285,54,0,False,True,True,False
rf,none,0.4,0.8,0.7216495893068914,0.7133333333333333,0.8542857142857143,102,51,0.3417142857142857,0,205,False,False,False,False
rf,c_only,0.4,0.8,0.7634904854661894,0.7609523809523809,0.9971428571428571,2,1,0.39885714285714285,0,155,False,False,False,False
rf,ordinal,0.4,0.8,0.8901027815846349,0.9,0.9971428571428571,1,0,0.39885714285714285,54,0,False,True,True,False
rf,none,0.4,0.85,0.7216495893068914,0.7133333333333333,0.8542857142857143,102,51,0.3417142857142857,0,205,False,False,False,False
rf,c_only,0.4,0.85,0.7634904854661894,0.7609523809523809,0.9971428571428571,2,1,0.39885714285714285,0,155,False,False,False,False
rf,ordinal,0.4,0.85,0.8901027815846349,0.9,0.9971428571428571,1,0,0.39885714285714285,54,0,False,True,True,False
rf,none,0.4,0.9,0.7001231810996066,0.6980952380952381,0.8542857142857143,102,51,0.3417142857142857,0,213,False,False,False,False
rf,c_only,0.4,0.9,0.7416648987330973,0.7457142857142857,0.9971428571428571,2,1,0.39885714285714285,0,163,False,False,False,False
rf,ordinal,0.4,0.9,0.8901027815846349,0.9,0.9971428571428571,1,0,0.39885714285714285,54,0,False,True,True,False
rf,none,0.45,0.2,0.8574712888809138,0.8352380952380952,0.8542857142857143,102,51,0.3417142857142857,0,155,False,False,False,False
rf,c_only,0.45,0.2,0.9020439636930974,0.8828571428571429,0.9971428571428571,2,1,0.39885714285714285,0,105,False,False,False,False
rf,ordinal,0.45,0.2,0.9107073811636014,0.9266666666666667,0.9971428571428571,1,0,0.39885714285714285,54,0,False,True,True,False
rf,none,0.45,0.25,0.8431748335490802,0.82,0.8542857142857143,102,51,0.3417142857142857,0,155,False,False,False,False
rf,c_only,0.45,0.25,0.8873695641676336,0.8676190476190477,0.9971428571428571,2,1,0.39885714285714285,0,105,False,False,False,False
rf,ordinal,0.45,0.25,0.8990283680618893,0.9114285714285714,0.9971428571428571,1,0,0.39885714285714285,54,0,False,True,True,False
rf,none,0.45,0.3,0.8357980741516581,0.8123809523809523,0.8542857142857143,102,51,0.3417142857142857,0,155,False,False,False,False
rf,c_only,0.45,0.3,0.879808081185392,0.86,0.9971428571428571,2,1,0.39885714285714285,0,105,False,False,False,False
rf,ordinal,0.45,0.3,0.8930945810732925,0.903809523809524,0.9971428571428571,1,0,0.39885714285714285,54,0,False,True,True,False
rf,none,0.45,0.35,0.8339288239804082,0.8104761904761905,0.8542857142857143,102,51,0.3417142857142857,0,155,False,False,False,False
rf,c_only,0.45,0.35,0.8778930830860355,0.8580952380952381,0.9971428571428571,2,1,0.39885714285714285,0,105,False,False,False,False
rf,ordinal,0.45,0.35,0.8916007976742962,0.9019047619047619,0.9971428571428571,1,0,0.39885714285714285,54,0,False,True,True,False
rf,none,0.45,0.4,0.808647094033989,0.7857142857142857,0.8542857142857143,102,51,0.3417142857142857,0,167,False,False,False,False
rf,c_only,0.45,0.4,0.8520319262814912,0.8333333333333334,0.9971428571428571,2,1,0.39885714285714285,0,117,False,False,False,False
rf,ordinal,0.45,0.4,0.8901027815846349,0.9,0.9971428571428571,1,0,0.39885714285714285,54,0,False,True,True,False
rf,none,0.45,0.45,0.7835082221643653,0.7628571428571428,0.8542857142857143,102,51,0.3417142857142857,0,179,False,False,False,False
rf,c_only,0.45,0.45,0.826382358026169,0.8104761904761905,0.9971428571428571,2,1,0.39885714285714285,0,129,False,False,False,False
rf,ordinal,0.45,0.45,0.8901027815846349,0.9,0.9971428571428571,1,0,0.39885714285714285,54,0,False,True,True,False
rf,none,0.45,0.5,0.7835082221643653,0.7628571428571428,0.8542857142857143,102,51,0.3417142857142857,0,179,False,False,False,False
rf,c_only,0.45,0.5,0.826382358026169,0.8104761904761905,0.9971428571428571,2,1,0.39885714285714285,0,129,False,False,False,False
rf,ordinal,0.45,0.5,0.8901027815846349,0.9,0.9971428571428571,1,0,0.39885714285714285,54,0,False,True,True,False
rf,none,0.45,0.55,0.7835082221643653,0.7628571428571428,0.8542857142857143,102,51,0.3417142857142857,0,179,False,False,False,False
rf,c_only,0.45,0.55,0.826382358026169,0.8104761904761905,0.9971428571428571,2,1,0.39885714285714285,0,129,False,False,False,False
rf,ordinal,0.45,0.55,0.8901027815846349,0.9,0.9971428571428571,1,0,0.39885714285714285,54,0,False,True,True,False
rf,none,0.45,0.6,0.7656463877430606,0.7476190476190476,0.8542857142857143,102,51,0.3417142857142857,0,187,False,False,False,False
rf,c_only,0.45,0.6,0.8081922667972833,0.7952380952380952,0.9971428571428571,2,1,0.39885714285714285,0,137,False,False,False,False
rf,ordinal,0.45,0.6,0.8901027815846349,0.9,0.9971428571428571,1,0,0.39885714285714285,54,0,False,True,True,False
rf,none,0.45,0.65,0.7394401553879689,0.7266666666666666,0.8542857142857143,102,51,0.3417142857142857,0,198,False,False,False,False
rf,c_only,0.45,0.65,0.7815498499603871,0.7742857142857144,0.9971428571428571,2,1,0.39885714285714285,0,148,False,False,False,False
rf,ordinal,0.45,0.65,0.8901027815846349,0.9,0.9971428571428571,1,0,0.39885714285714285,54,0,False,True,True,False
rf,none,0.45,0.7,0.7369545838277575,0.7247619047619048,0.8542857142857143,102,51,0.3417142857142857,0,199,False,False,False,False
rf,c_only,0.45,0.7,0.7790254687564433,0.7723809523809524,0.9971428571428571,2,1,0.39885714285714285,0,149,False,False,False,False
rf,ordinal,0.45,0.7,0.8901027815846349,0.9,0.9971428571428571,1,0,0.39885714285714285,54,0,False,True,True,False
rf,none,0.45,0.75,0.7216495893068914,0.7133333333333333,0.8542857142857143,102,51,0.3417142857142857,0,205,False,False,False,False
rf,c_only,0.45,0.75,0.7634904854661894,0.7609523809523809,0.9971428571428571,2,1,0.39885714285714285,0,155,False,False,False,False
rf,ordinal,0.45,0.75,0.8901027815846349,0.9,0.9971428571428571,1,0,0.39885714285714285,54,0,False,True,True,False
rf,none,0.45,0.8,0.7216495893068914,0.7133333333333333,0.8542857142857143,102,51,0.3417142857142857,0,205,False,False,False,False
rf,c_only,0.45,0.8,0.7634904854661894,0.7609523809523809,0.9971428571428571,2,1,0.39885714285714285,0,155,False,False,False,False
rf,ordinal,0.45,0.8,0.8901027815846349,0.9,0.9971428571428571,1,0,0.39885714285714285,54,0,False,True,True,False
rf,none,0.45,0.85,0.7216495893068914,0.7133333333333333,0.8542857142857143,102,51,0.3417142857142857,0,205,False,False,False,False
rf,c_only,0.45,0.85,0.7634904854661894,0.7609523809523809,0.9971428571428571,2,1,0.39885714285714285,0,155,False,False,False,False
rf,ordinal,0.45,0.85,0.8901027815846349,0.9,0.9971428571428571,1,0,0.39885714285714285,54,0,False,True,True,False
rf,none,0.45,0.9,0.7001231810996066,0.6980952380952381,0.8542857142857143,102,51,0.3417142857142857,0,213,False,False,False,False
rf,c_only,0.45,0.9,0.7416648987330973,0.7457142857142857,0.9971428571428571,2,1,0.39885714285714285,0,163,False,False,False,False
rf,ordinal,0.45,0.9,0.8901027815846349,0.9,0.9971428571428571,1,0,0.39885714285714285,54,0,False,True,True,False
rf,none,0.5,0.2,0.8574712888809138,0.8352380952380952,0.8542857142857143,102,51,0.3417142857142857,0,155,False,False,False,False
rf,c_only,0.5,0.2,0.9020439636930974,0.8828571428571429,0.9971428571428571,2,1,0.39885714285714285,0,105,False,False,False,False
rf,ordinal,0.5,0.2,0.9107073811636014,0.9266666666666667,0.9971428571428571,1,0,0.39885714285714285,54,0,False,True,True,False
rf,none,0.5,0.25,0.8431748335490802,0.82,0.8542857142857143,102,51,0.3417142857142857,0,155,False,False,False,False
rf,c_only,0.5,0.25,0.8873695641676336,0.8676190476190477,0.9971428571428571,2,1,0.39885714285714285,0,105,False,False,False,False
rf,ordinal,0.5,0.25,0.8990283680618893,0.9114285714285714,0.9971428571428571,1,0,0.39885714285714285,54,0,False,True,True,False
rf,none,0.5,0.3,0.8357980741516581,0.8123809523809523,0.8542857142857143,102,51,0.3417142857142857,0,155,False,False,False,False
rf,c_only,0.5,0.3,0.879808081185392,0.86,0.9971428571428571,2,1,0.39885714285714285,0,105,False,False,False,False
rf,ordinal,0.5,0.3,0.8930945810732925,0.903809523809524,0.9971428571428571,1,0,0.39885714285714285,54,0,False,True,True,False
rf,none,0.5,0.35,0.8339288239804082,0.8104761904761905,0.8542857142857143,102,51,0.3417142857142857,0,155,False,False,False,False
rf,c_only,0.5,0.35,0.8778930830860355,0.8580952380952381,0.9971428571428571,2,1,0.39885714285714285,0,105,False,False,False,False
rf,ordinal,0.5,0.35,0.8916007976742962,0.9019047619047619,0.9971428571428571,1,0,0.39885714285714285,54,0,False,True,True,False
rf,none,0.5,0.4,0.808647094033989,0.7857142857142857,0.8542857142857143,102,51,0.3417142857142857,0,167,False,False,False,False
rf,c_only,0.5,0.4,0.8520319262814912,0.8333333333333334,0.9971428571428571,2,1,0.39885714285714285,0,117,False,False,False,False
rf,ordinal,0.5,0.4,0.8901027815846349,0.9,0.9971428571428571,1,0,0.39885714285714285,54,0,False,True,True,False
rf,none,0.5,0.45,0.7835082221643653,0.7628571428571428,0.8542857142857143,102,51,0.3417142857142857,0,179,False,False,False,False
rf,c_only,0.5,0.45,0.826382358026169,0.8104761904761905,0.9971428571428571,2,1,0.39885714285714285,0,129,False,False,False,False
rf,ordinal,0.5,0.45,0.8901027815846349,0.9,0.9971428571428571,1,0,0.39885714285714285,54,0,False,True,True,False
rf,none,0.5,0.5,0.7835082221643653,0.7628571428571428,0.8542857142857143,102,51,0.3417142857142857,0,179,False,False,False,False
rf,c_only,0.5,0.5,0.826382358026169,0.8104761904761905,0.9971428571428571,2,1,0.39885714285714285,0,129,False,False,False,False
rf,ordinal,0.5,0.5,0.8901027815846349,0.9,0.9971428571428571,1,0,0.39885714285714285,54,0,False,True,True,False
rf,none,0.5,0.55,0.7835082221643653,0.7628571428571428,0.8542857142857143,102,51,0.3417142857142857,0,179,False,False,False,False
rf,c_only,0.5,0.55,0.826382358026169,0.8104761904761905,0.9971428571428571,2,1,0.39885714285714285,0,129,False,False,False,False
rf,ordinal,0.5,0.55,0.8901027815846349,0.9,0.9971428571428571,1,0,0.39885714285714285,54,0,False,True,True,False
rf,none,0.5,0.6,0.7656463877430606,0.7476190476190476,0.8542857142857143,102,51,0.3417142857142857,0,187,False,False,False,False
rf,c_only,0.5,0.6,0.8081922667972833,0.7952380952380952,0.9971428571428571,2,1,0.39885714285714285,0,137,False,False,False,False
rf,ordinal,0.5,0.6,0.8901027815846349,0.9,0.9971428571428571,1,0,0.39885714285714285,54,0,False,True,True,False
rf,none,0.5,0.65,0.7394401553879689,0.7266666666666666,0.8542857142857143,102,51,0.3417142857142857,0,198,False,False,False,False
rf,c_only,0.5,0.65,0.7815498499603871,0.7742857142857144,0.9971428571428571,2,1,0.39885714285714285,0,148,False,False,False,False
rf,ordinal,0.5,0.65,0.8901027815846349,0.9,0.9971428571428571,1,0,0.39885714285714285,54,0,False,True,True,False
rf,none,0.5,0.7,0.7369545838277575,0.7247619047619048,0.8542857142857143,102,51,0.3417142857142857,0,199,False,False,False,False
rf,c_only,0.5,0.7,0.7790254687564433,0.7723809523809524,0.9971428571428571,2,1,0.39885714285714285,0,149,False,False,False,False
rf,ordinal,0.5,0.7,0.8901027815846349,0.9,0.9971428571428571,1,0,0.39885714285714285,54,0,False,True,True,False
rf,none,0.5,0.75,0.7216495893068914,0.7133333333333333,0.8542857142857143,102,51,0.3417142857142857,0,205,False,False,False,False
rf,c_only,0.5,0.75,0.7634904854661894,0.7609523809523809,0.9971428571428571,2,1,0.39885714285714285,0,155,False,False,False,False
rf,ordinal,0.5,0.75,0.8901027815846349,0.9,0.9971428571428571,1,0,0.39885714285714285,54,0,False,True,True,False
rf,none,0.5,0.8,0.7216495893068914,0.7133333333333333,0.8542857142857143,102,51,0.3417142857142857,0,205,False,False,False,False
rf,c_only,0.5,0.8,0.7634904854661894,0.7609523809523809,0.9971428571428571,2,1,0.39885714285714285,0,155,False,False,False,False
rf,ordinal,0.5,0.8,0.8901027815846349,0.9,0.9971428571428571,1,0,0.39885714285714285,54,0,False,True,True,False
rf,none,0.5,0.85,0.7216495893068914,0.7133333333333333,0.8542857142857143,102,51,0.3417142857142857,0,205,False,False,False,False
rf,c_only,0.5,0.85,0.7634904854661894,0.7609523809523809,0.9971428571428571,2,1,0.39885714285714285,0,155,False,False,False,False
rf,ordinal,0.5,0.85,0.8901027815846349,0.9,0.9971428571428571,1,0,0.39885714285714285,54,0,False,True,True,False
rf,none,0.5,0.9,0.7001231810996066,0.6980952380952381,0.8542857142857143,102,51,0.3417142857142857,0,213,False,False,False,False
rf,c_only,0.5,0.9,0.7416648987330973,0.7457142857142857,0.9971428571428571,2,1,0.39885714285714285,0,163,False,False,False,False
rf,ordinal,0.5,0.9,0.8901027815846349,0.9,0.9971428571428571,1,0,0.39885714285714285,54,0,False,True,True,False
rf,none,0.55,0.2,0.8465135999486119,0.8238095238095239,0.82,126,63,0.328,0,167,False,False,False,False
rf,c_only,0.55,0.2,0.8958799079743658,0.8761904761904762,0.9771428571428571,16,8,0.39085714285714285,0,112,False,False,False,False
rf,ordinal,0.55,0.2,0.9024866225294957,0.9199999999999999,0.9771428571428571,8,0,0.39085714285714285,54,0,False,True,True,False
rf,none,0.55,0.25,0.8322978178405225,0.8085714285714286,0.82,126,63,0.328,0,167,False,False,False,False
rf,c_only,0.55,0.25,0.8812628686119316,0.8609523809523809,0.9771428571428571,16,8,0.39085714285714285,0,112,False,False,False,False
rf,ordinal,0.55,0.25,0.8908526666797161,0.9047619047619048,0.9771428571428571,8,0,0.39085714285714285,54,0,False,True,True,False
rf,none,0.55,0.3,0.8249605230414655,0.8009523809523809,0.82,126,63,0.328,0,167,False,False,False,False
rf,c_only,0.55,0.3,0.8737294040003224,0.8533333333333332,0.9771428571428571,16,8,0.39085714285714285,0,112,False,False,False,False
rf,ordinal,0.55,0.3,0.8849443829962889,0.8971428571428571,0.9771428571428571,8,0,0.39085714285714285,54,0,False,True,True,False
rf,none,0.55,0.35,0.8231010500762722,0.7990476190476191,0.82,126,63,0.328,0,167,False,False,False,False
rf,c_only,0.55,0.35,0.871821343097011,0.8514285714285714,0.9771428571428571,16,8,0.39085714285714285,0,112,False,False,False,False
rf,ordinal,0.55,0.35,0.8834573037915127,0.8952380952380953,0.9771428571428571,8,0,0.39085714285714285,54,0,False,True,True,False
rf,none,0.55,0.4,0.7979432779253849,0.7742857142857144,0.82,126,63,0.328,0,179,False,False,False,False
rf,c_only,0.55,0.4,0.8460479906416724,0.8266666666666667,0.9771428571428571,16,8,0.39085714285714285,0,124,False,False,False,False
rf,ordinal,0.55,0.4,0.8819661268386308,0.8933333333333332,0.9771428571428571,8,0,0.39085714285714285,54,0,False,True,True,False
rf,none,0.55,0.45,0.7729138518463815,0.7514285714285713,0.82,126,63,0.328,0,191,False,False,False,False
rf,c_only,0.55,0.45,0.8204757188972893,0.8038095238095236,0.9771428571428571,16,8,0.39085714285714285,0,136,False,False,False,False
rf,ordinal,0.55,0.45,0.8819661268386308,0.8933333333333332,0.9771428571428571,8,0,0.39085714285714285,54,0,False,True,True,False
rf,none,0.55,0.5,0.7729138518463815,0.7514285714285713,0.82,126,63,0.328,0,191,False,False,False,False
rf,c_only,0.55,0.5,0.8204757188972893,0.8038095238095236,0.9771428571428571,16,8,0.39085714285714285,0,136,False,False,False,False
rf,ordinal,0.55,0.5,0.8819661268386308,0.8933333333333332,0.9771428571428571,8,0,0.39085714285714285,54,0,False,True,True,False
rf,none,0.55,0.55,0.7729138518463815,0.7514285714285713,0.82,126,63,0.328,0,191,False,False,False,False
rf,c_only,0.55,0.55,0.8204757188972893,0.8038095238095236,0.9771428571428571,16,8,0.39085714285714285,0,136,False,False,False,False
rf,ordinal,0.55,0.55,0.8819661268386308,0.8933333333333332,0.9771428571428571,8,0,0.39085714285714285,54,0,False,True,True,False
rf,none,0.55,0.6,0.7551224613804436,0.7361904761904762,0.82,126,63,0.328,0,199,False,False,False,False
rf,c_only,0.55,0.6,0.8023352645909526,0.7885714285714286,0.9771428571428571,16,8,0.39085714285714285,0,144,False,False,False,False
rf,ordinal,0.55,0.6,0.8819661268386308,0.8933333333333332,0.9771428571428571,8,0,0.39085714285714285,54,0,False,True,True,False
rf,none,0.55,0.65,0.7290099524335698,0.7152380952380951,0.82,126,63,0.328,0,210,False,False,False,False
rf,c_only,0.55,0.65,0.7757587479406177,0.7676190476190475,0.9771428571428571,16,8,0.39085714285714285,0,155,False,False,False,False
rf,ordinal,0.55,0.65,0.8819661268386308,0.8933333333333332,0.9771428571428571,8,0,0.39085714285714285,54,0,False,True,True,False
rf,none,0.55,0.7,0.7265327265327266,0.7133333333333334,0.82,126,63,0.328,0,211,False,False,False,False
rf,c_only,0.55,0.7,0.7732402270568635,0.7657142857142857,0.9771428571428571,16,8,0.39085714285714285,0,156,False,False,False,False
rf,ordinal,0.55,0.7,0.8819661268386308,0.8933333333333332,0.9771428571428571,8,0,0.39085714285714285,54,0,False,True,True,False
rf,none,0.55,0.75,0.7112772112772112,0.7019047619047618,0.82,126,63,0.328,0,217,False,False,False,False
rf,c_only,0.55,0.75,0.7577399617522024,0.7542857142857141,0.9771428571428571,16,8,0.39085714285714285,0,162,False,False,False,False
rf,ordinal,0.55,0.75,0.8819661268386308,0.8933333333333332,0.9771428571428571,8,0,0.39085714285714285,54,0,False,True,True,False
rf,none,0.55,0.8,0.7112772112772112,0.7019047619047618,0.82,126,63,0.328,0,217,False,False,False,False
rf,c_only,0.55,0.8,0.7577399617522024,0.7542857142857141,0.9771428571428571,16,8,0.39085714285714285,0,162,False,False,False,False
rf,ordinal,0.55,0.8,0.8819661268386308,0.8933333333333332,0.9771428571428571,8,0,0.39085714285714285,54,0,False,True,True,False
rf,none,0.55,0.85,0.7112772112772112,0.7019047619047618,0.82,126,63,0.328,0,217,False,False,False,False
rf,c_only,0.55,0.85,0.7577399617522024,0.7542857142857141,0.9771428571428571,16,8,0.39085714285714285,0,162,False,False,False,False
rf,ordinal,0.55,0.85,0.8819661268386308,0.8933333333333332,0.9771428571428571,8,0,0.39085714285714285,54,0,False,True,True,False
rf,none,0.55,0.9,0.6898152250974832,0.6866666666666666,0.82,126,63,0.328,0,225,False,False,False,False
rf,c_only,0.55,0.9,0.7359595100056175,0.7390476190476191,0.9771428571428571,16,8,0.39085714285714285,0,170,False,False,False,False
rf,ordinal,0.55,0.9,0.8819661268386308,0.8933333333333332,0.9771428571428571,8,0,0.39085714285714285,54,0,False,True,True,False
rf,none,0.6,0.2,0.8372761468644989,0.8142857142857144,0.7914285714285715,146,73,0.31657142857142856,0,177,False,False,False,False
rf,c_only,0.6,0.2,0.892349405912157,0.8723809523809525,0.9657142857142857,24,12,0.3862857142857143,0,116,False,False,False,False
rf,ordinal,0.6,0.2,0.8978333772518049,0.9161904761904762,0.9657142857142857,12,0,0.3862857142857143,54,0,False,True,True,False
rf,none,0.6,0.25,0.8231249618665039,0.7990476190476191,0.7914285714285715,146,73,0.31657142857142856,0,177,False,False,False,False
rf,c_only,0.6,0.25,0.8777644499637219,0.8571428571428572,0.9657142857142857,24,12,0.3862857142857143,0,116,False,False,False,False
rf,ordinal,0.6,0.25,0.8862259699979255,0.900952380952381,0.9657142857142857,12,0,0.3862857142857143,54,0,False,True,True,False
rf,none,0.6,0.3,0.8158192764982033,0.7914285714285714,0.7914285714285715,146,73,0.31657142857142856,0,177,False,False,False,False
rf,c_only,0.6,0.3,0.8702466595402099,0.8495238095238095,0.9657142857142857,24,12,0.3862857142857143,0,116,False,False,False,False
rf,ordinal,0.6,0.3,0.8803326250896583,0.8933333333333334,0.9657142857142857,12,0,0.3862857142857143,54,0,False,True,True,False
rf,none,0.6,0.35,0.8139676355819482,0.7895238095238096,0.7914285714285715,146,73,0.31657142857142856,0,177,False,False,False,False
rf,c_only,0.6,0.35,0.8683424797453926,0.8476190476190476,0.9657142857142857,24,12,0.3862857142857143,0,116,False,False,False,False
rf,ordinal,0.6,0.35,0.8788494641174762,0.8914285714285715,0.9657142857142857,12,0,0.3862857142857143,54,0,False,True,True,False
rf,none,0.6,0.4,0.7889091923559116,0.7647619047619049,0.7914285714285715,146,73,0.31657142857142856,0,189,False,False,False,False
rf,c_only,0.6,0.4,0.8426182597820183,0.822857142857143,0.9657142857142857,24,12,0.3862857142857143,0,128,False,False,False,False
rf,ordinal,0.6,0.4,0.8773622807842524,0.8895238095238095,0.9657142857142857,12,0,0.3862857142857143,54,0,False,True,True,False
rf,none,0.6,0.45,0.7639675168680347,0.7419047619047618,0.7914285714285715,146,73,0.31657142857142856,0,201,False,False,False,False
rf,c_only,0.6,0.45,0.8170892548865131,0.7999999999999999,0.9657142857142857,24,12,0.3862857142857143,0,140,False,False,False,False
rf,ordinal,0.6,0.45,0.8773622807842524,0.8895238095238095,0.9657142857142857,12,0,0.3862857142857143,54,0,False,True,True,False
rf,none,0.6,0.5,0.7639675168680347,0.7419047619047618,0.7914285714285715,146,73,0.31657142857142856,0,201,False,False,False,False
rf,c_only,0.6,0.5,0.8170892548865131,0.7999999999999999,0.9657142857142857,24,12,0.3862857142857143,0,140,False,False,False,False
rf,ordinal,0.6,0.5,0.8773622807842524,0.8895238095238095,0.9657142857142857,12,0,0.3862857142857143,54,0,False,True,True,False
rf,none,0.6,0.55,0.7639675168680347,0.7419047619047618,0.7914285714285715,146,73,0.31657142857142856,0,201,False,False,False,False
rf,c_only,0.6,0.55,0.8170892548865131,0.7999999999999999,0.9657142857142857,24,12,0.3862857142857143,0,140,False,False,False,False
rf,ordinal,0.6,0.55,0.8773622807842524,0.8895238095238095,0.9657142857142857,12,0,0.3862857142857143,54,0,False,True,True,False
rf,none,0.6,0.6,0.7462326317102147,0.7266666666666667,0.7914285714285715,146,73,0.31657142857142856,0,209,False,False,False,False
rf,c_only,0.6,0.6,0.7989765920429143,0.7847619047619047,0.9657142857142857,24,12,0.3862857142857143,0,148,False,False,False,False
rf,ordinal,0.6,0.6,0.8773622807842524,0.8895238095238095,0.9657142857142857,12,0,0.3862857142857143,54,0,False,True,True,False
rf,none,0.6,0.65,0.7201953323651247,0.7057142857142856,0.7914285714285715,146,73,0.31657142857142856,0,220,False,False,False,False
rf,c_only,0.6,0.65,0.772436981285205,0.7638095238095238,0.9657142857142857,24,12,0.3862857142857143,0,159,False,False,False,False
rf,ordinal,0.6,0.65,0.8773622807842524,0.8895238095238095,0.9657142857142857,12,0,0.3862857142857143,54,0,False,True,True,False
rf,none,0.6,0.7,0.7177248052867595,0.7038095238095239,0.7914285714285715,146,73,0.31657142857142856,0,221,False,False,False,False
rf,c_only,0.6,0.7,0.7699217428249415,0.7619047619047619,0.9657142857142857,24,12,0.3862857142857143,0,160,False,False,False,False
rf,ordinal,0.6,0.7,0.8773622807842524,0.8895238095238095,0.9657142857142857,12,0,0.3862857142857143,54,0,False,True,True,False
rf,none,0.6,0.75,0.7025090114997513,0.6923809523809523,0.7914285714285715,146,73,0.31657142857142856,0,227,False,False,False,False
rf,c_only,0.6,0.75,0.7544409250460763,0.7504761904761904,0.9657142857142857,24,12,0.3862857142857143,0,166,False,False,False,False
rf,ordinal,0.6,0.75,0.8773622807842524,0.8895238095238095,0.9657142857142857,12,0,0.3862857142857143,54,0,False,True,True,False
rf,none,0.6,0.8,0.7025090114997513,0.6923809523809523,0.7914285714285715,146,73,0.31657142857142856,0,227,False,False,False,False
rf,c_only,0.6,0.8,0.7544409250460763,0.7504761904761904,0.9657142857142857,24,12,0.3862857142857143,0,166,False,False,False,False
rf,ordinal,0.6,0.8,0.8773622807842524,0.8895238095238095,0.9657142857142857,12,0,0.3862857142857143,54,0,False,True,True,False
rf,none,0.6,0.85,0.7025090114997513,0.6923809523809523,0.7914285714285715,146,73,0.31657142857142856,0,227,False,False,False,False
rf,c_only,0.6,0.85,0.7544409250460763,0.7504761904761904,0.9657142857142857,24,12,0.3862857142857143,0,166,False,False,False,False
rf,ordinal,0.6,0.85,0.8773622807842524,0.8895238095238095,0.9657142857142857,12,0,0.3862857142857143,54,0,False,True,True,False
rf,none,0.6,0.9,0.6810987578479906,0.6771428571428572,0.7914285714285715,146,73,0.31657142857142856,0,235,False,False,False,False
rf,c_only,0.6,0.9,0.7326857601974458,0.7352380952380951,0.9657142857142857,24,12,0.3862857142857143,0,174,False,False,False,False
rf,ordinal,0.6,0.9,0.8773622807842524,0.8895238095238095,0.9657142857142857,12,0,0.3862857142857143,54,0,False,True,True,False
rf,none,0.65,0.2,0.8260463737916725,0.8028571428571428,0.7571428571428571,170,85,0.3028571428571429,0,189,False,False,False,False
rf,c_only,0.65,0.2,0.8870407690036863,0.8666666666666667,0.9485714285714286,36,18,0.37942857142857145,0,122,False,False,False,False
rf,ordinal,0.65,0.2,0.8909086717047856,0.9104761904761904,0.9485714285714286,18,0,0.37942857142857145,54,0,False,False,False,False
rf,none,0.65,0.25,0.8119697158700774,0.7876190476190477,0.7571428571428571,170,85,0.3028571428571429,0,189,False,False,False,False
rf,c_only,0.65,0.25,0.8725030193488555,0.8514285714285714,0.9485714285714286,36,18,0.37942857142857145,0,122,False,False,False,False
rf,ordinal,0.65,0.25,0.8793420501400128,0.8952380952380953,0.9485714285714286,18,0,0.37942857142857145,54,0,False,False,False,False
rf,none,0.65,0.3,0.8047005091999369,0.7799999999999999,0.7571428571428571,170,85,0.3028571428571429,0,189,False,False,False,False
rf,c_only,0.65,0.3,0.865008294732791,0.8438095238095237,0.9485714285714286,36,18,0.37942857142857145,0,122,False,False,False,False
rf,ordinal,0.65,0.3,0.8734715466959067,0.8876190476190476,0.9485714285714286,18,0,0.37942857142857145,54,0,False,False,False,False
rf,none,0.65,0.35,0.8028579078623707,0.7780952380952382,0.7571428571428571,170,85,0.3028571428571429,0,189,False,False,False,False
rf,c_only,0.65,0.35,0.8631098266441884,0.8419047619047619,0.9485714285714286,36,18,0.37942857142857145,0,122,False,False,False,False
rf,ordinal,0.65,0.35,0.8719943658415508,0.8857142857142858,0.9485714285714286,18,0,0.37942857142857145,54,0,False,False,False,False
rf,none,0.65,0.4,0.7779141441255694,0.7533333333333333,0.7571428571428571,170,85,0.3028571428571429,0,201,False,False,False,False
rf,c_only,0.65,0.4,0.8374579254756731,0.8171428571428572,0.9485714285714286,36,18,0.37942857142857145,0,134,False,False,False,False
rf,ordinal,0.65,0.4,0.8705132733760984,0.8838095238095237,0.9485714285714286,18,0,0.37942857142857145,54,0,False,False,False,False
rf,none,0.65,0.45,0.7530738369163722,0.7304761904761904,0.7571428571428571,170,85,0.3028571428571429,0,213,False,False,False,False
rf,c_only,0.65,0.45,0.8119926243403434,0.7942857142857142,0.9485714285714286,36,18,0.37942857142857145,0,146,False,False,False,False
rf,ordinal,0.65,0.45,0.8705132733760984,0.8838095238095237,0.9485714285714286,18,0,0.37942857142857145,54,0,False,False,False,False
rf,none,0.65,0.5,0.7530738369163722,0.7304761904761904,0.7571428571428571,170,85,0.3028571428571429,0,213,False,False,False,False
rf,c_only,0.65,0.5,0.8119926243403434,0.7942857142857142,0.9485714285714286,36,18,0.37942857142857145,0,146,False,False,False,False
rf,ordinal,0.65,0.5,0.8705132733760984,0.8838095238095237,0.9485714285714286,18,0,0.37942857142857145,54,0,False,False,False,False
rf,none,0.65,0.55,0.7530738369163722,0.7304761904761904,0.7571428571428571,170,85,0.3028571428571429,0,213,False,False,False,False
rf,c_only,0.65,0.55,0.8119926243403434,0.7942857142857142,0.9485714285714286,36,18,0.37942857142857145,0,146,False,False,False,False
rf,ordinal,0.65,0.55,0.8705132733760984,0.8838095238095237,0.9485714285714286,18,0,0.37942857142857145,54,0,False,False,False,False
rf,none,0.65,0.6,0.7354042543359608,0.7152380952380953,0.7571428571428571,170,85,0.3028571428571429,0,221,False,False,False,False
rf,c_only,0.65,0.6,0.7939208895003399,0.7790476190476191,0.9485714285714286,36,18,0.37942857142857145,0,154,False,False,False,False
rf,ordinal,0.65,0.6,0.8705132733760984,0.8838095238095237,0.9485714285714286,18,0,0.37942857142857145,54,0,False,False,False,False
rf,none,0.65,0.65,0.7094539088935395,0.6942857142857143,0.7571428571428571,170,85,0.3028571428571429,0,232,False,False,False,False
rf,c_only,0.65,0.65,0.7674356408768914,0.758095238095238,0.9485714285714286,36,18,0.37942857142857145,0,165,False,False,False,False
rf,ordinal,0.65,0.65,0.8705132733760984,0.8838095238095237,0.9485714285714286,18,0,0.37942857142857145,54,0,False,False,False,False
rf,none,0.65,0.7,0.7069911286401682,0.6923809523809524,0.7571428571428571,170,85,0.3028571428571429,0,233,False,False,False,False
rf,c_only,0.65,0.7,0.7649252380435176,0.7561904761904762,0.9485714285714286,36,18,0.37942857142857145,0,166,False,False,False,False
rf,ordinal,0.65,0.7,0.8705132733760984,0.8838095238095237,0.9485714285714286,18,0,0.37942857142857145,54,0,False,False,False,False
rf,none,0.65,0.75,0.6918212771871309,0.6809523809523809,0.7571428571428571,170,85,0.3028571428571429,0,239,False,False,False,False
rf,c_only,0.65,0.75,0.7494730722833122,0.7447619047619046,0.9485714285714286,36,18,0.37942857142857145,0,172,False,False,False,False
rf,ordinal,0.65,0.75,0.8705132733760984,0.8838095238095237,0.9485714285714286,18,0,0.37942857142857145,54,0,False,False,False,False
rf,none,0.65,0.8,0.6918212771871309,0.6809523809523809,0.7571428571428571,170,85,0.3028571428571429,0,239,False,False,False,False
rf,c_only,0.65,0.8,0.7494730722833122,0.7447619047619046,0.9485714285714286,36,18,0.37942857142857145,0,172,False,False,False,False
rf,ordinal,0.65,0.8,0.8705132733760984,0.8838095238095237,0.9485714285714286,18,0,0.37942857142857145,54,0,False,False,False,False
rf,none,0.65,0.85,0.6918212771871309,0.6809523809523809,0.7571428571428571,170,85,0.3028571428571429,0,239,False,False,False,False
rf,c_only,0.65,0.85,0.7494730722833122,0.7447619047619046,0.9485714285714286,36,18,0.37942857142857145,0,172,False,False,False,False
rf,ordinal,0.65,0.85,0.8705132733760984,0.8838095238095237,0.9485714285714286,18,0,0.37942857142857145,54,0,False,False,False,False
rf,none,0.65,0.9,0.6704708750650652,0.6657142857142857,0.7571428571428571,170,85,0.3028571428571429,0,247,False,False,False,False
rf,c_only,0.65,0.9,0.727755168147875,0.7295238095238096,0.9485714285714286,36,18,0.37942857142857145,0,180,False,False,False,False
rf,ordinal,0.65,0.9,0.8705132733760984,0.8838095238095237,0.9485714285714286,18,0,0.37942857142857145,54,0,False,False,False,False
rf,none,0.7,0.2,0.8059526444762892,0.7828571428571429,0.6971428571428572,212,106,0.27885714285714286,0,210,False,False,False,False
rf,c_only,0.7,0.2,0.8799350964437463,0.8590476190476192,0.9257142857142857,52,26,0.3702857142857143,0,130,False,False,False,False
rf,ordinal,0.7,0.2,0.8817686701572711,0.9028571428571429,0.9257142857142857,26,0,0.3702857142857143,54,0,False,False,False,False
rf,none,0.7,0.25,0.7919990733751113,0.7676190476190476,0.6971428571428572,212,106,0.27885714285714286,0,210,False,False,False,False
rf,c_only,0.7,0.25,0.8654586251916047,0.8438095238095239,0.9257142857142857,52,26,0.3702857142857143,0,130,False,False,False,False
rf,ordinal,0.7,0.25,0.8702579946150762,0.8876190476190476,0.9257142857142857,26,0,0.3702857142857143,54,0,False,False,False,False
rf,none,0.7,0.3,0.7847901382809365,0.7599999999999999,0.6971428571428572,212,106,0.27885714285714286,0,210,False,False,False,False
rf,c_only,0.7,0.3,0.857993848368551,0.8361904761904762,0.9257142857142857,52,26,0.3702857142857143,0,130,False,False,False,False
rf,ordinal,0.7,0.3,0.8644186397775838,0.88,0.9257142857142857,26,0,0.3702857142857143,54,0,False,False,False,False
rf,none,0.7,0.35,0.7829624749914604,0.7580952380952382,0.6971428571428572,212,106,0.27885714285714286,0,210,False,False,False,False
rf,c_only,0.7,0.35,0.8561027967717427,0.8342857142857142,0.9257142857142857,52,26,0.3702857142857143,0,130,False,False,False,False
rf,ordinal,0.7,0.35,0.8629495954761573,0.8780952380952382,0.9257142857142857,26,0,0.3702857142857143,54,0,False,False,False,False
rf,none,0.7,0.4,0.7582083075095195,0.7333333333333334,0.6971428571428572,212,106,0.27885714285714286,0,222,False,False,False,False
rf,c_only,0.7,0.4,0.8305448211142874,0.8095238095238096,0.9257142857142857,52,26,0.3702857142857143,0,142,False,False,False,False
rf,ordinal,0.7,0.4,0.861476782930951,0.8761904761904762,0.9257142857142857,26,0,0.3702857142857143,54,0,False,False,False,False
rf,none,0.7,0.45,0.7335357245917583,0.7104761904761904,0.6971428571428572,212,106,0.27885714285714286,0,234,False,False,False,False
rf,c_only,0.7,0.45,0.80516229002403,0.7866666666666666,0.9257142857142857,52,26,0.3702857142857143,0,154,False,False,False,False
rf,ordinal,0.7,0.45,0.861476782930951,0.8761904761904762,0.9257142857142857,26,0,0.3702857142857143,54,0,False,False,False,False
rf,none,0.7,0.5,0.7335357245917583,0.7104761904761904,0.6971428571428572,212,106,0.27885714285714286,0,234,False,False,False,False
rf,c_only,0.7,0.5,0.80516229002403,0.7866666666666666,0.9257142857142857,52,26,0.3702857142857143,0,154,False,False,False,False
rf,ordinal,0.7,0.5,0.861476782930951,0.8761904761904762,0.9257142857142857,26,0,0.3702857142857143,54,0,False,False,False,False
rf,none,0.7,0.55,0.7335357245917583,0.7104761904761904,0.6971428571428572,212,106,0.27885714285714286,0,234,False,False,False,False
rf,c_only,0.7,0.55,0.80516229002403,0.7866666666666666,0.9257142857142857,52,26,0.3702857142857143,0,154,False,False,False,False
rf,ordinal,0.7,0.55,0.861476782930951,0.8761904761904762,0.9257142857142857,26,0,0.3702857142857143,54,0,False,False,False,False
rf,none,0.7,0.6,0.7159742599278521,0.6952380952380953,0.6971428571428572,212,106,0.27885714285714286,0,242,False,False,False,False
rf,c_only,0.7,0.6,0.7871437495636663,0.7714285714285714,0.9257142857142857,52,26,0.3702857142857143,0,162,False,False,False,False
rf,ordinal,0.7,0.6,0.861476782930951,0.8761904761904762,0.9257142857142857,26,0,0.3702857142857143,54,0,False,False,False,False
rf,none,0.7,0.65,0.690167963156469,0.6742857142857143,0.6971428571428572,212,106,0.27885714285714286,0,253,False,False,False,False
rf,c_only,0.7,0.65,0.7607291763149885,0.7504761904761904,0.9257142857142857,52,26,0.3702857142857143,0,173,False,False,False,False
rf,ordinal,0.7,0.65,0.861476782930951,0.8761904761904762,0.9257142857142857,26,0,0.3702857142857143,54,0,False,False,False,False
rf,none,0.7,0.7,0.6877180210513544,0.6723809523809524,0.6971428571428572,212,106,0.27885714285714286,0,254,False,False,False,False
rf,c_only,0.7,0.7,0.7582250613522011,0.7485714285714286,0.9257142857142857,52,26,0.3702857142857143,0,174,False,False,False,False
rf,ordinal,0.7,0.7,0.861476782930951,0.8761904761904762,0.9257142857142857,26,0,0.3702857142857143,54,0,False,False,False,False
rf,none,0.7,0.75,0.6726243217471288,0.6609523809523808,0.6971428571428572,212,106,0.27885714285714286,0,260,False,False,False,False
rf,c_only,0.7,0.75,0.7428101563051892,0.7371428571428571,0.9257142857142857,52,26,0.3702857142857143,0,180,False,False,False,False
rf,ordinal,0.7,0.75,0.861476782930951,0.8761904761904762,0.9257142857142857,26,0,0.3702857142857143,54,0,False,False,False,False
rf,none,0.7,0.8,0.6726243217471288,0.6609523809523808,0.6971428571428572,212,106,0.27885714285714286,0,260,False,False,False,False
rf,c_only,0.7,0.8,0.7428101563051892,0.7371428571428571,0.9257142857142857,52,26,0.3702857142857143,0,180,False,False,False,False
rf,ordinal,0.7,0.8,0.861476782930951,0.8761904761904762,0.9257142857142857,26,0,0.3702857142857143,54,0,False,False,False,False
rf,none,0.7,0.85,0.6726243217471288,0.6609523809523808,0.6971428571428572,212,106,0.27885714285714286,0,260,False,False,False,False
rf,c_only,0.7,0.85,0.7428101563051892,0.7371428571428571,0.9257142857142857,52,26,0.3702857142857143,0,180,False,False,False,False
rf,ordinal,0.7,0.85,0.861476782930951,0.8761904761904762,0.9257142857142857,26,0,0.3702857142857143,54,0,False,False,False,False
rf,none,0.7,0.9,0.6513731680518585,0.6457142857142858,0.6971428571428572,212,106,0.27885714285714286,0,268,False,False,False,False
rf,c_only,0.7,0.9,0.7211407180892269,0.7219047619047618,0.9257142857142857,52,26,0.3702857142857143,0,188,False,False,False,False
rf,ordinal,0.7,0.9,0.861476782930951,0.8761904761904762,0.9257142857142857,26,0,0.3702857142857143,54,0,False,False,False,False
rf,none,0.75,0.2,0.7770797608475979,0.7552380952380954,0.6142857142857143,270,135,0.24571428571428572,0,239,False,False,False,False
rf,c_only,0.75,0.2,0.8647083637182674,0.8428571428571429,0.8771428571428571,86,43,0.35085714285714287,0,147,False,False,False,False
rf,ordinal,0.75,0.2,0.8626366721126053,0.8866666666666667,0.8771428571428571,43,0,0.35085714285714287,54,0,False,False,False,False
rf,none,0.75,0.25,0.7632822095550026,0.7400000000000001,0.6142857142857143,270,135,0.24571428571428572,0,239,False,False,False,False
rf,c_only,0.75,0.25,0.8503561178130878,0.8276190476190477,0.8771428571428571,86,43,0.35085714285714287,0,147,False,False,False,False
rf,ordinal,0.75,0.25,0.8512495052907022,0.8714285714285714,0.8771428571428571,43,0,0.35085714285714287,54,0,False,False,False,False
rf,none,0.75,0.3,0.7561497169658765,0.7323809523809524,0.6142857142857143,270,135,0.24571428571428572,0,239,False,False,False,False
rf,c_only,0.75,0.3,0.8429520734877426,0.82,0.8771428571428571,86,43,0.35085714285714287,0,147,False,False,False,False
rf,ordinal,0.75,0.3,0.8454783204935907,0.8638095238095239,0.8771428571428571,43,0,0.35085714285714287,54,0,False,False,False,False
rf,none,0.75,0.35,0.7543410041914799,0.7304761904761904,0.6142857142857143,270,135,0.24571428571428572,0,239,False,False,False,False
rf,c_only,0.75,0.35,0.8410760643237863,0.8180952380952381,0.8771428571428571,86,43,0.35085714285714287,0,147,False,False,False,False
rf,ordinal,0.75,0.35,0.8440270231471613,0.861904761904762,0.8771428571428571,43,0,0.35085714285714287,54,0,False,False,False,False
rf,none,0.75,0.4,0.7298275189174319,0.7057142857142858,0.6142857142857143,270,135,0.24571428571428572,0,251,False,False,False,False
rf,c_only,0.75,0.4,0.815708668077987,0.7933333333333333,0.8771428571428571,86,43,0.35085714285714287,0,159,False,False,False,False
rf,ordinal,0.75,0.4,0.8425722463290194,0.86,0.8771428571428571,43,0,0.35085714285714287,54,0,False,False,False,False
rf,none,0.75,0.45,0.7053681014133004,0.6828571428571428,0.6142857142857143,270,135,0.24571428571428572,0,263,False,False,False,False
rf,c_only,0.75,0.45,0.7904941992761475,0.7704761904761904,0.8771428571428571,86,43,0.35085714285714287,0,171,False,False,False,False
rf,ordinal,0.75,0.45,0.8425722463290194,0.86,0.8771428571428571,43,0,0.35085714285714287,54,0,False,False,False,False
rf,none,0.75,0.5,0.7053681014133004,0.6828571428571428,0.6142857142857143,270,135,0.24571428571428572,0,263,False,False,False,False
rf,c_only,0.75,0.5,0.7904941992761475,0.7704761904761904,0.8771428571428571,86,43,0.35085714285714287,0,171,False,False,False,False
rf,ordinal,0.75,0.5,0.8425722463290194,0.86,0.8771428571428571,43,0,0.35085714285714287,54,0,False,False,False,False
rf,none,0.75,0.55,0.7053681014133004,0.6828571428571428,0.6142857142857143,270,135,0.24571428571428572,0,263,False,False,False,False
rf,c_only,0.75,0.55,0.7904941992761475,0.7704761904761904,0.8771428571428571,86,43,0.35085714285714287,0,171,False,False,False,False
rf,ordinal,0.75,0.55,0.8425722463290194,0.86,0.8771428571428571,43,0,0.35085714285714287,54,0,False,False,False,False
rf,none,0.75,0.6,0.6879441721604781,0.6676190476190476,0.6142857142857143,270,135,0.24571428571428572,0,271,False,False,False,False
rf,c_only,0.75,0.6,0.7725837276677399,0.7552380952380952,0.8771428571428571,86,43,0.35085714285714287,0,179,False,False,False,False
rf,ordinal,0.75,0.6,0.8425722463290194,0.86,0.8771428571428571,43,0,0.35085714285714287,54,0,False,False,False,False
rf,none,0.75,0.65,0.6623212725277547,0.6466666666666666,0.6142857142857143,270,135,0.24571428571428572,0,282,False,False,False,False
rf,c_only,0.75,0.65,0.7463128099238793,0.7342857142857143,0.8771428571428571,86,43,0.35085714285714287,0,190,False,False,False,False
rf,ordinal,0.75,0.65,0.8425722463290194,0.86,0.8771428571428571,43,0,0.35085714285714287,54,0,False,False,False,False
rf,none,0.75,0.7,0.6598876840987378,0.6447619047619048,0.6142857142857143,270,135,0.24571428571428572,0,283,False,False,False,False
rf,c_only,0.75,0.7,0.7438214797970701,0.7323809523809524,0.8771428571428571,86,43,0.35085714285714287,0,191,False,False,False,False
rf,ordinal,0.75,0.7,0.8425722463290194,0.86,0.8771428571428571,43,0,0.35085714285714287,54,0,False,False,False,False
rf,none,0.75,0.75,0.644891019337922,0.6333333333333333,0.6142857142857143,270,135,0.24571428571428572,0,289,False,False,False,False
rf,c_only,0.75,0.75,0.7284823488977267,0.7209523809523809,0.8771428571428571,86,43,0.35085714285714287,0,197,False,False,False,False
rf,ordinal,0.75,0.75,0.8425722463290194,0.86,0.8771428571428571,43,0,0.35085714285714287,54,0,False,False,False,False
rf,none,0.75,0.8,0.644891019337922,0.6333333333333333,0.6142857142857143,270,135,0.24571428571428572,0,289,False,False,False,False
rf,c_only,0.75,0.8,0.7284823488977267,0.7209523809523809,0.8771428571428571,86,43,0.35085714285714287,0,197,False,False,False,False
rf,ordinal,0.75,0.8,0.8425722463290194,0.86,0.8771428571428571,43,0,0.35085714285714287,54,0,False,False,False,False
rf,none,0.75,0.85,0.644891019337922,0.6333333333333333,0.6142857142857143,270,135,0.24571428571428572,0,289,False,False,False,False
rf,c_only,0.75,0.85,0.7284823488977267,0.7209523809523809,0.8771428571428571,86,43,0.35085714285714287,0,197,False,False,False,False
rf,ordinal,0.75,0.85,0.8425722463290194,0.86,0.8771428571428571,43,0,0.35085714285714287,54,0,False,False,False,False
rf,none,0.75,0.9,0.6237664056546574,0.6180952380952381,0.6142857142857143,270,135,0.24571428571428572,0,297,False,False,False,False
rf,c_only,0.75,0.9,0.7069115071766419,0.7057142857142856,0.8771428571428571,86,43,0.35085714285714287,0,205,False,False,False,False
rf,ordinal,0.75,0.9,0.8425722463290194,0.86,0.8771428571428571,43,0,0.35085714285714287,54,0,False,False,False,False
rf,none,0.8,0.2,0.7688437077714365,0.7476190476190476,0.5914285714285714,286,143,0.23657142857142857,0,247,False,False,False,False
rf,c_only,0.8,0.2,0.8601911546453577,0.8380952380952381,0.8628571428571429,96,48,0.34514285714285714,0,152,False,False,False,False
rf,ordinal,0.8,0.2,0.8570699964814716,0.881904761904762,0.8628571428571429,48,0,0.34514285714285714,54,0,False,False,False,False
rf,none,0.8,0.25,0.7550865875713217,0.7323809523809525,0.5914285714285714,286,143,0.23657142857142857,0,247,False,False,False,False
rf,c_only,0.8,0.25,0.8458739707765023,0.822857142857143,0.8628571428571429,96,48,0.34514285714285714,0,152,False,False,False,False
rf,ordinal,0.8,0.25,0.8457200681750848,0.8666666666666667,0.8628571428571429,48,0,0.34514285714285714,54,0,False,False,False,False
rf,none,0.8,0.3,0.7479739126963793,0.7247619047619048,0.5914285714285714,286,143,0.23657142857142857,0,247,False,False,False,False
rf,c_only,0.8,0.3,0.8384870731912143,0.8152380952380952,0.8628571428571429,96,48,0.34514285714285714,0,152,False,False,False,False
rf,ordinal,0.8,0.3,0.8399693055942197,0.8590476190476192,0.8628571428571429,48,0,0.34514285714285714,54,0,False,False,False,False
rf,none,0.8,0.35,0.7461701136950998,0.7228571428571429,0.5914285714285714,286,143,0.23657142857142857,0,247,False,False,False,False
rf,c_only,0.8,0.35,0.8366153115283298,0.8133333333333334,0.8628571428571429,96,48,0.34514285714285714,0,152,False,False,False,False
rf,ordinal,0.8,0.35,0.8385233114286375,0.8571428571428572,0.8628571428571429,48,0,0.34514285714285714,54,0,False,False,False,False
rf,none,0.8,0.4,0.7217190658146295,0.6980952380952381,0.5914285714285714,286,143,0.23657142857142857,0,259,False,False,False,False
rf,c_only,0.8,0.4,0.8113017474347067,0.7885714285714286,0.8628571428571429,96,48,0.34514285714285714,0,164,False,False,False,False
rf,ordinal,0.8,0.4,0.8370739187394122,0.8552380952380952,0.8628571428571429,48,0,0.34514285714285714,54,0,False,False,False,False
rf,none,0.8,0.45,0.697314993805711,0.6752380952380953,0.5914285714285714,286,143,0.23657142857142857,0,271,False,False,False,False
rf,c_only,0.8,0.45,0.7861347794443075,0.7657142857142857,0.8628571428571429,96,48,0.34514285714285714,0,176,False,False,False,False
rf,ordinal,0.8,0.45,0.8370739187394122,0.8552380952380952,0.8628571428571429,48,0,0.34514285714285714,54,0,False,False,False,False
rf,none,0.8,0.5,0.697314993805711,0.6752380952380953,0.5914285714285714,286,143,0.23657142857142857,0,271,False,False,False,False
rf,c_only,0.8,0.5,0.7861347794443075,0.7657142857142857,0.8628571428571429,96,48,0.34514285714285714,0,176,False,False,False,False
rf,ordinal,0.8,0.5,0.8370739187394122,0.8552380952380952,0.8628571428571429,48,0,0.34514285714285714,54,0,False,False,False,False
rf,none,0.8,0.55,0.697314993805711,0.6752380952380953,0.5914285714285714,286,143,0.23657142857142857,0,271,False,False,False,False
rf,c_only,0.8,0.55,0.7861347794443075,0.7657142857142857,0.8628571428571429,96,48,0.34514285714285714,0,176,False,False,False,False
rf,ordinal,0.8,0.55,0.8370739187394122,0.8552380952380952,0.8628571428571429,48,0,0.34514285714285714,54,0,False,False,False,False
rf,none,0.8,0.6,0.6799267972148307,0.66,0.5914285714285714,286,143,0.23657142857142857,0,279,False,False,False,False
rf,c_only,0.8,0.6,0.768254866761187,0.7504761904761904,0.8628571428571429,96,48,0.34514285714285714,0,184,False,False,False,False
rf,ordinal,0.8,0.6,0.8370739187394122,0.8552380952380952,0.8628571428571429,48,0,0.34514285714285714,54,0,False,False,False,False
rf,none,0.8,0.65,0.654351574420626,0.639047619047619,0.5914285714285714,286,143,0.23657142857142857,0,290,False,False,False,False
rf,c_only,0.8,0.65,0.7420245887342675,0.7295238095238096,0.8628571428571429,96,48,0.34514285714285714,0,195,False,False,False,False
rf,ordinal,0.8,0.65,0.8370739187394122,0.8552380952380952,0.8628571428571429,48,0,0.34514285714285714,54,0,False,False,False,False
rf,none,0.8,0.7,0.6519222389958476,0.6371428571428571,0.5914285714285714,286,143,0.23657142857142857,0,291,False,False,False,False
rf,c_only,0.8,0.7,0.7395368763955174,0.7276190476190476,0.8628571428571429,96,48,0.34514285714285714,0,196,False,False,False,False
rf,ordinal,0.8,0.7,0.8370739187394122,0.8552380952380952,0.8628571428571429,48,0,0.34514285714285714,54,0,False,False,False,False
rf,none,0.8,0.75,0.6369508149335145,0.6257142857142857,0.5914285714285714,286,143,0.23657142857142857,0,297,False,False,False,False
rf,c_only,0.8,0.75,0.7242191910460837,0.7161904761904762,0.8628571428571429,96,48,0.34514285714285714,0,202,False,False,False,False
rf,ordinal,0.8,0.75,0.8370739187394122,0.8552380952380952,0.8628571428571429,48,0,0.34514285714285714,54,0,False,False,False,False
rf,none,0.8,0.8,0.6369508149335145,0.6257142857142857,0.5914285714285714,286,143,0.23657142857142857,0,297,False,False,False,False
rf,c_only,0.8,0.8,0.7242191910460837,0.7161904761904762,0.8628571428571429,96,48,0.34514285714285714,0,202,False,False,False,False
rf,ordinal,0.8,0.8,0.8370739187394122,0.8552380952380952,0.8628571428571429,48,0,0.34514285714285714,54,0,False,False,False,False
rf,none,0.8,0.85,0.6369508149335145,0.6257142857142857,0.5914285714285714,286,143,0.23657142857142857,0,297,False,False,False,False
rf,c_only,0.8,0.85,0.7242191910460837,0.7161904761904762,0.8628571428571429,96,48,0.34514285714285714,0,202,False,False,False,False
rf,ordinal,0.8,0.85,0.8370739187394122,0.8552380952380952,0.8628571428571429,48,0,0.34514285714285714,54,0,False,False,False,False
rf,none,0.8,0.9,0.6158591311453258,0.6104761904761905,0.5914285714285714,286,143,0.23657142857142857,0,305,False,False,False,False
rf,c_only,0.8,0.9,0.7026762627162295,0.7009523809523809,0.8628571428571429,96,48,0.34514285714285714,0,210,False,False,False,False
rf,ordinal,0.8,0.9,0.8370739187394122,0.8552380952380952,0.8628571428571429,48,0,0.34514285714285714,54,0,False,False,False,False
rf,none,0.85,0.2,0.761528817165613,0.7409523809523809,0.5714285714285714,300,150,0.22857142857142856,0,254,False,False,False,False
rf,c_only,0.85,0.2,0.8583787315328962,0.8361904761904762,0.8571428571428571,100,50,0.34285714285714286,0,154,False,False,False,False
rf,ordinal,0.85,0.2,0.8548495642097794,0.88,0.8571428571428571,50,0,0.34285714285714286,54,0,False,False,False,False
rf,none,0.85,0.25,0.7478062077096306,0.7257142857142856,0.5714285714285714,300,150,0.22857142857142856,0,254,False,False,False,False
rf,c_only,0.85,0.25,0.8440753921180968,0.820952380952381,0.8571428571428571,100,50,0.34285714285714286,0,154,False,False,False,False
rf,ordinal,0.85,0.25,0.843514622099014,0.8647619047619047,0.8571428571428571,50,0,0.34285714285714286,54,0,False,False,False,False
rf,none,0.85,0.3,0.7407104513933213,0.718095238095238,0.5714285714285714,300,150,0.22857142857142856,0,254,False,False,False,False
rf,c_only,0.85,0.3,0.836695265670881,0.8133333333333334,0.8571428571428571,100,50,0.34285714285714286,0,154,False,False,False,False
rf,ordinal,0.85,0.3,0.8377720633502889,0.8571428571428572,0.8571428571428571,50,0,0.34285714285714286,54,0,False,False,False,False
rf,none,0.85,0.35,0.7389108476064997,0.7161904761904762,0.5714285714285714,300,150,0.22857142857142856,0,254,False,False,False,False
rf,c_only,0.85,0.35,0.8348251813849111,0.8114285714285714,0.8571428571428571,100,50,0.34285714285714286,0,154,False,False,False,False
rf,ordinal,0.85,0.35,0.8363281980081703,0.8552380952380952,0.8571428571428571,50,0,0.34285714285714286,54,0,False,False,False,False
rf,none,0.85,0.4,0.7145131165242272,0.6914285714285714,0.5714285714285714,300,150,0.22857142857142856,0,266,False,False,False,False
rf,c_only,0.85,0.4,0.8095328783827904,0.7866666666666666,0.8571428571428571,100,50,0.34285714285714286,0,166,False,False,False,False
rf,ordinal,0.85,0.4,0.834880966028507,0.8533333333333334,0.8571428571428571,50,0,0.34285714285714286,54,0,False,False,False,False
rf,none,0.85,0.45,0.6901563207844932,0.6685714285714285,0.5714285714285714,300,150,0.22857142857142856,0,278,False,False,False,False
rf,c_only,0.85,0.45,0.7843846744639333,0.7638095238095238,0.8571428571428571,100,50,0.34285714285714286,0,178,False,False,False,False
rf,ordinal,0.85,0.45,0.834880966028507,0.8533333333333334,0.8571428571428571,50,0,0.34285714285714286,54,0,False,False,False,False
rf,none,0.85,0.5,0.6901563207844932,0.6685714285714285,0.5714285714285714,300,150,0.22857142857142856,0,278,False,False,False,False
rf,c_only,0.85,0.5,0.7843846744639333,0.7638095238095238,0.8571428571428571,100,50,0.34285714285714286,0,178,False,False,False,False
rf,ordinal,0.85,0.5,0.834880966028507,0.8533333333333334,0.8571428571428571,50,0,0.34285714285714286,54,0,False,False,False,False
rf,none,0.85,0.55,0.6901563207844932,0.6685714285714285,0.5714285714285714,300,150,0.22857142857142856,0,278,False,False,False,False
rf,c_only,0.85,0.55,0.7843846744639333,0.7638095238095238,0.8571428571428571,100,50,0.34285714285714286,0,178,False,False,False,False
rf,ordinal,0.85,0.55,0.834880966028507,0.8533333333333334,0.8571428571428571,50,0,0.34285714285714286,54,0,False,False,False,False
rf,none,0.85,0.6,0.6727986549187062,0.6533333333333333,0.5714285714285714,300,150,0.22857142857142856,0,286,False,False,False,False
rf,c_only,0.85,0.6,0.7665168351455572,0.7485714285714286,0.8571428571428571,100,50,0.34285714285714286,0,186,False,False,False,False
rf,ordinal,0.85,0.6,0.834880966028507,0.8533333333333334,0.8571428571428571,50,0,0.34285714285714286,54,0,False,False,False,False
rf,none,0.85,0.65,0.6472641778284413,0.6323809523809524,0.5714285714285714,300,150,0.22857142857142856,0,297,False,False,False,False
rf,c_only,0.85,0.65,0.7403026154416588,0.7276190476190476,0.8571428571428571,100,50,0.34285714285714286,0,197,False,False,False,False
rf,ordinal,0.85,0.65,0.834880966028507,0.8533333333333334,0.8571428571428571,50,0,0.34285714285714286,54,0,False,False,False,False
rf,none,0.85,0.7,0.6448384776558151,0.6304761904761905,0.5714285714285714,300,150,0.22857142857142856,0,298,False,False,False,False
rf,c_only,0.85,0.7,0.7378163327530416,0.7257142857142856,0.8571428571428571,100,50,0.34285714285714286,0,198,False,False,False,False
rf,ordinal,0.85,0.7,0.834880966028507,0.8533333333333334,0.8571428571428571,50,0,0.34285714285714286,54,0,False,False,False,False
rf,none,0.85,0.75,0.6298886298886299,0.619047619047619,0.5714285714285714,300,150,0.22857142857142856,0,304,False,False,False,False
rf,c_only,0.85,0.75,0.7225071225071225,0.7142857142857143,0.8571428571428571,100,50,0.34285714285714286,0,204,False,False,False,False
rf,ordinal,0.85,0.75,0.834880966028507,0.8533333333333334,0.8571428571428571,50,0,0.34285714285714286,54,0,False,False,False,False
rf,none,0.85,0.8,0.6298886298886299,0.619047619047619,0.5714285714285714,300,150,0.22857142857142856,0,304,False,False,False,False
rf,c_only,0.85,0.8,0.7225071225071225,0.7142857142857143,0.8571428571428571,100,50,0.34285714285714286,0,204,False,False,False,False
rf,ordinal,0.85,0.8,0.834880966028507,0.8533333333333334,0.8571428571428571,50,0,0.34285714285714286,54,0,False,False,False,False
rf,none,0.85,0.85,0.6298886298886299,0.619047619047619,0.5714285714285714,300,150,0.22857142857142856,0,304,False,False,False,False
rf,c_only,0.85,0.85,0.7225071225071225,0.7142857142857143,0.8571428571428571,100,50,0.34285714285714286,0,204,False,False,False,False
rf,ordinal,0.85,0.85,0.834880966028507,0.8533333333333334,0.8571428571428571,50,0,0.34285714285714286,54,0,False,False,False,False
rf,none,0.85,0.9,0.6088251000140213,0.6038095238095238,0.5714285714285714,300,150,0.22857142857142856,0,312,False,False,False,False
rf,c_only,0.85,0.9,0.7009752263834753,0.699047619047619,0.8571428571428571,100,50,0.34285714285714286,0,212,False,False,False,False
rf,ordinal,0.85,0.9,0.834880966028507,0.8533333333333334,0.8571428571428571,50,0,0.34285714285714286,54,0,False,False,False,False
rf,none,0.9,0.2,0.7220786592389664,0.7066666666666667,0.4685714285714286,372,186,0.18742857142857142,0,290,False,False,False,False
rf,c_only,0.9,0.2,0.8583787315328962,0.8361904761904762,0.8571428571428571,100,50,0.34285714285714286,0,154,False,False,False,False
rf,ordinal,0.9,0.2,0.8548495642097794,0.88,0.8571428571428571,50,0,0.34285714285714286,54,0,False,False,False,False
rf,none,0.9,0.25,0.7085216624966914,0.6914285714285714,0.4685714285714286,372,186,0.18742857142857142,0,290,False,False,False,False
rf,c_only,0.9,0.25,0.8440753921180968,0.820952380952381,0.8571428571428571,100,50,0.34285714285714286,0,154,False,False,False,False
rf,ordinal,0.9,0.25,0.843514622099014,0.8647619047619047,0.8571428571428571,50,0,0.34285714285714286,54,0,False,False,False,False
rf,none,0.9,0.3,0.7015071322939767,0.6838095238095238,0.4685714285714286,372,186,0.18742857142857142,0,290,False,False,False,False
rf,c_only,0.9,0.3,0.836695265670881,0.8133333333333334,0.8571428571428571,100,50,0.34285714285714286,0,154,False,False,False,False
rf,ordinal,0.9,0.3,0.8377720633502889,0.8571428571428572,0.8571428571428571,50,0,0.34285714285714286,54,0,False,False,False,False
rf,none,0.9,0.35,0.6997276734525085,0.6819047619047619,0.4685714285714286,372,186,0.18742857142857142,0,290,False,False,False,False
rf,c_only,0.9,0.35,0.8348251813849111,0.8114285714285714,0.8571428571428571,100,50,0.34285714285714286,0,154,False,False,False,False
rf,ordinal,0.9,0.35,0.8363281980081703,0.8552380952380952,0.8571428571428571,50,0,0.34285714285714286,54,0,False,False,False,False
rf,none,0.9,0.4,0.6755860923546821,0.6571428571428571,0.4685714285714286,372,186,0.18742857142857142,0,302,False,False,False,False
rf,c_only,0.9,0.4,0.8095328783827904,0.7866666666666666,0.8571428571428571,100,50,0.34285714285714286,0,166,False,False,False,False
rf,ordinal,0.9,0.4,0.834880966028507,0.8533333333333334,0.8571428571428571,50,0,0.34285714285714286,54,0,False,False,False,False
rf,none,0.9,0.45,0.6514566278133432,0.6342857142857142,0.4685714285714286,372,186,0.18742857142857142,0,314,False,False,False,False
rf,c_only,0.9,0.45,0.7843846744639333,0.7638095238095238,0.8571428571428571,100,50,0.34285714285714286,0,178,False,False,False,False
rf,ordinal,0.9,0.45,0.834880966028507,0.8533333333333334,0.8571428571428571,50,0,0.34285714285714286,54,0,False,False,False,False
rf,none,0.9,0.5,0.6514566278133432,0.6342857142857142,0.4685714285714286,372,186,0.18742857142857142,0,314,False,False,False,False
rf,c_only,0.9,0.5,0.7843846744639333,0.7638095238095238,0.8571428571428571,100,50,0.34285714285714286,0,178,False,False,False,False
rf,ordinal,0.9,0.5,0.834880966028507,0.8533333333333334,0.8571428571428571,50,0,0.34285714285714286,54,0,False,False,False,False
rf,none,0.9,0.55,0.6514566278133432,0.6342857142857142,0.4685714285714286,372,186,0.18742857142857142,0,314,False,False,False,False
rf,c_only,0.9,0.55,0.7843846744639333,0.7638095238095238,0.8571428571428571,100,50,0.34285714285714286,0,178,False,False,False,False
rf,ordinal,0.9,0.55,0.834880966028507,0.8533333333333334,0.8571428571428571,50,0,0.34285714285714286,54,0,False,False,False,False
rf,none,0.9,0.6,0.634245873135132,0.6190476190476191,0.4685714285714286,372,186,0.18742857142857142,0,322,False,False,False,False
rf,c_only,0.9,0.6,0.7665168351455572,0.7485714285714286,0.8571428571428571,100,50,0.34285714285714286,0,186,False,False,False,False
rf,ordinal,0.9,0.6,0.834880966028507,0.8533333333333334,0.8571428571428571,50,0,0.34285714285714286,54,0,False,False,False,False
rf,none,0.9,0.65,0.6089075871477193,0.5980952380952381,0.4685714285714286,372,186,0.18742857142857142,0,333,False,False,False,False
rf,c_only,0.9,0.65,0.7403026154416588,0.7276190476190476,0.8571428571428571,100,50,0.34285714285714286,0,197,False,False,False,False
rf,ordinal,0.9,0.65,0.834880966028507,0.8533333333333334,0.8571428571428571,50,0,0.34285714285714286,54,0,False,False,False,False
rf,none,0.9,0.7,0.6064993978345509,0.5961904761904763,0.4685714285714286,372,186,0.18742857142857142,0,334,False,False,False,False
rf,c_only,0.9,0.7,0.7378163327530416,0.7257142857142856,0.8571428571428571,100,50,0.34285714285714286,0,198,False,False,False,False
rf,ordinal,0.9,0.7,0.834880966028507,0.8533333333333334,0.8571428571428571,50,0,0.34285714285714286,54,0,False,False,False,False
rf,none,0.9,0.75,0.5916535062004932,0.5847619047619047,0.4685714285714286,372,186,0.18742857142857142,0,340,False,False,False,False
rf,c_only,0.9,0.75,0.7225071225071225,0.7142857142857143,0.8571428571428571,100,50,0.34285714285714286,0,204,False,False,False,False
rf,ordinal,0.9,0.75,0.834880966028507,0.8533333333333334,0.8571428571428571,50,0,0.34285714285714286,54,0,False,False,False,False
rf,none,0.9,0.8,0.5916535062004932,0.5847619047619047,0.4685714285714286,372,186,0.18742857142857142,0,340,False,False,False,False
rf,c_only,0.9,0.8,0.7225071225071225,0.7142857142857143,0.8571428571428571,100,50,0.34285714285714286,0,204,False,False,False,False
rf,ordinal,0.9,0.8,0.834880966028507,0.8533333333333334,0.8571428571428571,50,0,0.34285714285714286,54,0,False,False,False,False
rf,none,0.9,0.85,0.5916535062004932,0.5847619047619047,0.4685714285714286,372,186,0.18742857142857142,0,340,False,False,False,False
rf,c_only,0.9,0.85,0.7225071225071225,0.7142857142857143,0.8571428571428571,100,50,0.34285714285714286,0,204,False,False,False,False
rf,ordinal,0.9,0.85,0.834880966028507,0.8533333333333334,0.8571428571428571,50,0,0.34285714285714286,54,0,False,False,False,False
rf,none,0.9,0.9,0.5707256860457138,0.5695238095238095,0.4685714285714286,372,186,0.18742857142857142,0,348,False,False,False,False
rf,c_only,0.9,0.9,0.7009752263834753,0.699047619047619,0.8571428571428571,100,50,0.34285714285714286,0,212,False,False,False,False
rf,ordinal,0.9,0.9,0.834880966028507,0.8533333333333334,0.8571428571428571,50,0,0.34285714285714286,54,0,False,False,False,False
lr,none,0.2,0.2,0.5948638739969231,0.5952380952380952,0.8571428571428571,100,50,0.5497142857142857,121,105,False,False,False,False
lr,c_only,0.2,0.2,0.6383646474985804,0.6428571428571429,1.0,0,0,0.6068571428571429,121,55,False,True,False,False
lr,ordinal,0.2,0.2,0.6585853695054538,0.6619047619047619,1.0,0,0,0.6068571428571429,151,0,False,True,True,False
lr,none,0.2,0.25,0.612969037635536,0.6104761904761905,0.8571428571428571,100,50,0.5497142857142857,105,111,False,False,False,False
lr,c_only,0.2,0.25,0.6568054650589469,0.6580952380952381,1.0,0,0,0.6068571428571429,105,61,False,True,False,False
lr,ordinal,0.2,0.25,0.6710944172784661,0.6714285714285714,1.0,0,0,0.6068571428571429,141,0,False,True,True,False
lr,none,0.2,0.3,0.624296323623808,0.62,0.8571428571428571,100,50,0.5497142857142857,93,116,False,False,False,False
lr,c_only,0.2,0.3,0.6682876832393557,0.6676190476190476,1.0,0,0,0.6068571428571429,93,66,False,True,False,False
lr,ordinal,0.2,0.3,0.677759199938241,0.6761904761904761,1.0,0,0,0.6068571428571429,134,0,False,True,True,False
lr,none,0.2,0.35,0.6278242099186799,0.6228571428571429,0.8571428571428571,100,50,0.5497142857142857,90,117,False,False,False,False
lr,c_only,0.2,0.35,0.6718650617149707,0.6704761904761906,1.0,0,0,0.6068571428571429,90,67,False,True,False,False
lr,ordinal,0.2,0.35,0.6802694121222156,0.6780952380952381,1.0,0,0,0.6068571428571429,132,0,False,True,True,False
lr,none,0.2,0.4,0.6313808556050081,0.6257142857142858,0.8571428571428571,100,50,0.5497142857142857,87,117,False,False,False,False
lr,c_only,0.2,0.4,0.6754694957964221,0.6733333333333333,1.0,0,0,0.6068571428571429,87,67,False,True,False,False
lr,ordinal,0.2,0.4,0.6840424678109128,0.6809523809523809,1.0,0,0,0.6068571428571429,129,0,False,True,True,False
lr,none,0.2,0.45,0.6337689013127381,0.6276190476190476,0.8571428571428571,100,50,0.5497142857142857,85,118,False,False,False,False
lr,c_only,0.2,0.45,0.6778884736447665,0.6752380952380953,1.0,0,0,0.6068571428571429,85,68,False,True,False,False
lr,ordinal,0.2,0.45,0.6853024140970371,0.6819047619047618,1.0,0,0,0.6068571428571429,128,0,False,True,True,False
lr,none,0.2,0.5,0.6385884124057123,0.6314285714285713,0.8571428571428571,100,50,0.5497142857142857,81,119,False,False,False,False
lr,c_only,0.2,0.5,0.6827676767105402,0.6790476190476191,1.0,0,0,0.6068571428571429,81,69,False,True,False,False
lr,ordinal,0.2,0.5,0.6890897408829298,0.6847619047619048,1.0,0,0,0.6068571428571429,125,0,False,True,True,False
lr,none,0.2,0.55,0.6410211494973937,0.6333333333333333,0.8571428571428571,100,50,0.5497142857142857,79,121,False,False,False,False
lr,c_only,0.2,0.55,0.685229196200114,0.6809523809523809,1.0,0,0,0.6068571428571429,79,71,False,True,False,False
lr,ordinal,0.2,0.55,0.6890897408829298,0.6847619047619048,1.0,0,0,0.6068571428571429,125,0,False,True,True,False
lr,none,0.2,0.6,0.6382718504680899,0.6314285714285713,0.8571428571428571,100,50,0.5497142857142857,79,122,False,False,False,False
lr,c_only,0.2,0.6,0.6824203305678603,0.6790476190476191,1.0,0,0,0.6068571428571429,79,72,False,True,False,False
lr,ordinal,0.2,0.6,0.6890897408829298,0.6847619047619048,1.0,0,0,0.6068571428571429,125,0,False,True,True,False
lr,none,0.2,0.65,0.6382718504680899,0.6314285714285713,0.8571428571428571,100,50,0.5497142857142857,79,122,False,False,False,False
lr,c_only,0.2,0.65,0.6824203305678603,0.6790476190476191,1.0,0,0,0.6068571428571429,79,72,False,True,False,False
lr,ordinal,0.2,0.65,0.6890897408829298,0.6847619047619048,1.0,0,0,0.6068571428571429,125,0,False,True,True,False
lr,none,0.2,0.7,0.6355019963036573,0.6295238095238095,0.8571428571428571,100,50,0.5497142857142857,79,123,False,False,False,False
lr,c_only,0.2,0.7,0.679591175224027,0.677142857142857,1.0,0,0,0.6068571428571429,79,73,False,True,False,False
lr,ordinal,0.2,0.7,0.6890897408829298,0.6847619047619048,1.0,0,0,0.6068571428571429,125,0,False,True,True,False
lr,none,0.2,0.75,0.6184339893997884,0.618095238095238,0.8571428571428571,100,50,0.5497142857142857,79,129,False,False,False,False
lr,c_only,0.2,0.75,0.6621728477319754,0.6657142857142857,1.0,0,0,0.6068571428571429,79,79,False,True,False,False
lr,ordinal,0.2,0.75,0.6890897408829298,0.6847619047619048,1.0,0,0,0.6068571428571429,125,0,False,True,True,False
lr,none,0.2,0.8,0.5686928653876886,0.5876190476190476,0.8571428571428571,100,50,0.5497142857142857,79,145,False,False,False,False
lr,c_only,0.2,0.8,0.6115415018673239,0.6352380952380953,1.0,0,0,0.6068571428571429,79,95,False,True,False,False
lr,ordinal,0.2,0.8,0.6890897408829298,0.6847619047619048,1.0,0,0,0.6068571428571429,125,0,False,True,True,False
lr,none,0.2,0.85,0.5446888073903403,0.5742857142857143,0.8571428571428571,100,50,0.5497142857142857,79,152,False,False,False,False
lr,c_only,0.2,0.85,0.5871669807904042,0.6219047619047618,1.0,0,0,0.6068571428571429,79,102,False,True,False,False
lr,ordinal,0.2,0.85,0.6890897408829298,0.6847619047619048,1.0,0,0,0.6068571428571429,125,0,False,True,True,False
lr,none,0.2,0.9,0.49572450680674934,0.5495238095238095,0.8571428571428571,100,50,0.5497142857142857,79,165,False,False,False,False
lr,c_only,0.2,0.9,0.5375433295314203,0.5971428571428571,1.0,0,0,0.6068571428571429,79,115,False,True,False,False
lr,ordinal,0.2,0.9,0.6890897408829298,0.6847619047619048,1.0,0,0,0.6068571428571429,125,0,False,True,True,False
lr,none,0.25,0.2,0.6256239134015958,0.6238095238095238,0.8571428571428571,100,50,0.5154285714285715,121,105,False,False,False,False
lr,c_only,0.25,0.2,0.669385971362256,0.6714285714285714,1.0,0,0,0.5725714285714286,121,55,False,True,False,False
lr,ordinal,0.25,0.2,0.6834986833442046,0.6904761904761906,1.0,0,0,0.5725714285714286,151,0,False,True,True,False
lr,none,0.25,0.25,0.6465373851520796,0.640952380952381,0.8571428571428571,100,50,0.5154285714285715,103,111,False,False,False,False
lr,c_only,0.25,0.25,0.6906736103121056,0.6885714285714286,1.0,0,0,0.5725714285714286,103,61,False,True,False,False
lr,ordinal,0.25,0.25,0.6985688549068501,0.7019047619047619,1.0,0,0,0.5725714285714286,139,0,False,True,True,False
lr,none,0.25,0.3,0.6539516430027034,0.6466666666666666,0.8571428571428571,100,50,0.5154285714285715,89,116,False,False,False,False
lr,c_only,0.25,0.3,0.6980928691050483,0.6942857142857143,1.0,0,0,0.5725714285714286,89,66,False,True,False,False
lr,ordinal,0.25,0.3,0.7020992006499253,0.7028571428571428,1.0,0,0,0.5725714285714286,130,0,False,True,True,False
lr,none,0.25,0.35,0.6635930233407072,0.6542857142857142,0.8571428571428571,100,50,0.5154285714285715,79,118,False,False,False,False
lr,c_only,0.25,0.35,0.7078285544051853,0.7019047619047619,1.0,0,0,0.5725714285714286,79,68,False,True,False,False
lr,ordinal,0.25,0.35,0.7133805336009028,0.7114285714285714,1.0,0,0,0.5725714285714286,121,0,False,True,True,False
lr,none,0.25,0.4,0.6672594903388553,0.6571428571428571,0.8571428571428571,100,50,0.5154285714285715,76,118,False,False,False,False
lr,c_only,0.25,0.4,0.711537583188843,0.7047619047619048,1.0,0,0,0.5725714285714286,76,68,False,True,False,False
lr,ordinal,0.25,0.4,0.7171610655056325,0.7142857142857143,1.0,0,0,0.5725714285714286,118,0,False,True,True,False
lr,none,0.25,0.45,0.6722000355690788,0.6609523809523808,0.8571428571428571,100,50,0.5154285714285715,72,120,False,False,False,False
lr,c_only,0.25,0.45,0.7165325350421345,0.7085714285714285,1.0,0,0,0.5725714285714286,72,70,False,True,False,False
lr,ordinal,0.25,0.45,0.7196880796054045,0.7161904761904762,1.0,0,0,0.5725714285714286,116,0,False,True,True,False
lr,none,0.25,0.5,0.668298991199683,0.6580952380952381,0.8571428571428571,100,50,0.5154285714285715,67,126,False,False,False,False
lr,c_only,0.25,0.5,0.7124665162936447,0.7057142857142858,1.0,0,0,0.5725714285714286,67,76,False,True,False,False
lr,ordinal,0.25,0.5,0.7234895460536305,0.719047619047619,1.0,0,0,0.5725714285714286,113,0,False,True,True,False
lr,none,0.25,0.55,0.6655623781193981,0.6561904761904761,0.8571428571428571,100,50,0.5154285714285715,65,130,False,False,False,False
lr,c_only,0.25,0.55,0.7096419191922926,0.7038095238095238,1.0,0,0,0.5725714285714286,65,80,False,True,False,False
lr,ordinal,0.25,0.55,0.7234895460536305,0.719047619047619,1.0,0,0,0.5725714285714286,113,0,False,True,True,False
lr,none,0.25,0.6,0.6575901889879031,0.6504761904761905,0.8571428571428571,100,50,0.5154285714285715,65,133,False,False,False,False
lr,c_only,0.25,0.6,0.7015020455237847,0.6980952380952381,1.0,0,0,0.5725714285714286,65,83,False,True,False,False
lr,ordinal,0.25,0.6,0.7234895460536305,0.719047619047619,1.0,0,0,0.5725714285714286,113,0,False,True,True,False
lr,none,0.25,0.65,0.6575901889879031,0.6504761904761905,0.8571428571428571,100,50,0.5154285714285715,65,133,False,False,False,False
lr,c_only,0.25,0.65,0.7015020455237847,0.6980952380952381,1.0,0,0,0.5725714285714286,65,83,False,True,False,False
lr,ordinal,0.25,0.65,0.7234895460536305,0.719047619047619,1.0,0,0,0.5725714285714286,113,0,False,True,True,False
lr,none,0.25,0.7,0.6548936369655782,0.6485714285714286,0.8571428571428571,100,50,0.5154285714285715,65,134,False,False,False,False
lr,c_only,0.25,0.7,0.6987500773139,0.6961904761904761,1.0,0,0,0.5725714285714286,65,84,False,True,False,False
lr,ordinal,0.25,0.7,0.7234895460536305,0.719047619047619,1.0,0,0,0.5725714285714286,113,0,False,True,True,False
lr,none,0.25,0.75,0.6382829897318992,0.6371428571428571,0.8571428571428571,100,50,0.5154285714285715,65,140,False,False,False,False
lr,c_only,0.25,0.75,0.6818118641400548,0.6847619047619048,1.0,0,0,0.5725714285714286,65,90,False,True,False,False
lr,ordinal,0.25,0.75,0.7234895460536305,0.719047619047619,1.0,0,0,0.5725714285714286,113,0,False,True,True,False
lr,none,0.25,0.8,0.5801249729046375,0.600952380952381,0.8571428571428571,100,50,0.5154285714285715,65,159,False,False,False,False
lr,c_only,0.25,0.8,0.6226696776222299,0.6485714285714286,1.0,0,0,0.5725714285714286,65,109,False,True,False,False
lr,ordinal,0.25,0.8,0.7234895460536305,0.719047619047619,1.0,0,0,0.5725714285714286,113,0,False,True,True,False
lr,none,0.25,0.85,0.5561939430827575,0.5876190476190476,0.8571428571428571,100,50,0.5154285714285715,65,166,False,False,False,False
lr,c_only,0.25,0.85,0.5983952349684428,0.6352380952380953,1.0,0,0,0.5725714285714286,65,116,False,True,False,False
lr,ordinal,0.25,0.85,0.7234895460536305,0.719047619047619,1.0,0,0,0.5725714285714286,113,0,False,True,True,False
lr,none,0.25,0.9,0.5073570488251553,0.5628571428571428,0.8571428571428571,100,50,0.5154285714285715,65,179,False,False,False,False
lr,c_only,0.25,0.9,0.5489460706472578,0.6104761904761905,1.0,0,0,0.5725714285714286,65,129,False,True,False,False
lr,ordinal,0.25,0.9,0.7234895460536305,0.719047619047619,1.0,0,0,0.5725714285714286,113,0,False,True,True,False
lr,none,0.3,0.2,0.6460319404190081,0.6466666666666666,0.8571428571428571,100,50,0.4742857142857143,121,105,False,False,False,False
lr,c_only,0.3,0.2,0.6901553178184522,0.6942857142857143,1.0,0,0,0.5314285714285715,121,55,False,True,False,False
lr,ordinal,0.3,0.2,0.7006708628794519,0.7133333333333334,1.0,0,0,0.5314285714285715,151,0,False,True,True,False
lr,none,0.3,0.25,0.6860018976885768,0.68,0.8571428571428571,100,50,0.4742857142857143,86,111,False,False,False,False
lr,c_only,0.3,0.25,0.7307900939308863,0.7276190476190476,1.0,0,0,0.5314285714285715,86,61,False,True,False,False
lr,ordinal,0.3,0.25,0.7360860750566132,0.7409523809523809,1.0,0,0,0.5314285714285715,122,0,False,True,True,False
lr,none,0.3,0.3,0.6988650256991301,0.6895238095238095,0.8571428571428571,100,50,0.4742857142857143,68,116,False,False,False,False
lr,c_only,0.3,0.3,0.7436686572971859,0.7371428571428571,1.0,0,0,0.5314285714285715,68,66,False,True,False,False
lr,ordinal,0.3,0.3,0.7446640730507222,0.7457142857142857,1.0,0,0,0.5314285714285715,109,0,False,True,True,False
lr,none,0.3,0.35,0.7077862727761307,0.6961904761904761,0.8571428571428571,100,50,0.4742857142857143,57,119,False,False,False,False
lr,c_only,0.3,0.35,0.7526043614796171,0.7438095238095238,1.0,0,0,0.5314285714285715,57,69,False,True,False,False
lr,ordinal,0.3,0.35,0.7569550566483728,0.7552380952380954,1.0,0,0,0.5314285714285715,99,0,False,True,True,False
lr,none,0.3,0.4,0.7127303467683369,0.7000000000000001,0.8571428571428571,100,50,0.4742857142857143,53,120,False,False,False,False
lr,c_only,0.3,0.4,0.7575913704217377,0.7476190476190476,1.0,0,0,0.5314285714285715,53,70,False,True,False,False
lr,ordinal,0.3,0.4,0.760669037377309,0.7580952380952382,1.0,0,0,0.5314285714285715,96,0,False,True,True,False
lr,none,0.3,0.45,0.7166941443243964,0.7028571428571428,0.8571428571428571,100,50,0.4742857142857143,48,124,False,False,False,False
lr,c_only,0.3,0.45,0.7615491767796635,0.7504761904761904,1.0,0,0,0.5314285714285715,48,74,False,True,False,False
lr,ordinal,0.3,0.45,0.7631529460707549,0.7600000000000001,1.0,0,0,0.5314285714285715,94,0,False,True,True,False
lr,none,0.3,0.5,0.7062910840373632,0.6942857142857143,0.8571428571428571,100,50,0.4742857142857143,43,133,False,False,False,False
lr,c_only,0.3,0.5,0.7508063228283981,0.741904761904762,1.0,0,0,0.5314285714285715,43,83,False,True,False,False
lr,ordinal,0.3,0.5,0.766891585037341,0.7628571428571429,1.0,0,0,0.5314285714285715,91,0,False,True,True,False
lr,none,0.3,0.55,0.6937058804710098,0.6847619047619048,0.8571428571428571,100,50,0.4742857142857143,41,141,False,False,False,False
lr,c_only,0.3,0.55,0.7379174399225136,0.7323809523809524,1.0,0,0,0.5314285714285715,41,91,False,True,False,False
lr,ordinal,0.3,0.55,0.766891585037341,0.7628571428571429,1.0,0,0,0.5314285714285715,91,0,False,True,True,False
lr,none,0.3,0.6,0.6806386882238274,0.6752380952380953,0.8571428571428571,100,50,0.4742857142857143,41,146,False,False,False,False
lr,c_only,0.3,0.6,0.7245875617257281,0.7228571428571429,1.0,0,0,0.5314285714285715,41,96,False,True,False,False
lr,ordinal,0.3,0.6,0.766891585037341,0.7628571428571429,1.0,0,0,0.5314285714285715,91,0,False,True,True,False
lr,none,0.3,0.65,0.6806386882238274,0.6752380952380953,0.8571428571428571,100,50,0.4742857142857143,41,146,False,False,False,False
lr,c_only,0.3,0.65,0.7245875617257281,0.7228571428571429,1.0,0,0,0.5314285714285715,41,96,False,True,False,False
lr,ordinal,0.3,0.65,0.766891585037341,0.7628571428571429,1.0,0,0,0.5314285714285715,91,0,False,True,True,False
lr,none,0.3,0.7,0.677967693866859,0.6733333333333333,0.8571428571428571,100,50,0.4742857142857143,41,147,False,False,False,False
lr,c_only,0.3,0.7,0.7218646725859198,0.7209523809523809,1.0,0,0,0.5314285714285715,41,97,False,True,False,False
lr,ordinal,0.3,0.7,0.766891585037341,0.7628571428571429,1.0,0,0,0.5314285714285715,91,0,False,True,True,False
lr,none,0.3,0.75,0.6586993332279149,0.66,0.8571428571428571,100,50,0.4742857142857143,41,154,False,False,False,False
lr,c_only,0.3,0.75,0.7022389045661025,0.7076190476190476,1.0,0,0,0.5314285714285715,41,104,False,True,False,False
lr,ordinal,0.3,0.75,0.766891585037341,0.7628571428571429,1.0,0,0,0.5314285714285715,91,0,False,True,True,False
lr,none,0.3,0.8,0.6006324802198932,0.6238095238095238,0.8571428571428571,100,50,0.4742857142857143,41,173,False,False,False,False
lr,c_only,0.3,0.8,0.6432511791911115,0.6714285714285714,1.0,0,0,0.5314285714285715,41,123,False,True,False,False
lr,ordinal,0.3,0.8,0.766891585037341,0.7628571428571429,1.0,0,0,0.5314285714285715,91,0,False,True,True,False
lr,none,0.3,0.85,0.5767301746640162,0.6104761904761905,0.8571428571428571,100,50,0.4742857142857143,41,180,False,False,False,False
lr,c_only,0.3,0.85,0.619026711275834,0.6580952380952381,1.0,0,0,0.5314285714285715,41,130,False,True,False,False
lr,ordinal,0.3,0.85,0.766891585037341,0.7628571428571429,1.0,0,0,0.5314285714285715,91,0,False,True,True,False
lr,none,0.3,0.9,0.5279402823881038,0.5857142857142857,0.8571428571428571,100,50,0.4742857142857143,41,193,False,False,False,False
lr,c_only,0.3,0.9,0.5696613399437864,0.6333333333333333,1.0,0,0,0.5314285714285715,41,143,False,True,False,False
lr,ordinal,0.3,0.9,0.766891585037341,0.7628571428571429,1.0,0,0,0.5314285714285715,91,0,False,True,True,False
lr,none,0.35,0.2,0.6711876586428946,0.6742857142857144,0.8542857142857143,101,50,0.42628571428571427,115,105,False,False,False,False
lr,c_only,0.35,0.2,0.7158720085787292,0.7219047619047618,0.9971428571428571,1,0,0.48342857142857143,115,55,False,True,False,False
lr,ordinal,0.35,0.2,0.72415066689861,0.7409523809523809,0.9971428571428571,1,0,0.48342857142857143,145,0,False,True,True,False
lr,none,0.35,0.25,0.7264766473495925,0.7219047619047618,0.8542857142857143,101,50,0.42628571428571427,65,115,False,False,False,False
lr,c_only,0.35,0.25,0.7719793783868467,0.7695238095238096,0.9971428571428571,1,0,0.48342857142857143,65,65,False,True,False,False
lr,ordinal,0.35,0.25,0.771016526877636,0.7790476190476191,0.9971428571428571,1,0,0.48342857142857143,105,0,False,True,True,False
lr,none,0.35,0.3,0.7451896449546019,0.7352380952380951,0.8542857142857143,102,51,0.42628571428571427,39,121,False,False,False,False
lr,c_only,0.35,0.3,0.79055572842983,0.7828571428571429,0.9971428571428571,2,1,0.48342857142857143,39,71,False,False,False,False
lr,ordinal,0.35,0.3,0.7852593537355609,0.7876190476190477,0.9971428571428571,1,0,0.48342857142857143,84,0,False,True,True,False
lr,none,0.35,0.35,0.7435813966454695,0.7323809523809525,0.8542857142857143,102,51,0.42628571428571427,28,128,False,False,False,False
lr,c_only,0.35,0.35,0.7886534561666841,0.7799999999999999,0.9971428571428571,2,1,0.48342857142857143,28,78,False,False,False,False
lr,ordinal,0.35,0.35,0.7952942596556172,0.7952380952380952,0.9971428571428571,1,0,0.48342857142857143,74,0,False,True,True,False
lr,none,0.35,0.4,0.7440173854203938,0.7323809523809524,0.8542857142857143,102,51,0.42628571428571427,24,131,False,False,False,False
lr,c_only,0.35,0.4,0.7890126569511233,0.7799999999999999,0.9971428571428571,2,1,0.48342857142857143,24,81,False,False,False,False
lr,ordinal,0.35,0.4,0.7988678803196071,0.7980952380952381,0.9971428571428571,1,0,0.48342857142857143,71,0,False,True,True,False
lr,none,0.35,0.45,0.7433342824203985,0.7314285714285714,0.8542857142857143,102,51,0.42628571428571427,19,137,False,False,False,False
lr,c_only,0.35,0.45,0.7882073157600473,0.7790476190476191,0.9971428571428571,2,1,0.48342857142857143,19,87,False,False,False,False
lr,ordinal,0.35,0.45,0.80125880437172,0.7999999999999999,0.9971428571428571,1,0,0.48342857142857143,69,0,False,True,True,False
lr,none,0.35,0.5,0.7304751118586893,0.7209523809523809,0.8542857142857143,102,51,0.42628571428571427,14,147,False,False,False,False
lr,c_only,0.35,0.5,0.7749724680899708,0.7685714285714286,0.9971428571428571,2,1,0.48342857142857143,14,97,False,False,False,False
lr,ordinal,0.35,0.5,0.8048587648579492,0.8028571428571428,0.9971428571428571,1,0,0.48342857142857143,66,0,False,True,True,False
lr,none,0.35,0.55,0.7178502713497624,0.7114285714285714,0.8542857142857143,102,51,0.42628571428571427,12,155,False,False,False,False
lr,c_only,0.35,0.55,0.7620631453073545,0.7590476190476191,0.9971428571428571,2,1,0.48342857142857143,12,105,False,False,False,False
lr,ordinal,0.35,0.55,0.8048587648579492,0.8028571428571428,0.9971428571428571,1,0,0.48342857142857143,66,0,False,True,True,False
lr,none,0.35,0.6,0.7048154931558456,0.7019047619047619,0.8542857142857143,102,51,0.42628571428571427,12,160,False,False,False,False
lr,c_only,0.35,0.6,0.7487853450323517,0.7495238095238094,0.9971428571428571,2,1,0.48342857142857143,12,110,False,False,False,False
lr,ordinal,0.35,0.6,0.8048587648579492,0.8028571428571428,0.9971428571428571,1,0,0.48342857142857143,66,0,False,True,True,False
lr,none,0.35,0.65,0.7048154931558456,0.7019047619047619,0.8542857142857143,102,51,0.42628571428571427,12,160,False,False,False,False
lr,c_only,0.35,0.65,0.7487853450323517,0.7495238095238094,0.9971428571428571,2,1,0.48342857142857143,12,110,False,False,False,False
lr,ordinal,0.35,0.65,0.8048587648579492,0.8028571428571428,0.9971428571428571,1,0,0.48342857142857143,66,0,False,True,True,False
lr,none,0.35,0.7,0.7021507851205743,0.7000000000000001,0.8542857142857143,102,51,0.42628571428571427,12,161,False,False,False,False
lr,c_only,0.35,0.7,0.7460725947725556,0.7476190476190476,0.9971428571428571,2,1,0.48342857142857143,12,111,False,False,False,False
lr,ordinal,0.35,0.7,0.8048587648579492,0.8028571428571428,0.9971428571428571,1,0,0.48342857142857143,66,0,False,True,True,False
lr,none,0.35,0.75,0.6829246474571361,0.6866666666666666,0.8542857142857143,102,51,0.42628571428571427,12,168,False,False,False,False
lr,c_only,0.35,0.75,0.7265152929479731,0.7342857142857143,0.9971428571428571,2,1,0.48342857142857143,12,118,False,False,False,False
lr,ordinal,0.35,0.75,0.8048587648579492,0.8028571428571428,0.9971428571428571,1,0,0.48342857142857143,66,0,False,True,True,False
lr,none,0.35,0.8,0.6249575962573174,0.6504761904761905,0.8542857142857143,102,51,0.42628571428571427,12,187,False,False,False,False
lr,c_only,0.35,0.8,0.6676926189569693,0.6980952380952381,0.9971428571428571,2,1,0.48342857142857143,12,137,False,False,False,False
lr,ordinal,0.35,0.8,0.8048587648579492,0.8028571428571428,0.9971428571428571,1,0,0.48342857142857143,66,0,False,True,True,False
lr,none,0.35,0.85,0.6010869913834621,0.6371428571428571,0.8542857142857143,102,51,0.42628571428571427,12,194,False,False,False,False
lr,c_only,0.35,0.85,0.6435218593469311,0.6847619047619048,0.9971428571428571,2,1,0.48342857142857143,12,144,False,False,False,False
lr,ordinal,0.35,0.85,0.8048587648579492,0.8028571428571428,0.9971428571428571,1,0,0.48342857142857143,66,0,False,True,True,False
lr,none,0.35,0.9,0.5523493306489771,0.6123809523809524,0.8542857142857143,102,51,0.42628571428571427,12,207,False,False,False,False
lr,c_only,0.35,0.9,0.5942469525244467,0.66,0.9971428571428571,2,1,0.48342857142857143,12,157,False,False,False,False
lr,ordinal,0.35,0.9,0.8048587648579492,0.8028571428571428,0.9971428571428571,1,0,0.48342857142857143,66,0,False,True,True,False
lr,none,0.4,0.2,0.6909594185681373,0.6961904761904761,0.8514285714285714,102,50,0.3977142857142857,113,105,False,False,False,False
lr,c_only,0.4,0.2,0.7358742977605855,0.7438095238095238,0.9942857142857143,2,0,0.45485714285714285,113,55,False,True,False,False
lr,ordinal,0.4,0.2,0.7421314176030341,0.7628571428571429,0.9942857142857143,2,0,0.45485714285714285,143,0,False,True,True,False
lr,none,0.4,0.25,0.7461633455093203,0.7428571428571429,0.8514285714285714,102,50,0.3977142857142857,58,115,False,False,False,False
lr,c_only,0.4,0.25,0.7917621594092182,0.7904761904761904,0.9942857142857143,2,0,0.45485714285714285,58,65,False,True,False,False
lr,ordinal,0.4,0.25,0.7894630783194462,0.7999999999999999,0.9942857142857143,2,0,0.45485714285714285,98,0,False,True,True,False
lr,none,0.4,0.3,0.7652272778039014,0.7552380952380952,0.8514285714285714,103,51,0.3977142857142857,27,121,False,False,False,False
lr,c_only,0.4,0.3,0.8105559494349975,0.8028571428571428,0.9942857142857143,3,1,0.45485714285714285,27,71,False,False,False,False
lr,ordinal,0.4,0.3,0.8043971879320972,0.8076190476190476,0.9942857142857143,2,0,0.45485714285714285,72,0,False,True,True,False
lr,none,0.4,0.35,0.7623076121533511,0.7504761904761904,0.8514285714285714,104,52,0.3977142857142857,16,130,False,False,False,False
lr,c_only,0.4,0.35,0.8072434209219642,0.7980952380952381,0.9942857142857143,4,2,0.45485714285714285,16,80,False,False,False,False
lr,ordinal,0.4,0.35,0.8143121571706055,0.8152380952380952,0.9942857142857143,2,0,0.45485714285714285,62,0,False,True,True,False
lr,none,0.4,0.4,0.7585108051360206,0.7466666666666667,0.8514285714285714,104,52,0.3977142857142857,12,135,False,False,False,False
lr,c_only,0.4,0.4,0.803270597868655,0.7942857142857144,0.9942857142857143,4,2,0.45485714285714285,12,85,False,False,False,False
lr,ordinal,0.4,0.4,0.8178381852208988,0.8180952380952381,0.9942857142857143,2,0,0.45485714285714285,59,0,False,True,True,False
lr,none,0.4,0.45,0.7533661516087307,0.741904761904762,0.8514285714285714,104,52,0.3977142857142857,7,143,False,False,False,False
lr,c_only,0.4,0.45,0.7979102717517276,0.7895238095238096,0.9942857142857143,4,2,0.45485714285714285,7,93,False,False,False,False
lr,ordinal,0.4,0.45,0.8201978915807248,0.82,0.9942857142857143,2,0,0.45485714285714285,57,0,False,True,True,False
lr,none,0.4,0.5,0.7405033639653563,0.7314285714285714,0.8514285714285714,104,52,0.3977142857142857,2,153,False,False,False,False
lr,c_only,0.4,0.5,0.7846936966123907,0.7790476190476191,0.9942857142857143,4,2,0.45485714285714285,2,103,False,False,False,False
lr,ordinal,0.4,0.5,0.8237517605877317,0.8228571428571428,0.9942857142857143,2,0,0.45485714285714285,54,0,False,True,True,False
lr,none,0.4,0.55,0.7279035243078131,0.7219047619047618,0.8514285714285714,104,52,0.3977142857142857,0,161,False,False,False,False
lr,c_only,0.4,0.55,0.7718259680943381,0.7695238095238096,0.9942857142857143,4,2,0.45485714285714285,0,111,False,False,False,False
lr,ordinal,0.4,0.55,0.8237517605877317,0.8228571428571428,0.9942857142857143,2,0,0.45485714285714285,54,0,False,True,True,False
lr,none,0.4,0.6,0.7149151764168585,0.7123809523809523,0.8514285714285714,104,52,0.3977142857142857,0,166,False,False,False,False
lr,c_only,0.4,0.6,0.7586088762559351,0.7599999999999999,0.9942857142857143,4,2,0.45485714285714285,0,116,False,False,False,False
lr,ordinal,0.4,0.6,0.8237517605877317,0.8228571428571428,0.9942857142857143,2,0,0.45485714285714285,54,0,False,True,True,False
lr,none,0.4,0.65,0.7149151764168585,0.7123809523809523,0.8514285714285714,104,52,0.3977142857142857,0,166,False,False,False,False
lr,c_only,0.4,0.65,0.7586088762559351,0.7599999999999999,0.9942857142857143,4,2,0.45485714285714285,0,116,False,False,False,False
lr,ordinal,0.4,0.65,0.8237517605877317,0.8228571428571428,0.9942857142857143,2,0,0.45485714285714285,54,0,False,True,True,False
lr,none,0.4,0.7,0.7122596076205768,0.7104761904761906,0.8514285714285714,104,52,0.3977142857142857,0,167,False,False,False,False
lr,c_only,0.4,0.7,0.7559080713379066,0.7580952380952382,0.9942857142857143,4,2,0.45485714285714285,0,117,False,False,False,False
lr,ordinal,0.4,0.7,0.8237517605877317,0.8228571428571428,0.9942857142857143,2,0,0.45485714285714285,54,0,False,True,True,False
lr,none,0.4,0.75,0.6930961074431229,0.6971428571428572,0.8514285714285714,104,52,0.3977142857142857,0,174,False,False,False,False
lr,c_only,0.4,0.75,0.7364326009463128,0.7447619047619048,0.9942857142857143,4,2,0.45485714285714285,0,124,False,False,False,False
lr,ordinal,0.4,0.75,0.8237517605877317,0.8228571428571428,0.9942857142857143,2,0,0.45485714285714285,54,0,False,True,True,False
lr,none,0.4,0.8,0.63528785277106,0.660952380952381,0.8514285714285714,104,52,0.3977142857142857,0,193,False,False,False,False
lr,c_only,0.4,0.8,0.6778170939716155,0.7085714285714286,0.9942857142857143,4,2,0.45485714285714285,0,143,False,False,False,False
lr,ordinal,0.4,0.8,0.8237517605877317,0.8228571428571428,0.9942857142857143,2,0,0.45485714285714285,54,0,False,True,True,False
lr,none,0.4,0.85,0.6114718639798048,0.6476190476190476,0.8514285714285714,104,52,0.3977142857142857,0,200,False,False,False,False
lr,c_only,0.4,0.85,0.6537174954399315,0.6952380952380953,0.9942857142857143,4,2,0.45485714285714285,0,150,False,False,False,False
lr,ordinal,0.4,0.85,0.8237517605877317,0.8228571428571428,0.9942857142857143,2,0,0.45485714285714285,54,0,False,True,True,False
lr,none,0.4,0.9,0.5628304639395755,0.6228571428571429,0.8514285714285714,104,52,0.3977142857142857,0,213,False,False,False,False
lr,c_only,0.4,0.9,0.6045679038992652,0.6704761904761906,0.9942857142857143,4,2,0.45485714285714285,0,163,False,False,False,False
lr,ordinal,0.4,0.9,0.8237517605877317,0.8228571428571428,0.9942857142857143,2,0,0.45485714285714285,54,0,False,True,True,False
lr,none,0.45,0.2,0.7070595048500042,0.7152380952380951,0.84,106,50,0.376,113,105,False,False,False,False
lr,c_only,0.45,0.2,0.7521821387306441,0.7628571428571428,0.9828571428571429,6,0,0.43314285714285716,113,55,False,True,False,False
lr,ordinal,0.45,0.2,0.7562162239254375,0.781904761904762,0.9828571428571429,6,0,0.43314285714285716,143,0,False,True,True,False
lr,none,0.45,0.25,0.7549616633994763,0.7523809523809524,0.84,107,51,0.376,58,117,False,False,False,False
lr,c_only,0.45,0.25,0.8004403272038014,0.8000000000000002,0.9828571428571429,7,1,0.43314285714285716,58,67,False,False,False,False
lr,ordinal,0.45,0.25,0.7978660359727637,0.8114285714285714,0.9828571428571429,6,0,0.43314285714285716,98,0,False,True,True,False
lr,none,0.45,0.3,0.7682789050740387,0.7571428571428571,0.84,111,55,0.376,27,129,False,False,False,False
lr,c_only,0.45,0.3,0.8131643397160055,0.8047619047619049,0.9828571428571429,11,5,0.43314285714285716,27,79,False,False,False,False
lr,ordinal,0.45,0.3,0.8117539290518558,0.8171428571428571,0.9828571428571429,6,0,0.43314285714285716,72,0,False,True,True,False
lr,none,0.45,0.35,0.7637950951674465,0.7504761904761904,0.84,112,56,0.376,16,139,False,False,False,False
lr,c_only,0.45,0.35,0.8082770480379701,0.7980952380952381,0.9828571428571429,12,6,0.43314285714285716,16,89,False,False,False,False
lr,ordinal,0.45,0.35,0.8217218441803339,0.8247619047619047,0.9828571428571429,6,0,0.43314285714285716,62,0,False,True,True,False
lr,none,0.45,0.4,0.7558656970356618,0.7428571428571429,0.84,112,56,0.376,12,146,False,False,False,False
lr,c_only,0.45,0.4,0.8000940220092826,0.7904761904761904,0.9828571428571429,12,6,0.43314285714285716,12,96,False,False,False,False
lr,ordinal,0.45,0.4,0.8252422607861795,0.8276190476190477,0.9828571428571429,6,0,0.43314285714285716,59,0,False,True,True,False
lr,none,0.45,0.45,0.7507885147032355,0.7380952380952381,0.84,112,56,0.376,7,154,False,False,False,False
lr,c_only,0.45,0.45,0.7948228203700144,0.7857142857142857,0.9828571428571429,12,6,0.43314285714285716,7,104,False,False,False,False
lr,ordinal,0.45,0.45,0.8275977942818492,0.8295238095238094,0.9828571428571429,6,0,0.43314285714285716,57,0,False,True,True,False
lr,none,0.45,0.5,0.7380395457151933,0.7276190476190476,0.84,112,56,0.376,2,164,False,False,False,False
lr,c_only,0.45,0.5,0.7817508347646328,0.7752380952380952,0.9828571428571429,12,6,0.43314285714285716,2,114,False,False,False,False
lr,ordinal,0.45,0.5,0.8311447135735737,0.8323809523809524,0.9828571428571429,6,0,0.43314285714285716,54,0,False,True,True,False
lr,none,0.45,0.55,0.7255275668244797,0.7180952380952381,0.84,112,56,0.376,0,172,False,False,False,False
lr,c_only,0.45,0.55,0.7689917317219366,0.7657142857142857,0.9828571428571429,12,6,0.43314285714285716,0,122,False,False,False,False
lr,ordinal,0.45,0.55,0.8311447135735737,0.8323809523809524,0.9828571428571429,6,0,0.43314285714285716,54,0,False,True,True,False
lr,none,0.45,0.6,0.7126156645788143,0.7085714285714285,0.84,112,56,0.376,0,177,False,False,False,False
lr,c_only,0.45,0.6,0.7558666675857569,0.7561904761904762,0.9828571428571429,12,6,0.43314285714285716,0,127,False,False,False,False
lr,ordinal,0.45,0.6,0.8311447135735737,0.8323809523809524,0.9828571428571429,6,0,0.43314285714285716,54,0,False,True,True,False
lr,none,0.45,0.65,0.7126156645788143,0.7085714285714285,0.84,112,56,0.376,0,177,False,False,False,False
lr,c_only,0.45,0.65,0.7558666675857569,0.7561904761904762,0.9828571428571429,12,6,0.43314285714285716,0,127,False,False,False,False
lr,ordinal,0.45,0.65,0.8311447135735737,0.8323809523809524,0.9828571428571429,6,0,0.43314285714285716,54,0,False,True,True,False
lr,none,0.45,0.7,0.7099752208116782,0.7066666666666667,0.84,112,56,0.376,0,178,False,False,False,False
lr,c_only,0.45,0.7,0.7531840581306558,0.7542857142857143,0.9828571428571429,12,6,0.43314285714285716,0,128,False,False,False,False
lr,ordinal,0.45,0.7,0.8311447135735737,0.8323809523809524,0.9828571428571429,6,0,0.43314285714285716,54,0,False,True,True,False
lr,none,0.45,0.75,0.6909160955947962,0.6933333333333334,0.84,112,56,0.376,0,185,False,False,False,False
lr,c_only,0.45,0.75,0.7338340379169686,0.7409523809523809,0.9828571428571429,12,6,0.43314285714285716,0,135,False,False,False,False
lr,ordinal,0.45,0.75,0.8311447135735737,0.8323809523809524,0.9828571428571429,6,0,0.43314285714285716,54,0,False,True,True,False
lr,none,0.45,0.8,0.6333784581207261,0.6571428571428571,0.84,112,56,0.376,0,204,False,False,False,False
lr,c_only,0.45,0.8,0.6755428619281131,0.7047619047619048,0.9828571428571429,12,6,0.43314285714285716,0,154,False,False,False,False
lr,ordinal,0.45,0.8,0.8311447135735737,0.8323809523809524,0.9828571428571429,6,0,0.43314285714285716,54,0,False,True,True,False
lr,none,0.45,0.85,0.609657731304517,0.6438095238095238,0.84,112,56,0.376,0,211,False,False,False,False
lr,c_only,0.45,0.85,0.6515571114599378,0.6914285714285714,0.9828571428571429,12,6,0.43314285714285716,0,161,False,False,False,False
lr,ordinal,0.45,0.85,0.8311447135735737,0.8323809523809524,0.9828571428571429,6,0,0.43314285714285716,54,0,False,True,True,False
lr,none,0.45,0.9,0.5611872755596758,0.6190476190476191,0.84,112,56,0.376,0,224,False,False,False,False
lr,c_only,0.45,0.9,0.6026113909463557,0.6666666666666666,0.9828571428571429,12,6,0.43314285714285716,0,174,False,False,False,False
lr,ordinal,0.45,0.9,0.8311447135735737,0.8323809523809524,0.9828571428571429,6,0,0.43314285714285716,54,0,False,True,True,False
lr,none,0.5,0.2,0.7335306061938818,0.7495238095238096,0.8171428571428572,114,50,0.3405714285714286,113,105,False,False,False,False
lr,c_only,0.5,0.2,0.7793453128233634,0.7971428571428572,0.96,14,0,0.3977142857142857,113,55,False,True,False,False
lr,ordinal,0.5,0.2,0.780074621496872,0.8161904761904761,0.96,14,0,0.3977142857142857,143,0,False,True,True,False
lr,none,0.5,0.25,0.7640215114104003,0.7619047619047619,0.8171428571428572,120,56,0.3405714285714286,58,134,False,False,False,False
lr,c_only,0.5,0.25,0.8092394162666369,0.8095238095238094,0.96,20,6,0.3977142857142857,58,84,False,False,False,False
lr,ordinal,0.5,0.25,0.8214729243487687,0.8438095238095237,0.96,14,0,0.3977142857142857,98,0,False,True,True,False
lr,none,0.5,0.3,0.7632786515587124,0.7495238095238096,0.8171428571428572,127,63,0.3405714285714286,27,158,False,False,False,False
lr,c_only,0.5,0.3,0.8074465858094229,0.7971428571428572,0.96,27,13,0.3977142857142857,27,108,False,False,False,False
lr,ordinal,0.5,0.3,0.8368371508428991,0.8495238095238095,0.96,14,0,0.3977142857142857,72,0,False,True,True,False
lr,none,0.5,0.35,0.7589909118772963,0.7428571428571429,0.8171428571428572,128,64,0.3405714285714286,16,168,False,False,False,False
lr,c_only,0.5,0.35,0.8028234402585138,0.7904761904761904,0.96,28,14,0.3977142857142857,16,118,False,False,False,False
lr,ordinal,0.5,0.35,0.8470135216662525,0.8571428571428571,0.96,14,0,0.3977142857142857,62,0,False,True,True,False
lr,none,0.5,0.4,0.7511902839555106,0.7352380952380951,0.8171428571428572,128,64,0.3405714285714286,12,175,False,False,False,False
lr,c_only,0.5,0.4,0.794804978966011,0.7828571428571429,0.96,28,14,0.3977142857142857,12,125,False,False,False,False
lr,ordinal,0.5,0.4,0.8505501656473345,0.86,0.96,14,0,0.3977142857142857,59,0,False,True,True,False
lr,none,0.5,0.45,0.7462091014932787,0.7304761904761904,0.8171428571428572,128,64,0.3405714285714286,7,183,False,False,False,False
lr,c_only,0.5,0.45,0.789660325438721,0.7780952380952382,0.96,28,14,0.3977142857142857,7,133,False,False,False,False
lr,ordinal,0.5,0.45,0.852915408438138,0.861904761904762,0.96,14,0,0.3977142857142857,57,0,False,True,True,False
lr,none,0.5,0.5,0.7336255489850262,0.7200000000000001,0.8171428571428572,128,64,0.3405714285714286,2,193,False,False,False,False
lr,c_only,0.5,0.5,0.7767975377953467,0.7676190476190476,0.96,28,14,0.3977142857142857,2,143,False,False,False,False
lr,ordinal,0.5,0.5,0.8564751469530582,0.8647619047619047,0.96,14,0,0.3977142857142857,54,0,False,True,True,False
lr,none,0.5,0.55,0.7212430708419717,0.7104761904761906,0.8171428571428572,128,64,0.3405714285714286,0,201,False,False,False,False
lr,c_only,0.5,0.55,0.7641976981378035,0.758095238095238,0.96,28,14,0.3977142857142857,0,151,False,False,False,False
lr,ordinal,0.5,0.55,0.8564751469530582,0.8647619047619047,0.96,14,0,0.3977142857142857,54,0,False,True,True,False
lr,none,0.5,0.6,0.7084453641529532,0.7009523809523809,0.8171428571428572,128,64,0.3405714285714286,0,206,False,False,False,False
lr,c_only,0.5,0.6,0.751209350246849,0.7485714285714286,0.96,28,14,0.3977142857142857,0,156,False,False,False,False
lr,ordinal,0.5,0.6,0.8564751469530582,0.8647619047619047,0.96,14,0,0.3977142857142857,54,0,False,True,True,False
lr,none,0.5,0.65,0.7084453641529532,0.7009523809523809,0.8171428571428572,128,64,0.3405714285714286,0,206,False,False,False,False
lr,c_only,0.5,0.65,0.751209350246849,0.7485714285714286,0.96,28,14,0.3977142857142857,0,156,False,False,False,False
lr,ordinal,0.5,0.65,0.8564751469530582,0.8647619047619047,0.96,14,0,0.3977142857142857,54,0,False,True,True,False
lr,none,0.5,0.7,0.7058275213963648,0.699047619047619,0.8171428571428572,128,64,0.3405714285714286,0,207,False,False,False,False
lr,c_only,0.5,0.7,0.7485537814505673,0.7466666666666667,0.96,28,14,0.3977142857142857,0,157,False,False,False,False
lr,ordinal,0.5,0.7,0.8564751469530582,0.8647619047619047,0.96,14,0,0.3977142857142857,54,0,False,True,True,False
lr,none,0.5,0.75,0.6869244251845551,0.6857142857142856,0.8171428571428572,128,64,0.3405714285714286,0,214,False,False,False,False
lr,c_only,0.5,0.75,0.7293902812731132,0.7333333333333334,0.96,28,14,0.3977142857142857,0,164,False,False,False,False
lr,ordinal,0.5,0.75,0.8564751469530582,0.8647619047619047,0.96,14,0,0.3977142857142857,54,0,False,True,True,False
lr,none,0.5,0.8,0.6297918549639298,0.6495238095238095,0.8171428571428572,128,64,0.3405714285714286,0,233,False,False,False,False
lr,c_only,0.5,0.8,0.6715820266010505,0.6971428571428572,0.96,28,14,0.3977142857142857,0,183,False,False,False,False
lr,ordinal,0.5,0.8,0.8564751469530582,0.8647619047619047,0.96,14,0,0.3977142857142857,54,0,False,True,True,False
lr,none,0.5,0.85,0.6062139016607988,0.6361904761904762,0.8171428571428572,128,64,0.3405714285714286,0,240,False,False,False,False
lr,c_only,0.5,0.85,0.6477660378097952,0.6838095238095239,0.96,28,14,0.3977142857142857,0,190,False,False,False,False
lr,ordinal,0.5,0.85,0.8564751469530582,0.8647619047619047,0.96,14,0,0.3977142857142857,54,0,False,True,True,False
lr,none,0.5,0.9,0.5579998907090044,0.6114285714285714,0.8171428571428572,128,64,0.3405714285714286,0,253,False,False,False,False
lr,c_only,0.5,0.9,0.5991246377695659,0.659047619047619,0.96,28,14,0.3977142857142857,0,203,False,False,False,False
lr,ordinal,0.5,0.9,0.8564751469530582,0.8647619047619047,0.96,14,0,0.3977142857142857,54,0,False,True,True,False
lr,none,0.55,0.2,0.7419688892012903,0.7628571428571428,0.7942857142857143,125,53,0.31885714285714284,113,110,False,False,False,False
lr,c_only,0.55,0.2,0.7902802922973868,0.8123809523809523,0.9428571428571428,23,3,0.3782857142857143,113,58,False,False,False,False
lr,ordinal,0.55,0.2,0.7895136583134194,0.8314285714285714,0.9428571428571428,20,0,0.3782857142857143,143,0,False,False,False,False
lr,none,0.55,0.25,0.7623320447465812,0.7600000000000001,0.7942857142857143,134,62,0.31885714285714284,58,150,False,False,False,False
lr,c_only,0.55,0.25,0.8097812291966072,0.8095238095238096,0.9428571428571428,32,12,0.3782857142857143,58,98,False,False,False,False
lr,ordinal,0.55,0.25,0.8312488599269822,0.8590476190476192,0.9428571428571428,20,0,0.3782857142857143,98,0,False,False,False,False
lr,none,0.55,0.3,0.7575946394562263,0.741904761904762,0.7942857142857143,143,71,0.31885714285714284,27,177,False,False,False,False
lr,c_only,0.55,0.3,0.8033849560311451,0.7914285714285715,0.9428571428571428,39,19,0.3782857142857143,27,125,False,False,False,False
lr,ordinal,0.55,0.3,0.8471160640742291,0.8647619047619047,0.9428571428571428,20,0,0.3782857142857143,72,0,False,False,False,False
lr,none,0.55,0.35,0.7534103410986415,0.7352380952380951,0.7942857142857143,144,72,0.31885714285714284,16,187,False,False,False,False
lr,c_only,0.55,0.35,0.7988872104944428,0.7847619047619047,0.9428571428571428,40,20,0.3782857142857143,16,135,False,False,False,False
lr,ordinal,0.55,0.35,0.857310474640317,0.8723809523809525,0.9428571428571428,20,0,0.3782857142857143,62,0,False,False,False,False
lr,none,0.55,0.4,0.7456796954509111,0.7276190476190476,0.7942857142857143,144,72,0.31885714285714284,12,194,False,False,False,False
lr,c_only,0.55,0.4,0.7909488224633897,0.7771428571428571,0.9428571428571428,40,20,0.3782857142857143,12,142,False,False,False,False
lr,ordinal,0.55,0.4,0.8608303212537972,0.8752380952380951,0.9428571428571428,20,0,0.3782857142857143,59,0,False,False,False,False
lr,none,0.55,0.45,0.7407497700782978,0.7228571428571429,0.7942857142857143,144,72,0.31885714285714284,7,202,False,False,False,False
lr,c_only,0.55,0.45,0.7858648664178095,0.7723809523809524,0.9428571428571428,40,20,0.3782857142857143,7,150,False,False,False,False
lr,ordinal,0.55,0.45,0.8631835497383845,0.8771428571428572,0.9428571428571428,20,0,0.3782857142857143,57,0,False,False,False,False
lr,none,0.55,0.5,0.7282565929558135,0.7123809523809523,0.7942857142857143,144,72,0.31885714285714284,2,212,False,False,False,False
lr,c_only,0.55,0.5,0.773104387988437,0.7619047619047619,0.9428571428571428,40,20,0.3782857142857143,2,160,False,False,False,False
lr,ordinal,0.55,0.5,0.8667239966318592,0.8799999999999999,0.9428571428571428,20,0,0.3782857142857143,54,0,False,False,False,False
lr,none,0.55,0.55,0.7159459182761257,0.7028571428571428,0.7942857142857143,144,72,0.31885714285714284,0,220,False,False,False,False
lr,c_only,0.55,0.55,0.7605834814736521,0.7523809523809524,0.9428571428571428,40,20,0.3782857142857143,0,168,False,False,False,False
lr,ordinal,0.55,0.55,0.8667239966318592,0.8799999999999999,0.9428571428571428,20,0,0.3782857142857143,54,0,False,False,False,False
lr,none,0.55,0.6,0.7032124035800508,0.6933333333333334,0.7942857142857143,144,72,0.31885714285714284,0,225,False,False,False,False
lr,c_only,0.55,0.6,0.7476637754316942,0.7428571428571429,0.9428571428571428,40,20,0.3782857142857143,0,173,False,False,False,False
lr,ordinal,0.55,0.6,0.8667239966318592,0.8799999999999999,0.9428571428571428,20,0,0.3782857142857143,54,0,False,False,False,False
lr,none,0.55,0.65,0.7032124035800508,0.6933333333333334,0.7942857142857143,144,72,0.31885714285714284,0,225,False,False,False,False
lr,c_only,0.55,0.65,0.7476637754316942,0.7428571428571429,0.9428571428571428,40,20,0.3782857142857143,0,173,False,False,False,False
lr,ordinal,0.55,0.65,0.8667239966318592,0.8799999999999999,0.9428571428571428,20,0,0.3782857142857143,54,0,False,False,False,False
lr,none,0.55,0.7,0.7006072691814379,0.6914285714285714,0.7942857142857143,144,72,0.31885714285714284,0,226,False,False,False,False
lr,c_only,0.55,0.7,0.7450217874862064,0.7409523809523809,0.9428571428571428,40,20,0.3782857142857143,0,174,False,False,False,False
lr,ordinal,0.55,0.7,0.8667239966318592,0.8799999999999999,0.9428571428571428,20,0,0.3782857142857143,54,0,False,False,False,False
lr,none,0.55,0.75,0.6817919412250322,0.6780952380952381,0.7942857142857143,144,72,0.31885714285714284,0,233,False,False,False,False
lr,c_only,0.55,0.75,0.7259520046399057,0.7276190476190476,0.9428571428571428,40,20,0.3782857142857143,0,181,False,False,False,False
lr,ordinal,0.55,0.75,0.8667239966318592,0.8799999999999999,0.9428571428571428,20,0,0.3782857142857143,54,0,False,False,False,False
lr,none,0.55,0.8,0.6248875105544535,0.6419047619047619,0.7942857142857143,144,72,0.31885714285714284,0,252,False,False,False,False
lr,c_only,0.55,0.8,0.668386721973414,0.6914285714285714,0.9428571428571428,40,20,0.3782857142857143,0,200,False,False,False,False
lr,ordinal,0.55,0.8,0.8667239966318592,0.8799999999999999,0.9428571428571428,20,0,0.3782857142857143,54,0,False,False,False,False
lr,none,0.55,0.85,0.601390068451475,0.6285714285714286,0.7942857142857143,144,72,0.31885714285714284,0,259,False,False,False,False
lr,c_only,0.55,0.85,0.6446562591389329,0.6780952380952381,0.9428571428571428,40,20,0.3782857142857143,0,207,False,False,False,False
lr,ordinal,0.55,0.85,0.8667239966318592,0.8799999999999999,0.9428571428571428,20,0,0.3782857142857143,54,0,False,False,False,False
lr,none,0.55,0.9,0.553320800802681,0.6038095238095238,0.7942857142857143,144,72,0.31885714285714284,0,272,False,False,False,False
lr,c_only,0.55,0.9,0.5961683265769017,0.6533333333333333,0.9428571428571428,40,20,0.3782857142857143,0,220,False,False,False,False
lr,ordinal,0.55,0.9,0.8667239966318592,0.8799999999999999,0.9428571428571428,20,0,0.3782857142857143,54,0,False,False,False,False
lr,none,0.6,0.2,0.7331329905039282,0.7552380952380952,0.7657142857142857,138,56,0.3062857142857143,113,118,False,False,False,False
lr,c_only,0.6,0.2,0.787053092947402,0.8095238095238096,0.9285714285714286,31,6,0.37142857142857144,113,61,False,False,False,False
lr,ordinal,0.6,0.2,0.7861551905850493,0.8285714285714286,0.9285714285714286,25,0,0.37142857142857144,143,0,False,False,False,False
lr,none,0.6,0.25,0.752902462687261,0.7504761904761904,0.7657142857142857,153,71,0.3062857142857143,58,161,False,False,False,False
lr,c_only,0.6,0.25,0.8054425317336116,0.8047619047619049,0.9285714285714286,42,17,0.37142857142857144,58,104,False,False,False,False
lr,ordinal,0.6,0.25,0.8275566118703374,0.8561904761904762,0.9285714285714286,25,0,0.37142857142857144,98,0,False,False,False,False
lr,none,0.6,0.3,0.7486501920003715,0.7323809523809524,0.7657142857142857,163,81,0.3062857142857143,27,188,False,False,False,False
lr,c_only,0.6,0.3,0.7991946441796859,0.7866666666666667,0.9285714285714286,49,24,0.37142857142857144,27,131,False,False,False,False
lr,ordinal,0.6,0.3,0.8432238965676725,0.8619047619047618,0.9285714285714286,25,0,0.37142857142857144,72,0,False,False,False,False
lr,none,0.6,0.35,0.7445206213504575,0.7257142857142856,0.7657142857142857,164,82,0.3062857142857143,16,198,False,False,False,False
lr,c_only,0.6,0.35,0.7947382127220942,0.7799999999999999,0.9285714285714286,50,25,0.37142857142857144,16,141,False,False,False,False
lr,ordinal,0.6,0.35,0.8532988611039248,0.8695238095238095,0.9285714285714286,25,0,0.37142857142857144,62,0,False,False,False,False
lr,none,0.6,0.4,0.7368277090905995,0.7180952380952381,0.7657142857142857,164,82,0.3062857142857143,12,205,False,False,False,False
lr,c_only,0.6,0.4,0.7868265339529708,0.7723809523809524,0.9285714285714286,50,25,0.37142857142857144,12,148,False,False,False,False
lr,ordinal,0.6,0.4,0.8567777231183914,0.8723809523809525,0.9285714285714286,25,0,0.37142857142857144,59,0,False,False,False,False
lr,none,0.6,0.45,0.7319251085367317,0.7133333333333334,0.7657142857142857,164,82,0.3062857142857143,7,213,False,False,False,False
lr,c_only,0.6,0.45,0.7817626772067907,0.7676190476190476,0.9285714285714286,50,25,0.37142857142857144,7,156,False,False,False,False
lr,ordinal,0.6,0.45,0.859103069681912,0.8742857142857142,0.9285714285714286,25,0,0.37142857142857144,57,0,False,False,False,False
lr,none,0.6,0.5,0.719480815935766,0.7028571428571428,0.7657142857142857,164,82,0.3062857142857143,2,223,False,False,False,False
lr,c_only,0.6,0.5,0.7690364078725875,0.7571428571428571,0.9285714285714286,50,25,0.37142857142857144,2,166,False,False,False,False
lr,ordinal,0.6,0.5,0.8626008320322015,0.8771428571428572,0.9285714285714286,25,0,0.37142857142857144,54,0,False,False,False,False
lr,none,0.6,0.55,0.7072093335001427,0.6933333333333334,0.7657142857142857,164,82,0.3062857142857143,0,231,False,False,False,False
lr,c_only,0.6,0.55,0.7565420664640286,0.7476190476190476,0.9285714285714286,50,25,0.37142857142857144,0,174,False,False,False,False
lr,ordinal,0.6,0.55,0.8626008320322015,0.8771428571428572,0.9285714285714286,25,0,0.37142857142857144,54,0,False,False,False,False
lr,none,0.6,0.6,0.6945111476640791,0.6838095238095238,0.7657142857142857,164,82,0.3062857142857143,0,236,False,False,False,False
lr,c_only,0.6,0.6,0.7436456063907043,0.7380952380952381,0.9285714285714286,50,25,0.37142857142857144,0,179,False,False,False,False
lr,ordinal,0.6,0.6,0.8626008320322015,0.8771428571428572,0.9285714285714286,25,0,0.37142857142857144,54,0,False,False,False,False
lr,none,0.6,0.65,0.6945111476640791,0.6838095238095238,0.7657142857142857,164,82,0.3062857142857143,0,236,False,False,False,False
lr,c_only,0.6,0.65,0.7436456063907043,0.7380952380952381,0.9285714285714286,50,25,0.37142857142857144,0,179,False,False,False,False
lr,ordinal,0.6,0.65,0.8626008320322015,0.8771428571428572,0.9285714285714286,25,0,0.37142857142857144,54,0,False,False,False,False
lr,none,0.6,0.7,0.6919130086632546,0.6819047619047619,0.7657142857142857,164,82,0.3062857142857143,0,237,False,False,False,False
lr,c_only,0.6,0.7,0.7410082183632909,0.7361904761904762,0.9285714285714286,50,25,0.37142857142857144,0,180,False,False,False,False
lr,ordinal,0.6,0.7,0.8626008320322015,0.8771428571428572,0.9285714285714286,25,0,0.37142857142857144,54,0,False,False,False,False
lr,none,0.6,0.75,0.6731460041518417,0.6685714285714286,0.7657142857142857,164,82,0.3062857142857143,0,244,False,False,False,False
lr,c_only,0.6,0.75,0.7219701843357758,0.7228571428571429,0.9285714285714286,50,25,0.37142857142857144,0,187,False,False,False,False
lr,ordinal,0.6,0.75,0.8626008320322015,0.8771428571428572,0.9285714285714286,25,0,0.37142857142857144,54,0,False,False,False,False
lr,none,0.6,0.8,0.6163672720916854,0.6323809523809524,0.7657142857142857,164,82,0.3062857142857143,0,263,False,False,False,False
lr,c_only,0.6,0.8,0.6644872646392982,0.6866666666666666,0.9285714285714286,50,25,0.37142857142857144,0,206,False,False,False,False
lr,ordinal,0.6,0.8,0.8626008320322015,0.8771428571428572,0.9285714285714286,25,0,0.37142857142857144,54,0,False,False,False,False
lr,none,0.6,0.85,0.5929142207168923,0.6190476190476191,0.7657142857142857,164,82,0.3062857142857143,0,270,False,False,False,False
lr,c_only,0.6,0.85,0.6407858111995265,0.6733333333333333,0.9285714285714286,50,25,0.37142857142857144,0,213,False,False,False,False
lr,ordinal,0.6,0.85,0.8626008320322015,0.8771428571428572,0.9285714285714286,25,0,0.37142857142857144,54,0,False,False,False,False
lr,none,0.6,0.9,0.5449248005237393,0.5942857142857143,0.7657142857142857,164,82,0.3062857142857143,0,283,False,False,False,False
lr,c_only,0.6,0.9,0.5923499564600362,0.6485714285714286,0.9285714285714286,50,25,0.37142857142857144,0,226,False,False,False,False
lr,ordinal,0.6,0.9,0.8626008320322015,0.8771428571428572,0.9285714285714286,25,0,0.37142857142857144,54,0,False,False,False,False
lr,none,0.65,0.2,0.7241207954994899,0.7466666666666667,0.74,153,62,0.296,113,127,False,False,False,False
lr,c_only,0.65,0.2,0.787053092947402,0.8095238095238096,0.9285714285714286,31,6,0.37142857142857144,113,61,False,False,False,False
lr,ordinal,0.65,0.2,0.7861551905850493,0.8285714285714286,0.9285714285714286,25,0,0.37142857142857144,143,0,False,False,False,False
lr,none,0.65,0.25,0.7444318395323339,0.741904761904762,0.74,171,80,0.296,58,170,False,False,False,False
lr,c_only,0.65,0.25,0.8054425317336116,0.8047619047619049,0.9285714285714286,42,17,0.37142857142857144,58,104,False,False,False,False
lr,ordinal,0.65,0.25,0.8275566118703374,0.8561904761904762,0.9285714285714286,25,0,0.37142857142857144,98,0,False,False,False,False
lr,none,0.65,0.3,0.7403529748429108,0.7238095238095239,0.74,181,90,0.296,27,197,False,False,False,False
lr,c_only,0.65,0.3,0.7991946441796859,0.7866666666666667,0.9285714285714286,49,24,0.37142857142857144,27,131,False,False,False,False
lr,ordinal,0.65,0.3,0.8432238965676725,0.8619047619047618,0.9285714285714286,25,0,0.37142857142857144,72,0,False,False,False,False
lr,none,0.65,0.35,0.7362655695522472,0.7171428571428571,0.74,182,91,0.296,16,207,False,False,False,False
lr,c_only,0.65,0.35,0.7947382127220942,0.7799999999999999,0.9285714285714286,50,25,0.37142857142857144,16,141,False,False,False,False
lr,ordinal,0.65,0.35,0.8532988611039248,0.8695238095238095,0.9285714285714286,25,0,0.37142857142857144,62,0,False,False,False,False
lr,none,0.65,0.4,0.7286021130848717,0.7095238095238096,0.74,182,91,0.296,12,214,False,False,False,False
lr,c_only,0.65,0.4,0.7868265339529708,0.7723809523809524,0.9285714285714286,50,25,0.37142857142857144,12,148,False,False,False,False
lr,ordinal,0.65,0.4,0.8567777231183914,0.8723809523809525,0.9285714285714286,25,0,0.37142857142857144,59,0,False,False,False,False
lr,none,0.65,0.45,0.7237206754367866,0.7047619047619048,0.74,182,91,0.296,7,222,False,False,False,False
lr,c_only,0.65,0.45,0.7817626772067907,0.7676190476190476,0.9285714285714286,50,25,0.37142857142857144,7,156,False,False,False,False
lr,ordinal,0.65,0.45,0.859103069681912,0.8742857142857142,0.9285714285714286,25,0,0.37142857142857144,57,0,False,False,False,False
lr,none,0.65,0.5,0.7113146247539378,0.6942857142857143,0.74,182,91,0.296,2,232,False,False,False,False
lr,c_only,0.65,0.5,0.7690364078725875,0.7571428571428571,0.9285714285714286,50,25,0.37142857142857144,2,166,False,False,False,False
lr,ordinal,0.65,0.5,0.8626008320322015,0.8771428571428572,0.9285714285714286,25,0,0.37142857142857144,54,0,False,False,False,False
lr,none,0.65,0.55,0.6990739902642896,0.6847619047619048,0.74,182,91,0.296,0,240,False,False,False,False
lr,c_only,0.65,0.55,0.7565420664640286,0.7476190476190476,0.9285714285714286,50,25,0.37142857142857144,0,174,False,False,False,False
lr,ordinal,0.65,0.55,0.8626008320322015,0.8771428571428572,0.9285714285714286,25,0,0.37142857142857144,54,0,False,False,False,False
lr,none,0.65,0.6,0.6864037656087046,0.6752380952380953,0.74,182,91,0.296,0,245,False,False,False,False
lr,c_only,0.65,0.6,0.7436456063907043,0.7380952380952381,0.9285714285714286,50,25,0.37142857142857144,0,179,False,False,False,False
lr,ordinal,0.65,0.6,0.8626008320322015,0.8771428571428572,0.9285714285714286,25,0,0.37142857142857144,54,0,False,False,False,False
lr,none,0.65,0.65,0.6864037656087046,0.6752380952380953,0.74,182,91,0.296,0,245,False,False,False,False
lr,c_only,0.65,0.65,0.7436456063907043,0.7380952380952381,0.9285714285714286,50,25,0.37142857142857144,0,179,False,False,False,False
lr,ordinal,0.65,0.65,0.8626008320322015,0.8771428571428572,0.9285714285714286,25,0,0.37142857142857144,54,0,False,False,False,False
lr,none,0.65,0.7,0.6838111637565442,0.6733333333333333,0.74,182,91,0.296,0,246,False,False,False,False
lr,c_only,0.65,0.7,0.7410082183632909,0.7361904761904762,0.9285714285714286,50,25,0.37142857142857144,0,180,False,False,False,False
lr,ordinal,0.65,0.7,0.8626008320322015,0.8771428571428572,0.9285714285714286,25,0,0.37142857142857144,54,0,False,False,False,False
lr,none,0.65,0.75,0.6650824148043281,0.66,0.74,182,91,0.296,0,253,False,False,False,False
lr,c_only,0.65,0.75,0.7219701843357758,0.7228571428571429,0.9285714285714286,50,25,0.37142857142857144,0,187,False,False,False,False
lr,ordinal,0.65,0.75,0.8626008320322015,0.8771428571428572,0.9285714285714286,25,0,0.37142857142857144,54,0,False,False,False,False
lr,none,0.65,0.8,0.6084032386369023,0.6238095238095238,0.74,182,91,0.296,0,272,False,False,False,False
lr,c_only,0.65,0.8,0.6644872646392982,0.6866666666666666,0.9285714285714286,50,25,0.37142857142857144,0,206,False,False,False,False
lr,ordinal,0.65,0.8,0.8626008320322015,0.8771428571428572,0.9285714285714286,25,0,0.37142857142857144,54,0,False,False,False,False
lr,none,0.65,0.85,0.5849853616408476,0.6104761904761905,0.74,182,91,0.296,0,279,False,False,False,False
lr,c_only,0.65,0.85,0.6407858111995265,0.6733333333333333,0.9285714285714286,50,25,0.37142857142857144,0,213,False,False,False,False
lr,ordinal,0.65,0.85,0.8626008320322015,0.8771428571428572,0.9285714285714286,25,0,0.37142857142857144,54,0,False,False,False,False
lr,none,0.65,0.9,0.5370592324102338,0.5857142857142857,0.74,182,91,0.296,0,292,False,False,False,False
lr,c_only,0.65,0.9,0.5923499564600362,0.6485714285714286,0.9285714285714286,50,25,0.37142857142857144,0,226,False,False,False,False
lr,ordinal,0.65,0.9,0.8626008320322015,0.8771428571428572,0.9285714285714286,25,0,0.37142857142857144,54,0,False,False,False,False
lr,none,0.7,0.2,0.7108275317165841,0.7342857142857143,0.7028571428571428,174,70,0.28114285714285714,113,140,False,False,False,False
lr,c_only,0.7,0.2,0.787053092947402,0.8095238095238096,0.9285714285714286,31,6,0.37142857142857144,113,61,False,False,False,False
lr,ordinal,0.7,0.2,0.7861551905850493,0.8285714285714286,0.9285714285714286,25,0,0.37142857142857144,143,0,False,False,False,False
lr,none,0.7,0.25,0.7320144019310431,0.7295238095238096,0.7028571428571428,197,93,0.28114285714285714,58,183,False,False,False,False
lr,c_only,0.7,0.25,0.8054425317336116,0.8047619047619049,0.9285714285714286,42,17,0.37142857142857144,58,104,False,False,False,False
lr,ordinal,0.7,0.25,0.8275566118703374,0.8561904761904762,0.9285714285714286,25,0,0.37142857142857144,98,0,False,False,False,False
lr,none,0.7,0.3,0.7281707834656254,0.7114285714285714,0.7028571428571428,207,103,0.28114285714285714,27,210,False,False,False,False
lr,c_only,0.7,0.3,0.7991946441796859,0.7866666666666667,0.9285714285714286,49,24,0.37142857142857144,27,131,False,False,False,False
lr,ordinal,0.7,0.3,0.8432238965676725,0.8619047619047618,0.9285714285714286,25,0,0.37142857142857144,72,0,False,False,False,False
lr,none,0.7,0.35,0.7241403836811555,0.7047619047619048,0.7028571428571428,208,104,0.28114285714285714,16,220,False,False,False,False
lr,c_only,0.7,0.35,0.7947382127220942,0.7799999999999999,0.9285714285714286,50,25,0.37142857142857144,16,141,False,False,False,False
lr,ordinal,0.7,0.35,0.8532988611039248,0.8695238095238095,0.9285714285714286,25,0,0.37142857142857144,62,0,False,False,False,False
lr,none,0.7,0.4,0.7165173481043294,0.6971428571428572,0.7028571428571428,208,104,0.28114285714285714,12,227,False,False,False,False
lr,c_only,0.7,0.4,0.7868265339529708,0.7723809523809524,0.9285714285714286,50,25,0.37142857142857144,12,148,False,False,False,False
lr,ordinal,0.7,0.4,0.8567777231183914,0.8723809523809525,0.9285714285714286,25,0,0.37142857142857144,59,0,False,False,False,False
lr,none,0.7,0.45,0.7116646916660224,0.6923809523809524,0.7028571428571428,208,104,0.28114285714285714,7,235,False,False,False,False
lr,c_only,0.7,0.45,0.7817626772067907,0.7676190476190476,0.9285714285714286,50,25,0.37142857142857144,7,156,False,False,False,False
lr,ordinal,0.7,0.45,0.859103069681912,0.8742857142857142,0.9285714285714286,25,0,0.37142857142857144,57,0,False,False,False,False
lr,none,0.7,0.5,0.6993112417441406,0.6819047619047619,0.7028571428571428,208,104,0.28114285714285714,2,245,False,False,False,False
lr,c_only,0.7,0.5,0.7690364078725875,0.7571428571428571,0.9285714285714286,50,25,0.37142857142857144,2,166,False,False,False,False
lr,ordinal,0.7,0.5,0.8626008320322015,0.8771428571428572,0.9285714285714286,25,0,0.37142857142857144,54,0,False,False,False,False
lr,none,0.7,0.55,0.6871133276152243,0.6723809523809523,0.7028571428571428,208,104,0.28114285714285714,0,253,False,False,False,False
lr,c_only,0.7,0.55,0.7565420664640286,0.7476190476190476,0.9285714285714286,50,25,0.37142857142857144,0,174,False,False,False,False
lr,ordinal,0.7,0.55,0.8626008320322015,0.8771428571428572,0.9285714285714286,25,0,0.37142857142857144,54,0,False,False,False,False
lr,none,0.7,0.6,0.6744820618365818,0.6628571428571428,0.7028571428571428,208,104,0.28114285714285714,0,258,False,False,False,False
lr,c_only,0.7,0.6,0.7436456063907043,0.7380952380952381,0.9285714285714286,50,25,0.37142857142857144,0,179,False,False,False,False
lr,ordinal,0.7,0.6,0.8626008320322015,0.8771428571428572,0.9285714285714286,25,0,0.37142857142857144,54,0,False,False,False,False
lr,none,0.7,0.65,0.6744820618365818,0.6628571428571428,0.7028571428571428,208,104,0.28114285714285714,0,258,False,False,False,False
lr,c_only,0.7,0.65,0.7436456063907043,0.7380952380952381,0.9285714285714286,50,25,0.37142857142857144,0,179,False,False,False,False
lr,ordinal,0.7,0.65,0.8626008320322015,0.8771428571428572,0.9285714285714286,25,0,0.37142857142857144,54,0,False,False,False,False
lr,none,0.7,0.7,0.671897175915903,0.660952380952381,0.7028571428571428,208,104,0.28114285714285714,0,259,False,False,False,False
lr,c_only,0.7,0.7,0.7410082183632909,0.7361904761904762,0.9285714285714286,50,25,0.37142857142857144,0,180,False,False,False,False
lr,ordinal,0.7,0.7,0.8626008320322015,0.8771428571428572,0.9285714285714286,25,0,0.37142857142857144,54,0,False,False,False,False
lr,none,0.7,0.75,0.6532217437618844,0.6476190476190476,0.7028571428571428,208,104,0.28114285714285714,0,266,False,False,False,False
lr,c_only,0.7,0.75,0.7219701843357758,0.7228571428571429,0.9285714285714286,50,25,0.37142857142857144,0,187,False,False,False,False
lr,ordinal,0.7,0.75,0.8626008320322015,0.8771428571428572,0.9285714285714286,25,0,0.37142857142857144,54,0,False,False,False,False
lr,none,0.7,0.8,0.5966813870832292,0.6114285714285714,0.7028571428571428,208,104,0.28114285714285714,0,285,False,False,False,False
lr,c_only,0.7,0.8,0.6644872646392982,0.6866666666666666,0.9285714285714286,50,25,0.37142857142857144,0,206,False,False,False,False
lr,ordinal,0.7,0.8,0.8626008320322015,0.8771428571428572,0.9285714285714286,25,0,0.37142857142857144,54,0,False,False,False,False
lr,none,0.7,0.85,0.573312580712963,0.5980952380952381,0.7028571428571428,208,104,0.28114285714285714,0,292,False,False,False,False
lr,c_only,0.7,0.85,0.6407858111995265,0.6733333333333333,0.9285714285714286,50,25,0.37142857142857144,0,213,False,False,False,False
lr,ordinal,0.7,0.85,0.8626008320322015,0.8771428571428572,0.9285714285714286,25,0,0.37142857142857144,54,0,False,False,False,False
lr,none,0.7,0.9,0.5254747785424453,0.5733333333333334,0.7028571428571428,208,104,0.28114285714285714,0,305,False,False,False,False
lr,c_only,0.7,0.9,0.5923499564600362,0.6485714285714286,0.9285714285714286,50,25,0.37142857142857144,0,226,False,False,False,False
lr,ordinal,0.7,0.9,0.8626008320322015,0.8771428571428572,0.9285714285714286,25,0,0.37142857142857144,54,0,False,False,False,False
lr,none,0.75,0.2,0.6709887996718757,0.699047619047619,0.5971428571428572,229,88,0.23885714285714285,113,171,False,False,False,False
lr,c_only,0.75,0.2,0.7755903169212477,0.7980952380952381,0.8942857142857142,49,12,0.3577142857142857,113,67,False,False,False,False
lr,ordinal,0.75,0.2,0.7748591961904122,0.8171428571428572,0.8942857142857142,37,0,0.3577142857142857,143,0,False,False,False,False
lr,none,0.75,0.25,0.6949281446674075,0.6942857142857143,0.5971428571428572,270,129,0.23885714285714285,58,220,False,False,False,False
lr,c_only,0.75,0.25,0.7947535968723848,0.7933333333333333,0.8942857142857142,66,29,0.3577142857142857,58,116,False,False,False,False
lr,ordinal,0.75,0.25,0.8153422282309505,0.8447619047619047,0.8942857142857142,37,0,0.3577142857142857,98,0,False,False,False,False
lr,none,0.75,0.3,0.691976366970635,0.6761904761904761,0.5971428571428572,281,140,0.23885714285714285,27,247,False,False,False,False
lr,c_only,0.75,0.3,0.7887869064294041,0.7752380952380952,0.8942857142857142,73,36,0.3577142857142857,27,143,False,False,False,False
lr,ordinal,0.75,0.3,0.8304022238665528,0.8504761904761904,0.8942857142857142,37,0,0.3577142857142857,72,0,False,False,False,False
lr,none,0.75,0.35,0.6880855748745711,0.6695238095238096,0.5971428571428572,282,141,0.23885714285714285,16,257,False,False,False,False
lr,c_only,0.75,0.35,0.7844088056265178,0.7685714285714286,0.8942857142857142,74,37,0.3577142857142857,16,153,False,False,False,False
lr,ordinal,0.75,0.35,0.8401728373981426,0.8580952380952381,0.8942857142857142,37,0,0.3577142857142857,62,0,False,False,False,False
lr,none,0.75,0.4,0.6805651309673868,0.6619047619047619,0.5971428571428572,282,141,0.23885714285714285,12,264,False,False,False,False
lr,c_only,0.75,0.4,0.7765482691050813,0.7609523809523809,0.8942857142857142,74,37,0.3577142857142857,12,160,False,False,False,False
lr,ordinal,0.75,0.4,0.8435520031160663,0.8609523809523809,0.8942857142857142,37,0,0.3577142857142857,59,0,False,False,False,False
lr,none,0.75,0.45,0.6757839649660786,0.6571428571428571,0.5971428571428572,282,141,0.23885714285714285,7,272,False,False,False,False
lr,c_only,0.75,0.45,0.7715226737774318,0.7561904761904762,0.8942857142857142,74,37,0.3577142857142857,7,168,False,False,False,False
lr,ordinal,0.75,0.45,0.8458096747609257,0.8628571428571429,0.8942857142857142,37,0,0.3577142857142857,57,0,False,False,False,False
lr,none,0.75,0.5,0.663564731540725,0.6466666666666667,0.5971428571428572,282,141,0.23885714285714285,2,282,False,False,False,False
lr,c_only,0.75,0.5,0.7588620299075505,0.7457142857142857,0.8942857142857142,74,37,0.3577142857142857,2,178,False,False,False,False
lr,ordinal,0.75,0.5,0.8492040612339551,0.8657142857142857,0.8942857142857142,37,0,0.3577142857142857,54,0,False,False,False,False
lr,none,0.75,0.55,0.6514775473456237,0.6371428571428571,0.5971428571428572,282,141,0.23885714285714285,0,290,False,False,False,False
lr,c_only,0.75,0.55,0.7464189106240274,0.7361904761904762,0.8942857142857142,74,37,0.3577142857142857,0,186,False,False,False,False
lr,ordinal,0.75,0.55,0.8492040612339551,0.8657142857142857,0.8942857142857142,37,0,0.3577142857142857,54,0,False,False,False,False
lr,none,0.75,0.6,0.6389486632155995,0.6276190476190476,0.5971428571428572,282,141,0.23885714285714285,0,295,False,False,False,False
lr,c_only,0.75,0.6,0.733567490493927,0.7266666666666666,0.8942857142857142,74,37,0.3577142857142857,0,191,False,False,False,False
lr,ordinal,0.75,0.6,0.8492040612339551,0.8657142857142857,0.8942857142857142,37,0,0.3577142857142857,54,0,False,False,False,False
lr,none,0.75,0.65,0.6389486632155995,0.6276190476190476,0.5971428571428572,282,141,0.23885714285714285,0,295,False,False,False,False
lr,c_only,0.75,0.65,0.733567490493927,0.7266666666666666,0.8942857142857142,74,37,0.3577142857142857,0,191,False,False,False,False
lr,ordinal,0.75,0.65,0.8492040612339551,0.8657142857142857,0.8942857142857142,37,0,0.3577142857142857,54,0,False,False,False,False
lr,none,0.75,0.7,0.6363840594724292,0.6257142857142858,0.5971428571428572,282,141,0.23885714285714285,0,296,False,False,False,False
lr,c_only,0.75,0.7,0.7309390159783794,0.7247619047619048,0.8942857142857142,74,37,0.3577142857142857,0,192,False,False,False,False
lr,ordinal,0.75,0.7,0.8492040612339551,0.8657142857142857,0.8942857142857142,37,0,0.3577142857142857,54,0,False,False,False,False
lr,none,0.75,0.75,0.6178488232862196,0.6123809523809524,0.5971428571428572,282,141,0.23885714285714285,0,303,False,False,False,False
lr,c_only,0.75,0.75,0.7119625123943648,0.7114285714285714,0.8942857142857142,74,37,0.3577142857142857,0,199,False,False,False,False
lr,ordinal,0.75,0.75,0.8492040612339551,0.8657142857142857,0.8942857142857142,37,0,0.3577142857142857,54,0,False,False,False,False
lr,none,0.75,0.8,0.561673879386238,0.5761904761904763,0.5971428571428572,282,141,0.23885714285714285,0,322,False,False,False,False
lr,c_only,0.75,0.8,0.6546392896555009,0.6752380952380953,0.8942857142857142,74,37,0.3577142857142857,0,218,False,False,False,False
lr,ordinal,0.75,0.8,0.8492040612339551,0.8657142857142857,0.8942857142857142,37,0,0.3577142857142857,54,0,False,False,False,False
lr,none,0.75,0.85,0.5384343770195469,0.5628571428571428,0.5971428571428572,282,141,0.23885714285714285,0,329,False,False,False,False
lr,c_only,0.75,0.85,0.6309941096186092,0.6619047619047619,0.8942857142857142,74,37,0.3577142857142857,0,225,False,False,False,False
lr,ordinal,0.75,0.85,0.8492040612339551,0.8657142857142857,0.8942857142857142,37,0,0.3577142857142857,54,0,False,False,False,False
lr,none,0.75,0.9,0.49082950368253453,0.5380952380952381,0.5971428571428572,282,141,0.23885714285714285,0,342,False,False,False,False
lr,c_only,0.75,0.9,0.58265931156981,0.6371428571428571,0.8942857142857142,74,37,0.3577142857142857,0,238,False,False,False,False
lr,ordinal,0.75,0.9,0.8492040612339551,0.8657142857142857,0.8942857142857142,37,0,0.3577142857142857,54,0,False,False,False,False
lr,none,0.8,0.2,0.6524277015148807,0.6828571428571428,0.5485714285714286,261,103,0.21942857142857142,113,186,False,False,False,False
lr,c_only,0.8,0.2,0.763332494084077,0.7857142857142857,0.8571428571428571,73,23,0.34285714285714286,113,78,False,False,False,False
lr,ordinal,0.8,0.2,0.7626153335591005,0.8047619047619047,0.8571428571428571,50,0,0.34285714285714286,143,0,False,False,False,False
lr,none,0.8,0.25,0.6771508860004297,0.6780952380952381,0.5485714285714286,304,146,0.21942857142857142,58,237,False,False,False,False
lr,c_only,0.8,0.25,0.7830743538844493,0.780952380952381,0.8571428571428571,92,42,0.34285714285714286,58,129,False,False,False,False
lr,ordinal,0.8,0.25,0.8021826658190294,0.8323809523809524,0.8571428571428571,50,0,0.34285714285714286,98,0,False,False,False,False
lr,none,0.8,0.3,0.6744387668797428,0.66,0.5485714285714286,315,157,0.21942857142857142,27,264,False,False,False,False
lr,c_only,0.8,0.3,0.7773903048892876,0.7628571428571429,0.8571428571428571,99,49,0.34285714285714286,27,156,False,False,False,False
lr,ordinal,0.8,0.3,0.8166482673767951,0.8380952380952381,0.8571428571428571,50,0,0.34285714285714286,72,0,False,False,False,False
lr,none,0.8,0.35,0.6706021809417667,0.6533333333333333,0.5485714285714286,316,158,0.21942857142857142,16,274,False,False,False,False
lr,c_only,0.8,0.35,0.7730909785668331,0.7561904761904762,0.8571428571428571,100,50,0.34285714285714286,16,166,False,False,False,False
lr,ordinal,0.8,0.35,0.8261180198183832,0.8457142857142856,0.8571428571428571,50,0,0.34285714285714286,62,0,False,False,False,False
lr,none,0.8,0.4,0.6631233502129775,0.6457142857142858,0.5485714285714286,316,158,0.21942857142857142,12,281,False,False,False,False
lr,c_only,0.8,0.4,0.7652826093498487,0.7485714285714286,0.8571428571428571,100,50,0.34285714285714286,12,173,False,False,False,False
lr,ordinal,0.8,0.4,0.8293983455273777,0.8485714285714286,0.8571428571428571,50,0,0.34285714285714286,59,0,False,False,False,False
lr,none,0.8,0.45,0.6583704293873923,0.640952380952381,0.5485714285714286,316,158,0.21942857142857142,7,289,False,False,False,False
lr,c_only,0.8,0.45,0.7602957142466947,0.7438095238095238,0.8571428571428571,100,50,0.34285714285714286,7,181,False,False,False,False
lr,ordinal,0.8,0.45,0.8315889588344678,0.8504761904761905,0.8571428571428571,50,0,0.34285714285714286,57,0,False,False,False,False
lr,none,0.8,0.5,0.6462059666945107,0.6304761904761905,0.5485714285714286,316,158,0.21942857142857142,2,299,False,False,False,False
lr,c_only,0.8,0.5,0.7477021863537491,0.7333333333333334,0.8571428571428571,100,50,0.34285714285714286,2,191,False,False,False,False
lr,ordinal,0.8,0.5,0.834880966028507,0.8533333333333334,0.8571428571428571,50,0,0.34285714285714286,54,0,False,False,False,False
lr,none,0.8,0.55,0.6341647919013199,0.620952380952381,0.5485714285714286,316,158,0.21942857142857142,0,307,False,False,False,False
lr,c_only,0.8,0.55,0.7353118312638552,0.7238095238095238,0.8571428571428571,100,50,0.34285714285714286,0,199,False,False,False,False
lr,ordinal,0.8,0.55,0.834880966028507,0.8533333333333334,0.8571428571428571,50,0,0.34285714285714286,54,0,False,False,False,False
lr,none,0.8,0.6,0.6216791092970272,0.6114285714285713,0.5485714285714286,316,158,0.21942857142857142,0,312,False,False,False,False
lr,c_only,0.8,0.6,0.7225071225071225,0.7142857142857143,0.8571428571428571,100,50,0.34285714285714286,0,204,False,False,False,False
lr,ordinal,0.8,0.6,0.834880966028507,0.8533333333333334,0.8571428571428571,50,0,0.34285714285714286,54,0,False,False,False,False
lr,none,0.8,0.65,0.6216791092970272,0.6114285714285713,0.5485714285714286,316,158,0.21942857142857142,0,312,False,False,False,False
lr,c_only,0.8,0.65,0.7225071225071225,0.7142857142857143,0.8571428571428571,100,50,0.34285714285714286,0,204,False,False,False,False
lr,ordinal,0.8,0.65,0.834880966028507,0.8533333333333334,0.8571428571428571,50,0,0.34285714285714286,54,0,False,False,False,False
lr,none,0.8,0.7,0.6191230662306624,0.6095238095238096,0.5485714285714286,316,158,0.21942857142857142,0,313,False,False,False,False
lr,c_only,0.8,0.7,0.7198878936892635,0.7123809523809523,0.8571428571428571,100,50,0.34285714285714286,0,205,False,False,False,False
lr,ordinal,0.8,0.7,0.834880966028507,0.8533333333333334,0.8571428571428571,50,0,0.34285714285714286,54,0,False,False,False,False
lr,none,0.8,0.75,0.600647024666269,0.5961904761904763,0.5485714285714286,316,158,0.21942857142857142,0,320,False,False,False,False
lr,c_only,0.8,0.75,0.7009752263834753,0.699047619047619,0.8571428571428571,100,50,0.34285714285714286,0,212,False,False,False,False
lr,ordinal,0.8,0.75,0.834880966028507,0.8533333333333334,0.8571428571428571,50,0,0.34285714285714286,54,0,False,False,False,False
lr,none,0.8,0.8,0.5446265413749246,0.56,0.5485714285714286,316,158,0.21942857142857142,0,339,False,False,False,False
lr,c_only,0.8,0.8,0.6438177901592536,0.6628571428571428,0.8571428571428571,100,50,0.34285714285714286,0,231,False,False,False,False
lr,ordinal,0.8,0.8,0.834880966028507,0.8533333333333334,0.8571428571428571,50,0,0.34285714285714286,54,0,False,False,False,False
lr,none,0.8,0.85,0.5214417567579899,0.5466666666666667,0.5485714285714286,316,158,0.21942857142857142,0,346,False,False,False,False
lr,c_only,0.8,0.85,0.6202310659311333,0.6495238095238095,0.8571428571428571,100,50,0.34285714285714286,0,238,False,False,False,False
lr,ordinal,0.8,0.85,0.834880966028507,0.8533333333333334,0.8571428571428571,50,0,0.34285714285714286,54,0,False,False,False,False
lr,none,0.8,0.9,0.47393553350827494,0.521904761904762,0.5485714285714286,316,158,0.21942857142857142,0,359,False,False,False,False
lr,c_only,0.8,0.9,0.5720012923941852,0.6247619047619047,0.8571428571428571,100,50,0.34285714285714286,0,251,False,False,False,False
lr,ordinal,0.8,0.9,0.834880966028507,0.8533333333333334,0.8571428571428571,50,0,0.34285714285714286,54,0,False,False,False,False
lr,none,0.85,0.2,0.6390928748876222,0.6714285714285714,0.5142857142857142,285,115,0.2057142857142857,113,198,False,False,False,False
lr,c_only,0.85,0.2,0.7605197624151917,0.7828571428571429,0.8485714285714285,79,26,0.3394285714285714,113,81,False,False,False,False
lr,ordinal,0.85,0.2,0.7597852489503439,0.8019047619047619,0.8485714285714285,53,0,0.3394285714285714,143,0,False,False,False,False
lr,none,0.85,0.25,0.6642079481933502,0.6666666666666666,0.5142857142857142,328,158,0.2057142857142857,58,249,False,False,False,False
lr,c_only,0.85,0.25,0.7803618821204287,0.7780952380952382,0.8485714285714285,98,45,0.3394285714285714,58,132,False,False,False,False
lr,ordinal,0.85,0.25,0.7991520818023806,0.8295238095238094,0.8485714285714285,53,0,0.3394285714285714,98,0,False,False,False,False
lr,none,0.85,0.3,0.6616516712566436,0.6485714285714286,0.5142857142857142,339,169,0.2057142857142857,27,276,False,False,False,False
lr,c_only,0.85,0.3,0.7747399918284282,0.7600000000000001,0.8485714285714285,105,52,0.3394285714285714,27,159,False,False,False,False
lr,ordinal,0.85,0.3,0.8134890860654008,0.8352380952380951,0.8485714285714285,53,0,0.3394285714285714,72,0,False,False,False,False
lr,none,0.85,0.35,0.6578500093210168,0.6419047619047619,0.5142857142857142,340,170,0.2057142857142857,16,286,False,False,False,False
lr,c_only,0.85,0.35,0.770457993858859,0.7533333333333333,0.8485714285714285,106,53,0.3394285714285714,16,169,False,False,False,False
lr,ordinal,0.85,0.35,0.8228933081646964,0.8428571428571429,0.8485714285714285,53,0,0.3394285714285714,62,0,False,False,False,False
lr,none,0.85,0.4,0.6503986766418558,0.6342857142857142,0.5142857142857142,340,170,0.2057142857142857,12,293,False,False,False,False
lr,c_only,0.85,0.4,0.7626612089521921,0.7457142857142857,0.8485714285714285,106,53,0.3394285714285714,12,176,False,False,False,False
lr,ordinal,0.85,0.4,0.8261520639473451,0.8457142857142858,0.8485714285714285,53,0,0.3394285714285714,59,0,False,False,False,False
lr,none,0.85,0.45,0.6456641387536418,0.6295238095238095,0.5142857142857142,340,170,0.2057142857142857,7,301,False,False,False,False
lr,c_only,0.85,0.45,0.7576828593981655,0.7409523809523809,0.8485714285714285,106,53,0.3394285714285714,7,184,False,False,False,False
lr,ordinal,0.85,0.45,0.8283280478429167,0.8476190476190476,0.8485714285714285,53,0,0.3394285714285714,57,0,False,False,False,False
lr,none,0.85,0.5,0.6335359875034055,0.6190476190476191,0.5142857142857142,340,170,0.2057142857142857,2,311,False,False,False,False
lr,c_only,0.85,0.5,0.7451042605354584,0.7304761904761904,0.8485714285714285,106,53,0.3394285714285714,2,194,False,False,False,False
lr,ordinal,0.85,0.5,0.8315977274284214,0.8504761904761905,0.8485714285714285,53,0,0.3394285714285714,54,0,False,False,False,False
lr,none,0.85,0.55,0.6215256198849307,0.6095238095238095,0.5142857142857142,340,170,0.2057142857142857,0,319,False,False,False,False
lr,c_only,0.85,0.55,0.7327256974312619,0.7209523809523809,0.8485714285714285,106,53,0.3394285714285714,0,202,False,False,False,False
lr,ordinal,0.85,0.55,0.8315977274284214,0.8504761904761905,0.8485714285714285,53,0,0.3394285714285714,54,0,False,False,False,False
lr,none,0.85,0.6,0.609069105134337,0.6,0.5142857142857142,340,170,0.2057142857142857,0,324,False,False,False,False
lr,c_only,0.85,0.6,0.7199314737945812,0.7114285714285714,0.8485714285714285,106,53,0.3394285714285714,0,207,False,False,False,False
lr,ordinal,0.85,0.6,0.8315977274284214,0.8504761904761905,0.8485714285714285,53,0,0.3394285714285714,54,0,False,False,False,False
lr,none,0.85,0.65,0.609069105134337,0.6,0.5142857142857142,340,170,0.2057142857142857,0,324,False,False,False,False
lr,c_only,0.85,0.65,0.7199314737945812,0.7114285714285714,0.8485714285714285,106,53,0.3394285714285714,0,207,False,False,False,False
lr,ordinal,0.85,0.65,0.8315977274284214,0.8504761904761905,0.8485714285714285,53,0,0.3394285714285714,54,0,False,False,False,False
lr,none,0.85,0.7,0.6065188426662625,0.5980952380952381,0.5142857142857142,340,170,0.2057142857142857,0,325,False,False,False,False
lr,c_only,0.85,0.7,0.7173143205213642,0.7095238095238096,0.8485714285714285,106,53,0.3394285714285714,0,208,False,False,False,False
lr,ordinal,0.85,0.7,0.8315977274284214,0.8504761904761905,0.8485714285714285,53,0,0.3394285714285714,54,0,False,False,False,False
lr,none,0.85,0.75,0.5880827794563155,0.5847619047619047,0.5142857142857142,340,170,0.2057142857142857,0,332,False,False,False,False
lr,c_only,0.85,0.75,0.6984159854722543,0.6961904761904761,0.8485714285714285,106,53,0.3394285714285714,0,215,False,False,False,False
lr,ordinal,0.85,0.75,0.8315977274284214,0.8504761904761905,0.8485714285714285,53,0,0.3394285714285714,54,0,False,False,False,False
lr,none,0.85,0.8,0.532166674063805,0.5485714285714286,0.5142857142857142,340,170,0.2057142857142857,0,351,False,False,False,False
lr,c_only,0.85,0.8,0.641295785813193,0.66,0.8485714285714285,106,53,0.3394285714285714,0,234,False,False,False,False
lr,ordinal,0.85,0.8,0.8315977274284214,0.8504761904761905,0.8485714285714285,53,0,0.3394285714285714,54,0,False,False,False,False
lr,none,0.85,0.85,0.509018886292704,0.5352380952380952,0.5142857142857142,340,170,0.2057142857142857,0,358,False,False,False,False
lr,c_only,0.85,0.85,0.617722196265917,0.6466666666666666,0.8485714285714285,106,53,0.3394285714285714,0,241,False,False,False,False
lr,ordinal,0.85,0.85,0.8315977274284214,0.8504761904761905,0.8485714285714285,53,0,0.3394285714285714,54,0,False,False,False,False
lr,none,0.85,0.9,0.4615793923260647,0.5104761904761904,0.5142857142857142,340,170,0.2057142857142857,0,371,False,False,False,False
lr,c_only,0.85,0.9,0.5695160280194057,0.6219047619047618,0.8485714285714285,106,53,0.3394285714285714,0,254,False,False,False,False
lr,ordinal,0.85,0.9,0.8315977274284214,0.8504761904761905,0.8485714285714285,53,0,0.3394285714285714,54,0,False,False,False,False
lr,none,0.9,0.2,0.5586655441017622,0.6085714285714285,0.32571428571428573,417,181,0.13028571428571428,113,264,False,False,False,False
lr,c_only,0.9,0.2,0.7567618315110157,0.7790476190476191,0.8371428571428572,87,30,0.33485714285714285,113,85,False,False,False,False
lr,ordinal,0.9,0.2,0.7560076402877861,0.7980952380952381,0.8371428571428572,57,0,0.33485714285714285,143,0,False,False,False,False
lr,none,0.9,0.25,0.5854886719648412,0.6038095238095238,0.32571428571428573,460,224,0.13028571428571428,58,315,False,False,False,False
lr,c_only,0.9,0.25,0.776734099489007,0.7742857142857144,0.8371428571428572,106,49,0.33485714285714285,58,136,False,False,False,False
lr,ordinal,0.9,0.25,0.7951131104976529,0.8257142857142857,0.8371428571428572,57,0,0.33485714285714285,98,0,False,False,False,False
lr,none,0.9,0.3,0.5836225826063292,0.5857142857142857,0.32571428571428573,471,235,0.13028571428571428,27,342,False,False,False,False
lr,c_only,0.9,0.3,0.7711933701883718,0.7561904761904762,0.8371428571428572,113,56,0.33485714285714285,27,163,False,False,False,False
lr,ordinal,0.9,0.3,0.8092833441973305,0.8314285714285714,0.8371428571428572,57,0,0.33485714285714285,72,0,False,False,False,False
lr,none,0.9,0.35,0.579971097740534,0.579047619047619,0.32571428571428573,472,236,0.13028571428571428,16,352,False,False,False,False
lr,c_only,0.9,0.35,0.7669339996398022,0.7495238095238096,0.8371428571428572,114,57,0.33485714285714285,16,173,False,False,False,False
lr,ordinal,0.9,0.35,0.8186023296260236,0.8390476190476189,0.8371428571428572,57,0,0.33485714285714285,62,0,False,False,False,False
lr,none,0.9,0.4,0.5726471046319659,0.5714285714285715,0.32571428571428573,472,236,0.13028571428571428,12,359,False,False,False,False
lr,c_only,0.9,0.4,0.7591524048703288,0.741904761904762,0.8371428571428572,114,57,0.33485714285714285,12,180,False,False,False,False
lr,ordinal,0.9,0.4,0.8218330051256068,0.8419047619047619,0.8371428571428572,57,0,0.33485714285714285,59,0,False,False,False,False
lr,none,0.9,0.45,0.5679940131749087,0.5666666666666668,0.32571428571428573,472,236,0.13028571428571428,7,367,False,False,False,False
lr,c_only,0.9,0.45,0.7541852328770121,0.7371428571428572,0.8371428571428572,114,57,0.33485714285714285,7,188,False,False,False,False
lr,ordinal,0.9,0.45,0.8239899466823039,0.8438095238095239,0.8371428571428572,57,0,0.33485714285714285,57,0,False,False,False,False
lr,none,0.9,0.5,0.5560354965887381,0.5561904761904762,0.32571428571428573,472,236,0.13028571428571428,2,377,False,False,False,False
lr,c_only,0.9,0.5,0.7416262243550561,0.7266666666666667,0.8371428571428572,114,57,0.33485714285714285,2,198,False,False,False,False
lr,ordinal,0.9,0.5,0.8272305676209069,0.8466666666666667,0.8371428571428572,57,0,0.33485714285714285,54,0,False,False,False,False
lr,none,0.9,0.55,0.5441729892629443,0.5466666666666667,0.32571428571428573,472,236,0.13028571428571428,0,385,False,False,False,False
lr,c_only,0.9,0.55,0.7292631669521086,0.7171428571428571,0.8371428571428572,114,57,0.33485714285714285,0,206,False,False,False,False
lr,ordinal,0.9,0.55,0.8272305676209069,0.8466666666666667,0.8371428571428572,57,0,0.33485714285714285,54,0,False,False,False,False
lr,none,0.9,0.6,0.5318595676504612,0.537142857142857,0.32571428571428573,472,236,0.13028571428571428,0,390,False,False,False,False
lr,c_only,0.9,0.6,0.7164827569182157,0.7076190476190476,0.8371428571428572,114,57,0.33485714285714285,0,211,False,False,False,False
lr,ordinal,0.9,0.6,0.8272305676209069,0.8466666666666667,0.8371428571428572,57,0,0.33485714285714285,54,0,False,False,False,False
lr,none,0.9,0.65,0.5318595676504612,0.537142857142857,0.32571428571428573,472,236,0.13028571428571428,0,390,False,False,False,False
lr,c_only,0.9,0.65,0.7164827569182157,0.7076190476190476,0.8371428571428572,114,57,0.33485714285714285,0,211,False,False,False,False
lr,ordinal,0.9,0.65,0.8272305676209069,0.8466666666666667,0.8371428571428572,57,0,0.33485714285714285,54,0,False,False,False,False
lr,none,0.9,0.7,0.5293376734419984,0.5352380952380953,0.32571428571428573,472,236,0.13028571428571428,0,391,False,False,False,False
lr,c_only,0.9,0.7,0.7138683381797879,0.7057142857142858,0.8371428571428572,114,57,0.33485714285714285,0,212,False,False,False,False
lr,ordinal,0.9,0.7,0.8272305676209069,0.8466666666666667,0.8371428571428572,57,0,0.33485714285714285,54,0,False,False,False,False
lr,none,0.9,0.75,0.5110978903559477,0.521904761904762,0.32571428571428573,472,236,0.13028571428571428,0,398,False,False,False,False
lr,c_only,0.9,0.75,0.6949888869285138,0.6923809523809524,0.8371428571428572,114,57,0.33485714285714285,0,219,False,False,False,False
lr,ordinal,0.9,0.75,0.8272305676209069,0.8466666666666667,0.8371428571428572,57,0,0.33485714285714285,54,0,False,False,False,False
lr,none,0.9,0.8,0.45569496520307884,0.48571428571428577,0.32571428571428573,472,236,0.13028571428571428,0,417,False,False,False,False
lr,c_only,0.9,0.8,0.6379177575611371,0.6561904761904762,0.8371428571428572,114,57,0.33485714285714285,0,238,False,False,False,False
lr,ordinal,0.9,0.8,0.8272305676209069,0.8466666666666667,0.8371428571428572,57,0,0.33485714285714285,54,0,False,False,False,False
lr,none,0.9,0.85,0.4327293279177428,0.4723809523809524,0.32571428571428573,472,236,0.13028571428571428,0,424,False,False,False,False
lr,c_only,0.9,0.85,0.6143614798043691,0.6428571428571429,0.8371428571428572,114,57,0.33485714285714285,0,245,False,False,False,False
lr,ordinal,0.9,0.85,0.8272305676209069,0.8466666666666667,0.8371428571428572,57,0,0.33485714285714285,54,0,False,False,False,False
lr,none,0.9,0.9,0.38561870952731964,0.44761904761904764,0.32571428571428573,472,236,0.13028571428571428,0,437,False,False,False,False
lr,c_only,0.9,0.9,0.5661864277295171,0.6180952380952381,0.8371428571428572,114,57,0.33485714285714285,0,258,False,False,False,False
lr,ordinal,0.9,0.9,0.8272305676209069,0.8466666666666667,0.8371428571428572,57,0,0.33485714285714285,54,0,False,False,False,False
olr,none,0.2,0.2,0.5511157520207294,0.560952380952381,0.8571428571428571,100,50,0.5657142857142857,125,100,False,False,False,False
olr,c_only,0.2,0.2,0.5943677657282652,0.6085714285714285,1.0,0,0,0.6228571428571429,125,50,False,True,False,False
olr,ordinal,0.2,0.2,0.6277220413679796,0.6323809523809524,1.0,0,0,0.6228571428571429,150,0,False,True,True,False
olr,none,0.2,0.25,0.5611349578382545,0.5704761904761905,0.8571428571428571,100,50,0.5657142857142857,115,100,False,False,False,False
olr,c_only,0.2,0.25,0.60461306603418,0.618095238095238,1.0,0,0,0.6228571428571429,115,50,False,True,False,False
olr,ordinal,0.2,0.25,0.6395211943313449,0.6419047619047619,1.0,0,0,0.6228571428571429,140,0,False,True,True,False
olr,none,0.2,0.3,0.5633980394199254,0.5733333333333334,0.8571428571428571,100,50,0.5657142857142857,110,101,False,False,False,False
olr,c_only,0.2,0.3,0.6069193033967116,0.620952380952381,1.0,0,0,0.6228571428571429,110,51,False,True,False,False
olr,ordinal,0.2,0.3,0.6419506418244874,0.6438095238095238,1.0,0,0,0.6228571428571429,136,0,False,True,True,False
olr,none,0.2,0.35,0.5684232632530236,0.5780952380952381,0.8571428571428571,100,50,0.5657142857142857,105,103,False,False,False,False
olr,c_only,0.2,0.35,0.6120433631566334,0.6257142857142858,1.0,0,0,0.6228571428571429,105,53,False,True,False,False
olr,ordinal,0.2,0.35,0.6454837715030703,0.6466666666666666,1.0,0,0,0.6228571428571429,133,0,False,True,True,False
olr,none,0.2,0.4,0.5806335587842515,0.5895238095238096,0.8571428571428571,100,50,0.5657142857142857,93,112,False,False,False,False
olr,c_only,0.2,0.4,0.6244695011408453,0.6371428571428571,1.0,0,0,0.6228571428571429,93,62,False,True,False,False
olr,ordinal,0.2,0.4,0.649022345220373,0.6495238095238095,1.0,0,0,0.6228571428571429,130,0,False,True,True,False
olr,none,0.2,0.45,0.5878828853084123,0.5961904761904763,0.8571428571428571,100,50,0.5657142857142857,86,116,False,False,False,False
olr,c_only,0.2,0.45,0.6318316660170629,0.6438095238095238,1.0,0,0,0.6228571428571429,86,66,False,True,False,False
olr,ordinal,0.2,0.45,0.6525676339346688,0.6523809523809524,1.0,0,0,0.6228571428571429,127,0,False,True,True,False
olr,none,0.2,0.5,0.5889277130999554,0.5971428571428571,0.8571428571428571,100,50,0.5657142857142857,85,117,False,False,False,False
olr,c_only,0.2,0.5,0.6328918681730301,0.6447619047619048,1.0,0,0,0.6228571428571429,85,67,False,True,False,False
olr,ordinal,0.2,0.5,0.6525676339346688,0.6523809523809524,1.0,0,0,0.6228571428571429,127,0,False,True,True,False
olr,none,0.2,0.55,0.5889277130999554,0.5971428571428571,0.8571428571428571,100,50,0.5657142857142857,85,117,False,False,False,False
olr,c_only,0.2,0.55,0.6328918681730301,0.6447619047619048,1.0,0,0,0.6228571428571429,85,67,False,True,False,False
olr,ordinal,0.2,0.55,0.6525676339346688,0.6523809523809524,1.0,0,0,0.6228571428571429,127,0,False,True,True,False
olr,none,0.2,0.6,0.5858817553999763,0.5952380952380952,0.8571428571428571,100,50,0.5657142857142857,85,118,False,False,False,False
olr,c_only,0.2,0.6,0.629786072404189,0.6428571428571429,1.0,0,0,0.6228571428571429,85,68,False,True,False,False
olr,ordinal,0.2,0.6,0.6525676339346688,0.6523809523809524,1.0,0,0,0.6228571428571429,127,0,False,True,True,False
olr,none,0.2,0.65,0.576432028082257,0.5904761904761905,0.8571428571428571,100,50,0.5657142857142857,82,125,False,False,False,False
olr,c_only,0.2,0.65,0.6201453559741011,0.638095238095238,1.0,0,0,0.6228571428571429,82,75,False,True,False,False
olr,ordinal,0.2,0.65,0.6525676339346688,0.6523809523809524,1.0,0,0,0.6228571428571429,127,0,False,True,True,False
olr,none,0.2,0.7,0.5329490333460639,0.5685714285714286,0.8571428571428571,100,50,0.5657142857142857,77,144,False,False,False,False
olr,c_only,0.2,0.7,0.5759434734927719,0.6161904761904763,1.0,0,0,0.6228571428571429,77,94,False,True,False,False
olr,ordinal,0.2,0.7,0.6525676339346688,0.6523809523809524,1.0,0,0,0.6228571428571429,127,0,False,True,True,False
olr,none,0.2,0.75,0.5101670535159698,0.557142857142857,0.8571428571428571,100,50,0.5657142857142857,77,150,False,False,False,False
olr,c_only,0.2,0.75,0.5528367561136277,0.6047619047619047,1.0,0,0,0.6228571428571429,77,100,False,True,False,False
olr,ordinal,0.2,0.75,0.6525676339346688,0.6523809523809524,1.0,0,0,0.6228571428571429,127,0,False,True,True,False
olr,none,0.2,0.8,0.49421934721804345,0.5495238095238095,0.8571428571428571,100,50,0.5657142857142857,77,154,False,False,False,False
olr,c_only,0.2,0.8,0.5366771698659014,0.5971428571428571,1.0,0,0,0.6228571428571429,77,104,False,True,False,False
olr,ordinal,0.2,0.8,0.6525676339346688,0.6523809523809524,1.0,0,0,0.6228571428571429,127,0,False,True,True,False
olr,none,0.2,0.85,0.4860014590256951,0.5457142857142857,0.8571428571428571,100,50,0.5657142857142857,77,156,False,False,False,False
olr,c_only,0.2,0.85,0.5283546938328404,0.5933333333333334,1.0,0,0,0.6228571428571429,77,106,False,True,False,False
olr,ordinal,0.2,0.85,0.6525676339346688,0.6523809523809524,1.0,0,0,0.6228571428571429,127,0,False,True,True,False
olr,none,0.2,0.9,0.4860014590256951,0.5457142857142857,0.8571428571428571,100,50,0.5657142857142857,77,156,False,False,False,False
olr,c_only,0.2,0.9,0.5283546938328404,0.5933333333333334,1.0,0,0,0.6228571428571429,77,106,False,True,False,False
olr,ordinal,0.2,0.9,0.6525676339346688,0.6523809523809524,1.0,0,0,0.6228571428571429,127,0,False,True,True,False
olr,none,0.25,0.2,0.5880819918351676,0.5914285714285714,0.8571428571428571,100,50,0.5291428571428571,123,100,False,False,False,False
olr,c_only,0.25,0.2,0.6316706858250686,0.6390476190476191,1.0,0,0,0.5862857142857143,123,50,False,True,False,False
olr,ordinal,0.25,0.2,0.6576074297692533,0.6628571428571429,1.0,0,0,0.5862857142857143,148,0,False,True,True,False
olr,none,0.25,0.25,0.6005239004151947,0.6028571428571429,0.8571428571428571,100,50,0.5291428571428571,109,100,False,False,False,False
olr,c_only,0.25,0.25,0.6443555653733872,0.6504761904761905,1.0,0,0,0.5862857142857143,109,50,False,True,False,False
olr,ordinal,0.25,0.25,0.6722761440691428,0.6742857142857143,1.0,0,0,0.5862857142857143,134,0,False,True,True,False
olr,none,0.25,0.3,0.5994888062731326,0.6028571428571429,0.8571428571428571,100,50,0.5291428571428571,103,101,False,False,False,False
olr,c_only,0.25,0.3,0.6432573349143453,0.6504761904761905,1.0,0,0,0.5862857142857143,103,51,False,True,False,False
olr,ordinal,0.25,0.3,0.6719280441919677,0.6733333333333333,1.0,0,0,0.5862857142857143,129,0,False,True,True,False
olr,none,0.25,0.35,0.6106677854043374,0.6133333333333333,0.8571428571428571,100,50,0.5291428571428571,90,104,False,False,False,False
olr,c_only,0.25,0.35,0.654606616675712,0.660952380952381,1.0,0,0,0.5862857142857143,90,54,False,True,False,False
olr,ordinal,0.25,0.35,0.6849724284522668,0.6838095238095239,1.0,0,0,0.5862857142857143,118,0,False,True,True,False
olr,none,0.25,0.4,0.6236027323617147,0.6247619047619047,0.8571428571428571,100,50,0.5291428571428571,78,113,False,False,False,False
olr,c_only,0.25,0.4,0.6677254820471173,0.6723809523809523,1.0,0,0,0.5862857142857143,78,63,False,True,False,False
olr,ordinal,0.25,0.4,0.6885488711663336,0.6866666666666666,1.0,0,0,0.5862857142857143,115,0,False,True,True,False
olr,none,0.25,0.45,0.6324372873690277,0.6323809523809524,0.8571428571428571,100,50,0.5291428571428571,70,117,False,False,False,False
olr,c_only,0.25,0.45,0.6766688707705547,0.68,1.0,0,0,0.5862857142857143,70,67,False,True,False,False
olr,ordinal,0.25,0.45,0.693333871111473,0.6904761904761904,1.0,0,0,0.5862857142857143,111,0,False,True,True,False
olr,none,0.25,0.5,0.6279555402103368,0.6295238095238095,0.8571428571428571,100,50,0.5291428571428571,69,120,False,False,False,False
olr,c_only,0.25,0.5,0.6720846409608421,0.677142857142857,1.0,0,0,0.5862857142857143,69,70,False,True,False,False
olr,ordinal,0.25,0.5,0.693333871111473,0.6904761904761904,1.0,0,0,0.5862857142857143,111,0,False,True,True,False
olr,none,0.25,0.55,0.6222716613020172,0.6257142857142858,0.8571428571428571,100,50,0.5291428571428571,69,122,False,False,False,False
olr,c_only,0.25,0.55,0.6662864108845978,0.6733333333333333,1.0,0,0,0.5862857142857143,69,72,False,True,False,False
olr,ordinal,0.25,0.55,0.693333871111473,0.6904761904761904,1.0,0,0,0.5862857142857143,111,0,False,True,True,False
olr,none,0.25,0.6,0.6165014361251332,0.6219047619047618,0.8571428571428571,100,50,0.5291428571428571,69,124,False,False,False,False
olr,c_only,0.25,0.6,0.66040282488405,0.6695238095238095,1.0,0,0,0.5862857142857143,69,74,False,True,False,False
olr,ordinal,0.25,0.6,0.693333871111473,0.6904761904761904,1.0,0,0,0.5862857142857143,111,0,False,True,True,False
olr,none,0.25,0.65,0.6077808161295666,0.6171428571428571,0.8571428571428571,100,50,0.5291428571428571,66,131,False,False,False,False
olr,c_only,0.25,0.65,0.6514974200097764,0.6647619047619048,1.0,0,0,0.5862857142857143,66,81,False,True,False,False
olr,ordinal,0.25,0.65,0.693333871111473,0.6904761904761904,1.0,0,0,0.5862857142857143,111,0,False,True,True,False
olr,none,0.25,0.7,0.5671391993044116,0.5952380952380952,0.8571428571428571,100,50,0.5291428571428571,61,150,False,False,False,False
olr,c_only,0.25,0.7,0.6101685031469811,0.6428571428571429,1.0,0,0,0.5862857142857143,61,100,False,True,False,False
olr,ordinal,0.25,0.7,0.693333871111473,0.6904761904761904,1.0,0,0,0.5862857142857143,111,0,False,True,True,False
olr,none,0.25,0.75,0.5382441698195016,0.58,0.8571428571428571,100,50,0.5291428571428571,61,158,False,False,False,False
olr,c_only,0.25,0.75,0.5808646391883162,0.6276190476190476,1.0,0,0,0.5862857142857143,61,108,False,True,False,False
olr,ordinal,0.25,0.75,0.693333871111473,0.6904761904761904,1.0,0,0,0.5862857142857143,111,0,False,True,True,False
olr,none,0.25,0.8,0.5070441886399238,0.5647619047619048,0.8571428571428571,100,50,0.5291428571428571,61,166,False,False,False,False
olr,c_only,0.25,0.8,0.5492691210645894,0.6123809523809524,1.0,0,0,0.5862857142857143,61,116,False,True,False,False
olr,ordinal,0.25,0.8,0.693333871111473,0.6904761904761904,1.0,0,0,0.5862857142857143,111,0,False,True,True,False
olr,none,0.25,0.85,0.49884585460027836,0.560952380952381,0.8571428571428571,100,50,0.5291428571428571,61,168,False,False,False,False
olr,c_only,0.25,0.85,0.5409739129680021,0.6085714285714285,1.0,0,0,0.5862857142857143,61,118,False,True,False,False
olr,ordinal,0.25,0.85,0.693333871111473,0.6904761904761904,1.0,0,0,0.5862857142857143,111,0,False,True,True,False
olr,none,0.25,0.9,0.49884585460027836,0.560952380952381,0.8571428571428571,100,50,0.5291428571428571,61,168,False,False,False,False
olr,c_only,0.25,0.9,0.5409739129680021,0.6085714285714285,1.0,0,0,0.5862857142857143,61,118,False,True,False,False
olr,ordinal,0.25,0.9,0.693333871111473,0.6904761904761904,1.0,0,0,0.5862857142857143,111,0,False,True,True,False
olr,none,0.3,0.2,0.6306752361798234,0.6323809523809524,0.8571428571428571,100,50,0.472,122,100,False,False,False,False
olr,c_only,0.3,0.2,0.6747946353039093,0.68,1.0,0,0,0.5291428571428571,122,50,False,True,False,False
olr,ordinal,0.3,0.2,0.6931667607765802,0.7038095238095238,1.0,0,0,0.5291428571428571,147,0,False,True,True,False
olr,none,0.3,0.25,0.6556564418194736,0.6542857142857142,0.8571428571428571,100,50,0.472,97,100,False,False,False,False
olr,c_only,0.3,0.25,0.7002217659837525,0.7019047619047619,1.0,0,0,0.5291428571428571,97,50,False,True,False,False
olr,ordinal,0.3,0.25,0.720873889700937,0.7257142857142856,1.0,0,0,0.5291428571428571,122,0,False,True,True,False
olr,none,0.3,0.3,0.6712683324723221,0.6676190476190476,0.8571428571428571,100,50,0.472,75,104,False,False,False,False
olr,c_only,0.3,0.3,0.715940606914966,0.7152380952380953,1.0,0,0,0.5291428571428571,75,54,False,True,False,False
olr,ordinal,0.3,0.3,0.7345524973075883,0.7352380952380951,1.0,0,0,0.5291428571428571,104,0,False,True,True,False
olr,none,0.3,0.35,0.6801205993029055,0.6752380952380953,0.8571428571428571,100,50,0.472,61,109,False,False,False,False
olr,c_only,0.3,0.35,0.724798358344248,0.7228571428571429,1.0,0,0,0.5291428571428571,61,59,False,True,False,False
olr,ordinal,0.3,0.35,0.7487637101439337,0.7466666666666667,1.0,0,0,0.5291428571428571,92,0,False,True,True,False
olr,none,0.3,0.4,0.6938692296490462,0.6866666666666666,0.8571428571428571,100,50,0.472,49,118,False,False,False,False
olr,c_only,0.3,0.4,0.7386770676882994,0.7342857142857143,1.0,0,0,0.5291428571428571,49,68,False,True,False,False
olr,ordinal,0.3,0.4,0.7523459278352913,0.7495238095238096,1.0,0,0,0.5291428571428571,89,0,False,True,True,False
olr,none,0.3,0.45,0.7008704876060986,0.6923809523809523,0.8571428571428571,100,50,0.472,41,123,False,False,False,False
olr,c_only,0.3,0.45,0.7456984104832332,0.7399999999999999,1.0,0,0,0.5291428571428571,41,73,False,True,False,False
olr,ordinal,0.3,0.45,0.7571442644041801,0.7533333333333333,1.0,0,0,0.5291428571428571,85,0,False,True,True,False
olr,none,0.3,0.5,0.6792784367246733,0.6761904761904761,0.8571428571428571,100,50,0.472,40,133,False,False,False,False
olr,c_only,0.3,0.5,0.7236249925413807,0.7238095238095238,1.0,0,0,0.5291428571428571,40,83,False,True,False,False
olr,ordinal,0.3,0.5,0.7571442644041801,0.7533333333333333,1.0,0,0,0.5291428571428571,85,0,False,True,True,False
olr,none,0.3,0.55,0.6659902436464904,0.6666666666666666,0.8571428571428571,100,50,0.472,40,138,False,False,False,False
olr,c_only,0.3,0.55,0.7100721794093451,0.7142857142857143,1.0,0,0,0.5291428571428571,40,88,False,True,False,False
olr,ordinal,0.3,0.55,0.7571442644041801,0.7533333333333333,1.0,0,0,0.5291428571428571,85,0,False,True,True,False
olr,none,0.3,0.6,0.6577837403352104,0.6609523809523808,0.8571428571428571,100,50,0.472,40,141,False,False,False,False
olr,c_only,0.3,0.6,0.7017094867577889,0.7085714285714285,1.0,0,0,0.5291428571428571,40,91,False,True,False,False
olr,ordinal,0.3,0.6,0.7571442644041801,0.7533333333333333,1.0,0,0,0.5291428571428571,85,0,False,True,True,False
olr,none,0.3,0.65,0.6496792200613438,0.6561904761904761,0.8571428571428571,100,50,0.472,37,148,False,False,False,False
olr,c_only,0.3,0.65,0.6934287163238859,0.7038095238095238,1.0,0,0,0.5291428571428571,37,98,False,True,False,False
olr,ordinal,0.3,0.65,0.7571442644041801,0.7533333333333333,1.0,0,0,0.5291428571428571,85,0,False,True,True,False
olr,none,0.3,0.7,0.6115607409481895,0.6342857142857143,0.8571428571428571,100,50,0.472,32,167,False,False,False,False
olr,c_only,0.3,0.7,0.6546677527076779,0.6819047619047619,1.0,0,0,0.5291428571428571,32,117,False,True,False,False
olr,ordinal,0.3,0.7,0.7571442644041801,0.7533333333333333,1.0,0,0,0.5291428571428571,85,0,False,True,True,False
olr,none,0.3,0.75,0.5624983860587512,0.6076190476190476,0.8571428571428571,100,50,0.472,32,181,False,False,False,False
olr,c_only,0.3,0.75,0.6049537996817577,0.6552380952380953,1.0,0,0,0.5291428571428571,32,131,False,True,False,False
olr,ordinal,0.3,0.75,0.7571442644041801,0.7533333333333333,1.0,0,0,0.5291428571428571,85,0,False,True,True,False
olr,none,0.3,0.8,0.5313845496502418,0.5923809523809523,0.8571428571428571,100,50,0.472,32,189,False,False,False,False
olr,c_only,0.3,0.8,0.573483195135252,0.64,1.0,0,0,0.5291428571428571,32,139,False,True,False,False
olr,ordinal,0.3,0.8,0.7571442644041801,0.7533333333333333,1.0,0,0,0.5291428571428571,85,0,False,True,True,False
olr,none,0.3,0.85,0.523206941745379,0.5885714285714285,0.8571428571428571,100,50,0.472,32,191,False,False,False,False
olr,c_only,0.3,0.85,0.5652180931258132,0.6361904761904762,1.0,0,0,0.5291428571428571,32,141,False,True,False,False
olr,ordinal,0.3,0.85,0.7571442644041801,0.7533333333333333,1.0,0,0,0.5291428571428571,85,0,False,True,True,False
olr,none,0.3,0.9,0.523206941745379,0.5885714285714285,0.8571428571428571,100,50,0.472,32,191,False,False,False,False
olr,c_only,0.3,0.9,0.5652180931258132,0.6361904761904762,1.0,0,0,0.5291428571428571,32,141,False,True,False,False
olr,ordinal,0.3,0.9,0.7571442644041801,0.7533333333333333,1.0,0,0,0.5291428571428571,85,0,False,True,True,False
olr,none,0.35,0.2,0.6687197186487411,0.6723809523809523,0.8542857142857143,101,50,0.41485714285714287,117,100,False,False,False,False
olr,c_only,0.35,0.2,0.7134387517177773,0.7200000000000001,0.9971428571428571,1,0,0.472,117,50,False,True,False,False
olr,ordinal,0.35,0.2,0.7274534977248189,0.7438095238095238,0.9971428571428571,1,0,0.472,142,0,False,True,True,False
olr,none,0.35,0.25,0.6941933612946581,0.6942857142857143,0.8542857142857143,101,50,0.41485714285714287,88,100,False,False,False,False
olr,c_only,0.35,0.25,0.7392772641791513,0.741904761904762,0.9971428571428571,1,0,0.472,88,50,False,True,False,False
olr,ordinal,0.35,0.25,0.7557818226797876,0.7657142857142857,0.9971428571428571,1,0,0.472,113,0,False,True,True,False
olr,none,0.35,0.3,0.7244569742645813,0.7190476190476192,0.8542857142857143,102,51,0.41485714285714287,46,106,False,False,False,False
olr,c_only,0.35,0.3,0.7695589715775539,0.7666666666666666,0.9971428571428571,2,1,0.472,46,56,False,False,False,False
olr,ordinal,0.35,0.3,0.7839812521019606,0.7857142857142856,0.9971428571428571,1,0,0.472,76,0,False,True,True,False
olr,none,0.35,0.35,0.7286105279464866,0.7219047619047618,0.8542857142857143,102,51,0.41485714285714287,31,114,False,False,False,False
olr,c_only,0.35,0.35,0.773523174992515,0.7695238095238096,0.9971428571428571,2,1,0.472,31,64,False,False,False,False
olr,ordinal,0.35,0.35,0.798960231026066,0.7980952380952381,0.9971428571428571,1,0,0.472,63,0,False,True,True,False
olr,none,0.35,0.4,0.7333816766129915,0.7257142857142856,0.8542857142857143,102,51,0.41485714285714287,19,127,False,False,False,False
olr,c_only,0.35,0.4,0.7781770487073044,0.7733333333333334,0.9971428571428571,2,1,0.472,19,77,False,False,False,False
olr,ordinal,0.35,0.4,0.8024551958185416,0.800952380952381,0.9971428571428571,1,0,0.472,60,0,False,True,True,False
olr,none,0.35,0.45,0.7380514330103439,0.7295238095238096,0.8542857142857143,102,51,0.41485714285714287,11,133,False,False,False,False
olr,c_only,0.35,0.45,0.7827983381968214,0.7771428571428571,0.9971428571428571,2,1,0.472,11,83,False,False,False,False
olr,ordinal,0.35,0.45,0.8071411091398057,0.8047619047619049,0.9971428571428571,1,0,0.472,56,0,False,True,True,False
olr,none,0.35,0.5,0.7071438405950117,0.7057142857142858,0.8542857142857143,102,51,0.41485714285714287,10,147,False,False,False,False
olr,c_only,0.35,0.5,0.7512539484833795,0.7533333333333333,0.9971428571428571,2,1,0.472,10,97,False,False,False,False
olr,ordinal,0.35,0.5,0.8071411091398057,0.8047619047619049,0.9971428571428571,1,0,0.472,56,0,False,True,True,False
olr,none,0.35,0.55,0.6940135202420087,0.6961904761904761,0.8542857142857143,102,51,0.41485714285714287,10,152,False,False,False,False
olr,c_only,0.35,0.55,0.7378847703007217,0.7438095238095238,0.9971428571428571,2,1,0.472,10,102,False,False,False,False
olr,ordinal,0.35,0.55,0.8071411091398057,0.8047619047619049,0.9971428571428571,1,0,0.472,56,0,False,True,True,False
olr,none,0.35,0.6,0.6859038914328498,0.6904761904761904,0.8542857142857143,102,51,0.41485714285714287,10,155,False,False,False,False
olr,c_only,0.35,0.6,0.7296340126478743,0.7380952380952381,0.9971428571428571,2,1,0.472,10,105,False,False,False,False
olr,ordinal,0.35,0.6,0.8071411091398057,0.8047619047619049,0.9971428571428571,1,0,0.472,56,0,False,True,True,False
olr,none,0.35,0.65,0.6749801227457338,0.6838095238095239,0.8542857142857143,102,51,0.41485714285714287,7,163,False,False,False,False
olr,c_only,0.35,0.65,0.7185004780595384,0.7314285714285713,0.9971428571428571,2,1,0.472,7,113,False,False,False,False
olr,ordinal,0.35,0.65,0.8071411091398057,0.8047619047619049,0.9971428571428571,1,0,0.472,56,0,False,True,True,False
olr,none,0.35,0.7,0.6368215445281429,0.6619047619047619,0.8542857142857143,102,51,0.41485714285714287,2,182,False,False,False,False
olr,c_only,0.35,0.7,0.6797549072655803,0.7095238095238096,0.9971428571428571,2,1,0.472,2,132,False,False,False,False
olr,ordinal,0.35,0.7,0.8071411091398057,0.8047619047619049,0.9971428571428571,1,0,0.472,56,0,False,True,True,False
olr,none,0.35,0.75,0.5879063979927225,0.6352380952380953,0.8542857142857143,102,51,0.41485714285714287,2,196,False,False,False,False
olr,c_only,0.35,0.75,0.6302494975765928,0.6828571428571428,0.9971428571428571,2,1,0.472,2,146,False,False,False,False
olr,ordinal,0.35,0.75,0.8071411091398057,0.8047619047619049,0.9971428571428571,1,0,0.472,56,0,False,True,True,False
olr,none,0.35,0.8,0.5568702910190825,0.62,0.8542857142857143,102,51,0.41485714285714287,2,204,False,False,False,False
olr,c_only,0.35,0.8,0.5988893633324256,0.6676190476190476,0.9971428571428571,2,1,0.472,2,154,False,False,False,False
olr,ordinal,0.35,0.8,0.8071411091398057,0.8047619047619049,0.9971428571428571,1,0,0.472,56,0,False,True,True,False
olr,none,0.35,0.85,0.5487114237956242,0.6161904761904763,0.8542857142857143,102,51,0.41485714285714287,2,206,False,False,False,False
olr,c_only,0.35,0.85,0.5906509392747925,0.6638095238095238,0.9971428571428571,2,1,0.472,2,156,False,False,False,False
olr,ordinal,0.35,0.85,0.8071411091398057,0.8047619047619049,0.9971428571428571,1,0,0.472,56,0,False,True,True,False
olr,none,0.35,0.9,0.5487114237956242,0.6161904761904763,0.8542857142857143,102,51,0.41485714285714287,2,206,False,False,False,False
olr,c_only,0.35,0.9,0.5906509392747925,0.6638095238095238,0.9971428571428571,2,1,0.472,2,156,False,False,False,False
olr,ordinal,0.35,0.9,0.8071411091398057,0.8047619047619049,0.9971428571428571,1,0,0.472,56,0,False,True,True,False
olr,none,0.4,0.2,0.6983459537519016,0.7057142857142856,0.84,106,50,0.38057142857142856,115,100,False,False,False,False
olr,c_only,0.4,0.2,0.7433997615820673,0.7533333333333333,0.9828571428571429,6,0,0.4377142857142857,115,50,False,True,False,False
olr,ordinal,0.4,0.2,0.7538724359825664,0.7771428571428571,0.9828571428571429,6,0,0.4377142857142857,140,0,False,True,True,False
olr,none,0.4,0.25,0.7166769377964949,0.7180952380952381,0.84,106,50,0.38057142857142856,86,100,False,False,False,False
olr,c_only,0.4,0.25,0.7618035702267618,0.7657142857142857,0.9828571428571429,6,0,0.4377142857142857,86,50,False,True,False,False
olr,ordinal,0.4,0.25,0.7751331587607813,0.7895238095238094,0.9828571428571429,6,0,0.4377142857142857,111,0,False,True,True,False
olr,none,0.4,0.3,0.7424014188601804,0.7352380952380951,0.84,111,55,0.38057142857142856,44,112,False,False,False,False
olr,c_only,0.4,0.3,0.7871531517763457,0.7828571428571429,0.9828571428571429,11,5,0.4377142857142857,44,62,False,False,False,False
olr,ordinal,0.4,0.3,0.8010927281300145,0.8057142857142857,0.9828571428571429,6,0,0.4377142857142857,74,0,False,True,True,False
olr,none,0.4,0.35,0.7480704710735067,0.7380952380952381,0.84,112,56,0.38057142857142856,29,121,False,False,False,False
olr,c_only,0.4,0.35,0.7926138001268183,0.7857142857142857,0.9828571428571429,12,6,0.4377142857142857,29,71,False,False,False,False
olr,ordinal,0.4,0.35,0.8161133197257926,0.8180952380952382,0.9828571428571429,6,0,0.4377142857142857,61,0,False,True,True,False
olr,none,0.4,0.4,0.7452506978771042,0.7342857142857143,0.84,112,56,0.38057142857142856,17,138,False,False,False,False
olr,c_only,0.4,0.4,0.789508385079715,0.7819047619047619,0.9828571428571429,12,6,0.4377142857142857,17,88,False,False,False,False
olr,ordinal,0.4,0.4,0.8196164672191455,0.8209523809523809,0.9828571428571429,6,0,0.4377142857142857,58,0,False,True,True,False
olr,none,0.4,0.45,0.7458000385054432,0.7342857142857143,0.84,112,56,0.38057142857142856,9,146,False,False,False,False
olr,c_only,0.4,0.45,0.7899314220155245,0.781904761904762,0.9828571428571429,12,6,0.4377142857142857,9,96,False,False,False,False
olr,ordinal,0.4,0.45,0.8243121952687633,0.8247619047619047,0.9828571428571429,6,0,0.4377142857142857,54,0,False,True,True,False
olr,none,0.4,0.5,0.7160610347595902,0.7104761904761904,0.84,112,56,0.38057142857142856,8,160,False,False,False,False
olr,c_only,0.4,0.5,0.7596140376091873,0.758095238095238,0.9828571428571429,12,6,0.4377142857142857,8,110,False,False,False,False
olr,ordinal,0.4,0.5,0.8243121952687633,0.8247619047619047,0.9828571428571429,6,0,0.4377142857142857,54,0,False,True,True,False
olr,none,0.4,0.55,0.7034120647103931,0.7009523809523809,0.84,112,56,0.38057142857142856,8,165,False,False,False,False
olr,c_only,0.4,0.55,0.7467473291127457,0.7485714285714286,0.9828571428571429,12,6,0.4377142857142857,8,115,False,False,False,False
olr,ordinal,0.4,0.55,0.8243121952687633,0.8247619047619047,0.9828571428571429,6,0,0.4377142857142857,54,0,False,True,True,False
olr,none,0.4,0.6,0.6956025710440171,0.6952380952380951,0.84,112,56,0.38057142857142856,8,168,False,False,False,False
olr,c_only,0.4,0.6,0.7388091211410162,0.7428571428571429,0.9828571428571429,12,6,0.4377142857142857,8,118,False,False,False,False
olr,ordinal,0.4,0.6,0.8243121952687633,0.8247619047619047,0.9828571428571429,6,0,0.4377142857142857,54,0,False,True,True,False
olr,none,0.4,0.65,0.6740841537168053,0.6809523809523809,0.84,112,56,0.38057142857142856,5,180,False,False,False,False
olr,c_only,0.4,0.65,0.7169372619813718,0.7285714285714286,0.9828571428571429,12,6,0.4377142857142857,5,130,False,False,False,False
olr,ordinal,0.4,0.65,0.8243121952687633,0.8247619047619047,0.9828571428571429,6,0,0.4377142857142857,54,0,False,True,True,False
olr,none,0.4,0.7,0.6361884676456163,0.6590476190476191,0.84,112,56,0.38057142857142856,0,199,False,False,False,False
olr,c_only,0.4,0.7,0.6785200699374415,0.7066666666666667,0.9828571428571429,12,6,0.4377142857142857,0,149,False,False,False,False
olr,ordinal,0.4,0.7,0.8243121952687633,0.8247619047619047,0.9828571428571429,6,0,0.4377142857142857,54,0,False,True,True,False
olr,none,0.4,0.75,0.5875555538805904,0.6323809523809524,0.84,112,56,0.38057142857142856,0,213,False,False,False,False
olr,c_only,0.4,0.75,0.6293542401148131,0.68,0.9828571428571429,12,6,0.4377142857142857,0,163,False,False,False,False
olr,ordinal,0.4,0.75,0.8243121952687633,0.8247619047619047,0.9828571428571429,6,0,0.4377142857142857,54,0,False,True,True,False
olr,none,0.4,0.8,0.5566744946239838,0.6171428571428571,0.84,112,56,0.38057142857142856,0,221,False,False,False,False
olr,c_only,0.4,0.8,0.5981802205933359,0.6647619047619048,0.9828571428571429,12,6,0.4377142857142857,0,171,False,False,False,False
olr,ordinal,0.4,0.8,0.8243121952687633,0.8247619047619047,0.9828571428571429,6,0,0.4377142857142857,54,0,False,True,True,False
olr,none,0.4,0.85,0.5485537077038565,0.6133333333333333,0.84,112,56,0.38057142857142856,0,223,False,False,False,False
olr,c_only,0.4,0.85,0.5899874592100275,0.660952380952381,0.9828571428571429,12,6,0.4377142857142857,0,173,False,False,False,False
olr,ordinal,0.4,0.85,0.8243121952687633,0.8247619047619047,0.9828571428571429,6,0,0.4377142857142857,54,0,False,True,True,False
olr,none,0.4,0.9,0.5485537077038565,0.6133333333333333,0.84,112,56,0.38057142857142856,0,223,False,False,False,False
olr,c_only,0.4,0.9,0.5899874592100275,0.660952380952381,0.9828571428571429,12,6,0.4377142857142857,0,173,False,False,False,False
olr,ordinal,0.4,0.9,0.8243121952687633,0.8247619047619047,0.9828571428571429,6,0,0.4377142857142857,54,0,False,True,True,False
olr,none,0.45,0.2,0.720489573185337,0.7342857142857143,0.8171428571428572,114,50,0.3497142857142857,115,100,False,False,False,False
olr,c_only,0.45,0.2,0.7662731949334588,0.7819047619047619,0.96,14,0,0.40685714285714286,115,50,False,True,False,False
olr,ordinal,0.45,0.2,0.7738363311006413,0.8057142857142857,0.96,14,0,0.40685714285714286,140,0,False,True,True,False
olr,none,0.45,0.25,0.7376946679623261,0.7428571428571429,0.8171428571428572,117,53,0.3497142857142857,86,103,False,False,False,False
olr,c_only,0.45,0.25,0.7832698577626456,0.7904761904761904,0.96,17,3,0.40685714285714286,86,53,False,False,False,False
olr,ordinal,0.45,0.25,0.7931985748712762,0.8142857142857144,0.96,14,0,0.40685714285714286,111,0,False,True,True,False
olr,none,0.45,0.3,0.7444028752334924,0.7352380952380951,0.8171428571428572,127,63,0.3497142857142857,44,133,False,False,False,False
olr,c_only,0.45,0.3,0.788757995667916,0.7828571428571429,0.96,27,13,0.40685714285714286,44,83,False,False,False,False
olr,ordinal,0.45,0.3,0.8204484117323236,0.8304761904761905,0.96,14,0,0.40685714285714286,74,0,False,True,True,False
olr,none,0.45,0.35,0.7446481945464827,0.7323809523809524,0.8171428571428572,128,64,0.3497142857142857,29,145,False,False,False,False
olr,c_only,0.45,0.35,0.7887040715921638,0.7799999999999999,0.96,28,14,0.40685714285714286,29,95,False,False,False,False
olr,ordinal,0.45,0.35,0.835511271266668,0.8428571428571429,0.96,14,0,0.40685714285714286,61,0,False,True,True,False
olr,none,0.45,0.4,0.7420907263559742,0.7285714285714286,0.8171428571428572,128,64,0.3497142857142857,17,162,False,False,False,False
olr,c_only,0.45,0.4,0.7859089965442162,0.7761904761904761,0.96,28,14,0.40685714285714286,17,112,False,False,False,False
olr,ordinal,0.45,0.4,0.8390195836925729,0.8457142857142858,0.96,14,0,0.40685714285714286,58,0,False,True,True,False
olr,none,0.45,0.45,0.7427817076246646,0.7285714285714286,0.8171428571428572,128,64,0.3497142857142857,9,170,False,False,False,False
olr,c_only,0.45,0.45,0.7864985507944718,0.7761904761904761,0.96,28,14,0.40685714285714286,9,120,False,False,False,False
olr,ordinal,0.45,0.45,0.8437191912730237,0.8495238095238095,0.96,14,0,0.40685714285714286,54,0,False,True,True,False
olr,none,0.45,0.5,0.7135234887913734,0.7047619047619048,0.8171428571428572,128,64,0.3497142857142857,8,184,False,False,False,False
olr,c_only,0.45,0.5,0.7567166825430282,0.7523809523809524,0.96,28,14,0.40685714285714286,8,134,False,False,False,False
olr,ordinal,0.45,0.5,0.8437191912730237,0.8495238095238095,0.96,14,0,0.40685714285714286,54,0,False,True,True,False
olr,none,0.45,0.55,0.7010658308729778,0.6952380952380951,0.8171428571428572,128,64,0.3497142857142857,8,189,False,False,False,False
olr,c_only,0.45,0.55,0.7440610800384171,0.7428571428571429,0.96,28,14,0.40685714285714286,8,139,False,False,False,False
olr,ordinal,0.45,0.55,0.8437191912730237,0.8495238095238095,0.96,14,0,0.40685714285714286,54,0,False,True,True,False
olr,none,0.45,0.6,0.6907711794509249,0.6876190476190476,0.8171428571428572,128,64,0.3497142857142857,8,193,False,False,False,False
olr,c_only,0.45,0.6,0.7336106174140414,0.7352380952380951,0.96,28,14,0.40685714285714286,8,143,False,False,False,False
olr,ordinal,0.45,0.6,0.8437191912730237,0.8495238095238095,0.96,14,0,0.40685714285714286,54,0,False,True,True,False
olr,none,0.45,0.65,0.6694154351999723,0.6733333333333333,0.8171428571428572,128,64,0.3497142857142857,5,205,False,False,False,False
olr,c_only,0.45,0.65,0.7119387675242527,0.7209523809523809,0.96,28,14,0.40685714285714286,5,155,False,False,False,False
olr,ordinal,0.45,0.65,0.8437191912730237,0.8495238095238095,0.96,14,0,0.40685714285714286,54,0,False,True,True,False
olr,none,0.45,0.7,0.6317600515636274,0.6514285714285715,0.8171428571428572,128,64,0.3497142857142857,0,224,False,False,False,False
olr,c_only,0.45,0.7,0.67381658559601,0.699047619047619,0.96,28,14,0.40685714285714286,0,174,False,False,False,False
olr,ordinal,0.45,0.7,0.8437191912730237,0.8495238095238095,0.96,14,0,0.40685714285714286,54,0,False,True,True,False
olr,none,0.45,0.75,0.5833787784403578,0.6247619047619047,0.8171428571428572,128,64,0.3497142857142857,0,238,False,False,False,False
olr,c_only,0.45,0.75,0.6249501718704659,0.6723809523809523,0.96,28,14,0.40685714285714286,0,188,False,False,False,False
olr,ordinal,0.45,0.75,0.8437191912730237,0.8495238095238095,0.96,14,0,0.40685714285714286,54,0,False,True,True,False
olr,none,0.45,0.8,0.5526362893982154,0.6095238095238095,0.8171428571428572,128,64,0.3497142857142857,0,246,False,False,False,False
olr,c_only,0.45,0.8,0.5939406686899252,0.6571428571428571,0.96,28,14,0.40685714285714286,0,196,False,False,False,False
olr,ordinal,0.45,0.8,0.8437191912730237,0.8495238095238095,0.96,14,0,0.40685714285714286,54,0,False,True,True,False
olr,none,0.45,0.85,0.544549572263949,0.6057142857142858,0.8171428571428572,128,64,0.3497142857142857,0,248,False,False,False,False
olr,c_only,0.45,0.85,0.5857883167023626,0.6533333333333333,0.96,28,14,0.40685714285714286,0,198,False,False,False,False
olr,ordinal,0.45,0.85,0.8437191912730237,0.8495238095238095,0.96,14,0,0.40685714285714286,54,0,False,True,True,False
olr,none,0.45,0.9,0.544549572263949,0.6057142857142858,0.8171428571428572,128,64,0.3497142857142857,0,248,False,False,False,False
olr,c_only,0.45,0.9,0.5857883167023626,0.6533333333333333,0.96,28,14,0.40685714285714286,0,198,False,False,False,False
olr,ordinal,0.45,0.9,0.8437191912730237,0.8495238095238095,0.96,14,0,0.40685714285714286,54,0,False,True,True,False
olr,none,0.5,0.2,0.738682528339214,0.7599999999999999,0.7914285714285715,127,54,0.31885714285714284,115,105,False,False,False,False
olr,c_only,0.5,0.2,0.7860471333022748,0.8085714285714286,0.9371428571428572,26,4,0.37714285714285717,115,54,False,False,False,False
olr,ordinal,0.5,0.2,0.7911384162882711,0.8323809523809524,0.9371428571428572,22,0,0.37714285714285717,140,0,False,False,False,False
olr,none,0.5,0.25,0.7581323561039586,0.7685714285714286,0.7914285714285715,134,61,0.31885714285714284,86,112,False,False,False,False
olr,c_only,0.5,0.25,0.8051603227385821,0.8171428571428572,0.9371428571428572,33,11,0.37714285714285717,86,61,False,False,False,False
olr,ordinal,0.5,0.25,0.8114027329375316,0.8409523809523809,0.9371428571428572,22,0,0.37714285714285717,111,0,False,False,False,False
olr,none,0.5,0.3,0.7513148425371501,0.7400000000000001,0.7914285714285715,145,72,0.31885714285714284,44,153,False,False,False,False
olr,c_only,0.5,0.3,0.7964807560134917,0.7885714285714286,0.9371428571428572,43,21,0.37714285714285717,44,102,False,False,False,False
olr,ordinal,0.5,0.3,0.8396920212383976,0.8571428571428572,0.9371428571428572,22,0,0.37714285714285717,74,0,False,False,False,False
olr,none,0.5,0.35,0.741017321644303,0.7257142857142856,0.7914285714285715,146,73,0.31885714285714284,29,171,False,False,False,False
olr,c_only,0.5,0.35,0.7856700022666409,0.7742857142857144,0.9371428571428572,44,22,0.37714285714285717,29,120,False,False,False,False
olr,ordinal,0.5,0.35,0.8547506164908838,0.8695238095238095,0.9371428571428572,22,0,0.37714285714285717,61,0,False,False,False,False
olr,none,0.5,0.4,0.7387004873072985,0.7219047619047619,0.7914285714285715,146,73,0.31885714285714284,17,188,False,False,False,False
olr,c_only,0.5,0.4,0.7831516895839248,0.7704761904761904,0.9371428571428572,44,22,0.37714285714285717,17,137,False,False,False,False
olr,ordinal,0.5,0.4,0.8582531387933242,0.8723809523809525,0.9371428571428572,22,0,0.37714285714285717,58,0,False,False,False,False
olr,none,0.5,0.45,0.7395215829948686,0.7219047619047619,0.7914285714285715,146,73,0.31885714285714284,9,196,False,False,False,False
olr,c_only,0.5,0.45,0.7838904328135454,0.7704761904761904,0.9371428571428572,44,22,0.37714285714285717,9,145,False,False,False,False
olr,ordinal,0.5,0.45,0.8629419315507728,0.8761904761904762,0.9371428571428572,22,0,0.37714285714285717,54,0,False,False,False,False
olr,none,0.5,0.5,0.7107178604791612,0.6980952380952381,0.7914285714285715,146,73,0.31885714285714284,8,210,False,False,False,False
olr,c_only,0.5,0.5,0.7546007559650366,0.7466666666666667,0.9371428571428572,44,22,0.37714285714285717,8,159,False,False,False,False
olr,ordinal,0.5,0.5,0.8629419315507728,0.8761904761904762,0.9371428571428572,22,0,0.37714285714285717,54,0,False,False,False,False
olr,none,0.5,0.55,0.6959330738759082,0.6866666666666666,0.7914285714285715,146,73,0.31885714285714284,8,216,False,False,False,False
olr,c_only,0.5,0.55,0.7395950454773984,0.7352380952380951,0.9371428571428572,44,22,0.37714285714285717,8,165,False,False,False,False
olr,ordinal,0.5,0.55,0.8629419315507728,0.8761904761904762,0.9371428571428572,22,0,0.37714285714285717,54,0,False,False,False,False
olr,none,0.5,0.6,0.6857118453026381,0.679047619047619,0.7914285714285715,146,73,0.31885714285714284,8,220,False,False,False,False
olr,c_only,0.5,0.6,0.7292290829375229,0.7276190476190476,0.9371428571428572,44,22,0.37714285714285717,8,169,False,False,False,False
olr,ordinal,0.5,0.6,0.8629419315507728,0.8761904761904762,0.9371428571428572,22,0,0.37714285714285717,54,0,False,False,False,False
olr,none,0.5,0.65,0.6645021901990489,0.6647619047619048,0.7914285714285715,146,73,0.31885714285714284,5,232,False,False,False,False
olr,c_only,0.5,0.65,0.7077296301645094,0.7133333333333334,0.9371428571428572,44,22,0.37714285714285717,5,181,False,False,False,False
olr,ordinal,0.5,0.65,0.8629419315507728,0.8761904761904762,0.9371428571428572,22,0,0.37714285714285717,54,0,False,False,False,False
olr,none,0.5,0.7,0.6270627450483602,0.6428571428571429,0.7914285714285715,146,73,0.31885714285714284,0,251,False,False,False,False
olr,c_only,0.5,0.7,0.6698619501686638,0.6914285714285714,0.9371428571428572,44,22,0.37714285714285717,0,200,False,False,False,False
olr,ordinal,0.5,0.7,0.8629419315507728,0.8761904761904762,0.9371428571428572,22,0,0.37714285714285717,54,0,False,False,False,False
olr,none,0.5,0.75,0.5789114906761966,0.6161904761904763,0.7914285714285715,146,73,0.31885714285714284,0,265,False,False,False,False
olr,c_only,0.5,0.75,0.6212581474794835,0.6647619047619048,0.9371428571428572,44,22,0.37714285714285717,0,214,False,False,False,False
olr,ordinal,0.5,0.75,0.8629419315507728,0.8761904761904762,0.9371428571428572,22,0,0.37714285714285717,54,0,False,False,False,False
olr,none,0.5,0.8,0.5482958032808481,0.600952380952381,0.7914285714285715,146,73,0.31885714285714284,0,273,False,False,False,False
olr,c_only,0.5,0.8,0.5903931108255426,0.6495238095238095,0.9371428571428572,44,22,0.37714285714285717,0,222,False,False,False,False
olr,ordinal,0.5,0.8,0.8629419315507728,0.8761904761904762,0.9371428571428572,22,0,0.37714285714285717,54,0,False,False,False,False
olr,none,0.5,0.85,0.5402402775863788,0.5971428571428571,0.7914285714285715,146,73,0.31885714285714284,0,275,False,False,False,False
olr,c_only,0.5,0.85,0.5822762624602914,0.6457142857142858,0.9371428571428572,44,22,0.37714285714285717,0,224,False,False,False,False
olr,ordinal,0.5,0.85,0.8629419315507728,0.8761904761904762,0.9371428571428572,22,0,0.37714285714285717,54,0,False,False,False,False
olr,none,0.5,0.9,0.5402402775863788,0.5971428571428571,0.7914285714285715,146,73,0.31885714285714284,0,275,False,False,False,False
olr,c_only,0.5,0.9,0.5822762624602914,0.6457142857142858,0.9371428571428572,44,22,0.37714285714285717,0,224,False,False,False,False
olr,ordinal,0.5,0.9,0.8629419315507728,0.8761904761904762,0.9371428571428572,22,0,0.37714285714285717,54,0,False,False,False,False
olr,none,0.55,0.2,0.7288824401937508,0.7523809523809524,0.7571428571428571,139,54,0.3028571428571429,115,114,False,False,False,False
olr,c_only,0.55,0.2,0.786072350444711,0.8095238095238096,0.9285714285714286,29,4,0.37142857142857144,115,54,False,False,False,False
olr,ordinal,0.55,0.2,0.7909974871626789,0.8333333333333334,0.9285714285714286,25,0,0.37142857142857144,140,0,False,False,False,False
olr,none,0.55,0.25,0.749139626714319,0.7609523809523809,0.7571428571428571,154,69,0.3028571428571429,86,124,False,False,False,False
olr,c_only,0.55,0.25,0.8055909293434244,0.8180952380952382,0.9285714285714286,39,14,0.37142857142857144,86,64,False,False,False,False
olr,ordinal,0.55,0.25,0.8112530705365453,0.8419047619047619,0.9285714285714286,25,0,0.37142857142857144,111,0,False,False,False,False
olr,none,0.55,0.3,0.7406474195861176,0.7285714285714286,0.7571428571428571,169,84,0.3028571428571429,44,167,False,False,False,False
olr,c_only,0.55,0.3,0.794112735821089,0.7857142857142857,0.9285714285714286,49,24,0.37142857142857144,44,107,False,False,False,False
olr,ordinal,0.55,0.3,0.8394788000184633,0.8580952380952381,0.9285714285714286,25,0,0.37142857142857144,74,0,False,False,False,False
olr,none,0.55,0.35,0.730466312298597,0.7142857142857143,0.7571428571428571,170,85,0.3028571428571429,29,185,False,False,False,False
olr,c_only,0.55,0.35,0.7833592497724311,0.7714285714285714,0.9285714285714286,50,25,0.37142857142857144,29,125,False,False,False,False
olr,ordinal,0.55,0.35,0.8544572993243588,0.8704761904761904,0.9285714285714286,25,0,0.37142857142857144,61,0,False,False,False,False
olr,none,0.55,0.4,0.7281925847110035,0.7104761904761906,0.7571428571428571,170,85,0.3028571428571429,17,202,False,False,False,False
olr,c_only,0.55,0.4,0.7808641688458661,0.7676190476190476,0.9285714285714286,50,25,0.37142857142857144,17,142,False,False,False,False
olr,ordinal,0.55,0.4,0.8579397665001922,0.8733333333333334,0.9285714285714286,25,0,0.37142857142857144,58,0,False,False,False,False
olr,none,0.55,0.45,0.7290300126896807,0.7104761904761906,0.7571428571428571,170,85,0.3028571428571429,9,210,False,False,False,False
olr,c_only,0.55,0.45,0.7816127801997412,0.7676190476190476,0.9285714285714286,50,25,0.37142857142857144,9,150,False,False,False,False
olr,ordinal,0.55,0.45,0.8626008320322015,0.8771428571428572,0.9285714285714286,25,0,0.37142857142857144,54,0,False,False,False,False
olr,none,0.55,0.5,0.7003448093140149,0.6866666666666666,0.7571428571428571,170,85,0.3028571428571429,8,224,False,False,False,False
olr,c_only,0.55,0.5,0.7523748798698899,0.7438095238095238,0.9285714285714286,50,25,0.37142857142857144,8,164,False,False,False,False
olr,ordinal,0.55,0.5,0.8626008320322015,0.8771428571428572,0.9285714285714286,25,0,0.37142857142857144,54,0,False,False,False,False
olr,none,0.55,0.55,0.6856141821898029,0.6752380952380953,0.7571428571428571,170,85,0.3028571428571429,8,230,False,False,False,False
olr,c_only,0.55,0.55,0.7373926260172793,0.7323809523809524,0.9285714285714286,50,25,0.37142857142857144,8,170,False,False,False,False
olr,ordinal,0.55,0.55,0.8626008320322015,0.8771428571428572,0.9285714285714286,25,0,0.37142857142857144,54,0,False,False,False,False
olr,none,0.55,0.6,0.6754284583441558,0.6676190476190476,0.7571428571428571,170,85,0.3028571428571429,8,234,False,False,False,False
olr,c_only,0.55,0.6,0.7270420235860593,0.7247619047619048,0.9285714285714286,50,25,0.37142857142857144,8,174,False,False,False,False
olr,ordinal,0.55,0.6,0.8626008320322015,0.8771428571428572,0.9285714285714286,25,0,0.37142857142857144,54,0,False,False,False,False
olr,none,0.55,0.65,0.6542887081047334,0.6533333333333333,0.7571428571428571,170,85,0.3028571428571429,5,246,False,False,False,False
olr,c_only,0.55,0.65,0.7055736684018258,0.7104761904761906,0.9285714285714286,50,25,0.37142857142857144,5,186,False,False,False,False
olr,ordinal,0.55,0.65,0.8626008320322015,0.8771428571428572,0.9285714285714286,25,0,0.37142857142857144,54,0,False,False,False,False
olr,none,0.55,0.7,0.6169526319667268,0.6314285714285715,0.7571428571428571,170,85,0.3028571428571429,0,265,False,False,False,False
olr,c_only,0.55,0.7,0.6677519170348614,0.6885714285714286,0.9285714285714286,50,25,0.37142857142857144,0,205,False,False,False,False
olr,ordinal,0.55,0.7,0.8626008320322015,0.8771428571428572,0.9285714285714286,25,0,0.37142857142857144,54,0,False,False,False,False
olr,none,0.55,0.75,0.5689129437524816,0.6047619047619047,0.7571428571428571,170,85,0.3028571428571429,0,279,False,False,False,False
olr,c_only,0.55,0.75,0.6191959750012185,0.6619047619047619,0.9285714285714286,50,25,0.37142857142857144,0,219,False,False,False,False
olr,ordinal,0.55,0.75,0.8626008320322015,0.8771428571428572,0.9285714285714286,25,0,0.37142857142857144,54,0,False,False,False,False
olr,none,0.55,0.8,0.5383588077415045,0.5895238095238095,0.7571428571428571,170,85,0.3028571428571429,0,287,False,False,False,False
olr,c_only,0.55,0.8,0.5883572850970584,0.6466666666666666,0.9285714285714286,50,25,0.37142857142857144,0,227,False,False,False,False
olr,ordinal,0.55,0.8,0.8626008320322015,0.8771428571428572,0.9285714285714286,25,0,0.37142857142857144,54,0,False,False,False,False
olr,none,0.55,0.85,0.5303184281842818,0.5857142857142857,0.7571428571428571,170,85,0.3028571428571429,0,289,False,False,False,False
olr,c_only,0.55,0.85,0.5802469135802469,0.6428571428571429,0.9285714285714286,50,25,0.37142857142857144,0,229,False,False,False,False
olr,ordinal,0.55,0.85,0.8626008320322015,0.8771428571428572,0.9285714285714286,25,0,0.37142857142857144,54,0,False,False,False,False
olr,none,0.55,0.9,0.5303184281842818,0.5857142857142857,0.7571428571428571,170,85,0.3028571428571429,0,289,False,False,False,False
olr,c_only,0.55,0.9,0.5802469135802469,0.6428571428571429,0.9285714285714286,50,25,0.37142857142857144,0,229,False,False,False,False
olr,ordinal,0.55,0.9,0.8626008320322015,0.8771428571428572,0.9285714285714286,25,0,0.37142857142857144,54,0,False,False,False,False
olr,none,0.6,0.2,0.716705056650357,0.7409523809523809,0.7228571428571429,158,61,0.28914285714285715,115,126,False,False,False,False
olr,c_only,0.6,0.2,0.786072350444711,0.8095238095238096,0.9285714285714286,29,4,0.37142857142857144,115,54,False,False,False,False
olr,ordinal,0.6,0.2,0.7909974871626789,0.8333333333333334,0.9285714285714286,25,0,0.37142857142857144,140,0,False,False,False,False
olr,none,0.6,0.25,0.7372129932355084,0.7495238095238096,0.7228571428571429,176,79,0.28914285714285715,86,136,False,False,False,False
olr,c_only,0.6,0.25,0.8055909293434244,0.8180952380952382,0.9285714285714286,39,14,0.37142857142857144,86,64,False,False,False,False
olr,ordinal,0.6,0.25,0.8112530705365453,0.8419047619047619,0.9285714285714286,25,0,0.37142857142857144,111,0,False,False,False,False
olr,none,0.6,0.3,0.7294914748005419,0.7171428571428571,0.7228571428571429,193,96,0.28914285714285715,44,179,False,False,False,False
olr,c_only,0.6,0.3,0.794112735821089,0.7857142857142857,0.9285714285714286,49,24,0.37142857142857144,44,107,False,False,False,False
olr,ordinal,0.6,0.3,0.8394788000184633,0.8580952380952381,0.9285714285714286,25,0,0.37142857142857144,74,0,False,False,False,False
olr,none,0.6,0.35,0.7194029392791679,0.7028571428571428,0.7228571428571429,194,97,0.28914285714285715,29,197,False,False,False,False
olr,c_only,0.6,0.35,0.7833592497724311,0.7714285714285714,0.9285714285714286,50,25,0.37142857142857144,29,125,False,False,False,False
olr,ordinal,0.6,0.35,0.8544572993243588,0.8704761904761904,0.9285714285714286,25,0,0.37142857142857144,61,0,False,False,False,False
olr,none,0.6,0.4,0.717162586631777,0.699047619047619,0.7228571428571429,194,97,0.28914285714285715,17,214,False,False,False,False
olr,c_only,0.6,0.4,0.7808641688458661,0.7676190476190476,0.9285714285714286,50,25,0.37142857142857144,17,142,False,False,False,False
olr,ordinal,0.6,0.4,0.8579397665001922,0.8733333333333334,0.9285714285714286,25,0,0.37142857142857144,58,0,False,False,False,False
olr,none,0.6,0.45,0.7180121842070584,0.699047619047619,0.7228571428571429,194,97,0.28914285714285715,9,222,False,False,False,False
olr,c_only,0.6,0.45,0.7816127801997412,0.7676190476190476,0.9285714285714286,50,25,0.37142857142857144,9,150,False,False,False,False
olr,ordinal,0.6,0.45,0.8626008320322015,0.8771428571428572,0.9285714285714286,25,0,0.37142857142857144,54,0,False,False,False,False
olr,none,0.6,0.5,0.6894240514931164,0.6752380952380953,0.7228571428571429,194,97,0.28914285714285715,8,236,False,False,False,False
olr,c_only,0.6,0.5,0.7523748798698899,0.7438095238095238,0.9285714285714286,50,25,0.37142857142857144,8,164,False,False,False,False
olr,ordinal,0.6,0.5,0.8626008320322015,0.8771428571428572,0.9285714285714286,25,0,0.37142857142857144,54,0,False,False,False,False
olr,none,0.6,0.55,0.6747378711054308,0.6638095238095237,0.7228571428571429,194,97,0.28914285714285715,8,242,False,False,False,False
olr,c_only,0.6,0.55,0.7373926260172793,0.7323809523809524,0.9285714285714286,50,25,0.37142857142857144,8,170,False,False,False,False
olr,ordinal,0.6,0.55,0.8626008320322015,0.8771428571428572,0.9285714285714286,25,0,0.37142857142857144,54,0,False,False,False,False
olr,none,0.6,0.6,0.664581291751118,0.6561904761904761,0.7228571428571429,194,97,0.28914285714285715,8,246,False,False,False,False
olr,c_only,0.6,0.6,0.7270420235860593,0.7247619047619048,0.9285714285714286,50,25,0.37142857142857144,8,174,False,False,False,False
olr,ordinal,0.6,0.6,0.8626008320322015,0.8771428571428572,0.9285714285714286,25,0,0.37142857142857144,54,0,False,False,False,False
olr,none,0.6,0.65,0.6434985403437993,0.6419047619047619,0.7228571428571429,194,97,0.28914285714285715,5,258,False,False,False,False
olr,c_only,0.6,0.65,0.7055736684018258,0.7104761904761906,0.9285714285714286,50,25,0.37142857142857144,5,186,False,False,False,False
olr,ordinal,0.6,0.65,0.8626008320322015,0.8771428571428572,0.9285714285714286,25,0,0.37142857142857144,54,0,False,False,False,False
olr,none,0.6,0.7,0.6062467665770407,0.62,0.7228571428571429,194,97,0.28914285714285715,0,277,False,False,False,False
olr,c_only,0.6,0.7,0.6677519170348614,0.6885714285714286,0.9285714285714286,50,25,0.37142857142857144,0,205,False,False,False,False
olr,ordinal,0.6,0.7,0.8626008320322015,0.8771428571428572,0.9285714285714286,25,0,0.37142857142857144,54,0,False,False,False,False
olr,none,0.6,0.75,0.5582988269555433,0.5933333333333334,0.7228571428571429,194,97,0.28914285714285715,0,291,False,False,False,False
olr,c_only,0.6,0.75,0.6191959750012185,0.6619047619047619,0.9285714285714286,50,25,0.37142857142857144,0,219,False,False,False,False
olr,ordinal,0.6,0.75,0.8626008320322015,0.8771428571428572,0.9285714285714286,25,0,0.37142857142857144,54,0,False,False,False,False
olr,none,0.6,0.8,0.5277953332334581,0.5780952380952381,0.7228571428571429,194,97,0.28914285714285715,0,299,False,False,False,False
olr,c_only,0.6,0.8,0.5883572850970584,0.6466666666666666,0.9285714285714286,50,25,0.37142857142857144,0,227,False,False,False,False
olr,ordinal,0.6,0.8,0.8626008320322015,0.8771428571428572,0.9285714285714286,25,0,0.37142857142857144,54,0,False,False,False,False
olr,none,0.6,0.85,0.519767418053764,0.5742857142857143,0.7228571428571429,194,97,0.28914285714285715,0,301,False,False,False,False
olr,c_only,0.6,0.85,0.5802469135802469,0.6428571428571429,0.9285714285714286,50,25,0.37142857142857144,0,229,False,False,False,False
olr,ordinal,0.6,0.85,0.8626008320322015,0.8771428571428572,0.9285714285714286,25,0,0.37142857142857144,54,0,False,False,False,False
olr,none,0.6,0.9,0.519767418053764,0.5742857142857143,0.7228571428571429,194,97,0.28914285714285715,0,301,False,False,False,False
olr,c_only,0.6,0.9,0.5802469135802469,0.6428571428571429,0.9285714285714286,50,25,0.37142857142857144,0,229,False,False,False,False
olr,ordinal,0.6,0.9,0.8626008320322015,0.8771428571428572,0.9285714285714286,25,0,0.37142857142857144,54,0,False,False,False,False
olr,none,0.65,0.2,0.7094080250095938,0.7342857142857143,0.7028571428571428,168,64,0.28114285714285714,115,133,False,False,False,False
olr,c_only,0.65,0.2,0.786072350444711,0.8095238095238096,0.9285714285714286,29,4,0.37142857142857144,115,54,False,False,False,False
olr,ordinal,0.65,0.2,0.7909974871626789,0.8333333333333334,0.9285714285714286,25,0,0.37142857142857144,140,0,False,False,False,False
olr,none,0.65,0.25,0.730194930351224,0.7428571428571429,0.7028571428571428,189,85,0.28114285714285714,86,143,False,False,False,False
olr,c_only,0.65,0.25,0.8055909293434244,0.8180952380952382,0.9285714285714286,39,14,0.37142857142857144,86,64,False,False,False,False
olr,ordinal,0.65,0.25,0.8112530705365453,0.8419047619047619,0.9285714285714286,25,0,0.37142857142857144,111,0,False,False,False,False
olr,none,0.65,0.3,0.7228911777023642,0.7104761904761906,0.7028571428571428,207,103,0.28114285714285714,44,186,False,False,False,False
olr,c_only,0.65,0.3,0.794112735821089,0.7857142857142857,0.9285714285714286,49,24,0.37142857142857144,44,107,False,False,False,False
olr,ordinal,0.65,0.3,0.8394788000184633,0.8580952380952381,0.9285714285714286,25,0,0.37142857142857144,74,0,False,False,False,False
olr,none,0.65,0.35,0.7128537551789339,0.6961904761904761,0.7028571428571428,208,104,0.28114285714285714,29,204,False,False,False,False
olr,c_only,0.65,0.35,0.7833592497724311,0.7714285714285714,0.9285714285714286,50,25,0.37142857142857144,29,125,False,False,False,False
olr,ordinal,0.65,0.35,0.8544572993243588,0.8704761904761904,0.9285714285714286,25,0,0.37142857142857144,61,0,False,False,False,False
olr,none,0.65,0.4,0.710631444382769,0.6923809523809524,0.7028571428571428,208,104,0.28114285714285714,17,221,False,False,False,False
olr,c_only,0.65,0.4,0.7808641688458661,0.7676190476190476,0.9285714285714286,50,25,0.37142857142857144,17,142,False,False,False,False
olr,ordinal,0.65,0.4,0.8579397665001922,0.8733333333333334,0.9285714285714286,25,0,0.37142857142857144,58,0,False,False,False,False
olr,none,0.65,0.45,0.711487411948227,0.6923809523809524,0.7028571428571428,208,104,0.28114285714285714,9,229,False,False,False,False
olr,c_only,0.65,0.45,0.7816127801997412,0.7676190476190476,0.9285714285714286,50,25,0.37142857142857144,9,150,False,False,False,False
olr,ordinal,0.65,0.45,0.8626008320322015,0.8771428571428572,0.9285714285714286,25,0,0.37142857142857144,54,0,False,False,False,False
olr,none,0.65,0.5,0.6829540726163729,0.6685714285714286,0.7028571428571428,208,104,0.28114285714285714,8,243,False,False,False,False
olr,c_only,0.65,0.5,0.7523748798698899,0.7438095238095238,0.9285714285714286,50,25,0.37142857142857144,8,164,False,False,False,False
olr,ordinal,0.65,0.5,0.8626008320322015,0.8771428571428572,0.9285714285714286,25,0,0.37142857142857144,54,0,False,False,False,False
olr,none,0.65,0.55,0.6682930174905662,0.6571428571428571,0.7028571428571428,208,104,0.28114285714285714,8,249,False,False,False,False
olr,c_only,0.65,0.55,0.7373926260172793,0.7323809523809524,0.9285714285714286,50,25,0.37142857142857144,8,170,False,False,False,False
olr,ordinal,0.65,0.55,0.8626008320322015,0.8771428571428572,0.9285714285714286,25,0,0.37142857142857144,54,0,False,False,False,False
olr,none,0.65,0.6,0.6581529160461171,0.6495238095238095,0.7028571428571428,208,104,0.28114285714285714,8,253,False,False,False,False
olr,c_only,0.65,0.6,0.7270420235860593,0.7247619047619048,0.9285714285714286,50,25,0.37142857142857144,8,174,False,False,False,False
olr,ordinal,0.65,0.6,0.8626008320322015,0.8771428571428572,0.9285714285714286,25,0,0.37142857142857144,54,0,False,False,False,False
olr,none,0.65,0.65,0.6371022320317314,0.6352380952380953,0.7028571428571428,208,104,0.28114285714285714,5,265,False,False,False,False
olr,c_only,0.65,0.65,0.7055736684018258,0.7104761904761906,0.9285714285714286,50,25,0.37142857142857144,5,186,False,False,False,False
olr,ordinal,0.65,0.65,0.8626008320322015,0.8771428571428572,0.9285714285714286,25,0,0.37142857142857144,54,0,False,False,False,False
olr,none,0.65,0.7,0.5998978930163897,0.6133333333333334,0.7028571428571428,208,104,0.28114285714285714,0,284,False,False,False,False
olr,c_only,0.65,0.7,0.6677519170348614,0.6885714285714286,0.9285714285714286,50,25,0.37142857142857144,0,205,False,False,False,False
olr,ordinal,0.65,0.7,0.8626008320322015,0.8771428571428572,0.9285714285714286,25,0,0.37142857142857144,54,0,False,False,False,False
olr,none,0.65,0.75,0.5520018948863464,0.5866666666666667,0.7028571428571428,208,104,0.28114285714285714,0,298,False,False,False,False
olr,c_only,0.65,0.75,0.6191959750012185,0.6619047619047619,0.9285714285714286,50,25,0.37142857142857144,0,219,False,False,False,False
olr,ordinal,0.65,0.75,0.8626008320322015,0.8771428571428572,0.9285714285714286,25,0,0.37142857142857144,54,0,False,False,False,False
olr,none,0.65,0.8,0.5215270810538,0.5714285714285714,0.7028571428571428,208,104,0.28114285714285714,0,306,False,False,False,False
olr,c_only,0.65,0.8,0.5883572850970584,0.6466666666666666,0.9285714285714286,50,25,0.37142857142857144,0,227,False,False,False,False
olr,ordinal,0.65,0.8,0.8626008320322015,0.8771428571428572,0.9285714285714286,25,0,0.37142857142857144,54,0,False,False,False,False
olr,none,0.65,0.85,0.5135062258205308,0.5676190476190476,0.7028571428571428,208,104,0.28114285714285714,0,308,False,False,False,False
olr,c_only,0.65,0.85,0.5802469135802469,0.6428571428571429,0.9285714285714286,50,25,0.37142857142857144,0,229,False,False,False,False
olr,ordinal,0.65,0.85,0.8626008320322015,0.8771428571428572,0.9285714285714286,25,0,0.37142857142857144,54,0,False,False,False,False
olr,none,0.65,0.9,0.5135062258205308,0.5676190476190476,0.7028571428571428,208,104,0.28114285714285714,0,308,False,False,False,False
olr,c_only,0.65,0.9,0.5802469135802469,0.6428571428571429,0.9285714285714286,50,25,0.37142857142857144,0,229,False,False,False,False
olr,ordinal,0.65,0.9,0.8626008320322015,0.8771428571428572,0.9285714285714286,25,0,0.37142857142857144,54,0,False,False,False,False
olr,none,0.7,0.2,0.685394404816292,0.7133333333333334,0.64,190,64,0.256,115,155,False,False,False,False
olr,c_only,0.7,0.2,0.786072350444711,0.8095238095238096,0.9285714285714286,29,4,0.37142857142857144,115,54,False,False,False,False
olr,ordinal,0.7,0.2,0.7909974871626789,0.8333333333333334,0.9285714285714286,25,0,0.37142857142857144,140,0,False,False,False,False
olr,none,0.7,0.25,0.7070519064977345,0.7219047619047619,0.64,227,101,0.256,86,165,False,False,False,False
olr,c_only,0.7,0.25,0.8055909293434244,0.8180952380952382,0.9285714285714286,39,14,0.37142857142857144,86,64,False,False,False,False
olr,ordinal,0.7,0.25,0.8112530705365453,0.8419047619047619,0.9285714285714286,25,0,0.37142857142857144,111,0,False,False,False,False
olr,none,0.7,0.3,0.7016438437227491,0.6895238095238095,0.64,251,125,0.256,44,208,False,False,False,False
olr,c_only,0.7,0.3,0.794112735821089,0.7857142857142857,0.9285714285714286,49,24,0.37142857142857144,44,107,False,False,False,False
olr,ordinal,0.7,0.3,0.8394788000184633,0.8580952380952381,0.9285714285714286,25,0,0.37142857142857144,74,0,False,False,False,False
olr,none,0.7,0.35,0.6917542309704546,0.6752380952380953,0.64,252,126,0.256,29,226,False,False,False,False
olr,c_only,0.7,0.35,0.7833592497724311,0.7714285714285714,0.9285714285714286,50,25,0.37142857142857144,29,125,False,False,False,False
olr,ordinal,0.7,0.35,0.8544572993243588,0.8704761904761904,0.9285714285714286,25,0,0.37142857142857144,61,0,False,False,False,False
olr,none,0.7,0.4,0.6895823047299299,0.6714285714285714,0.64,252,126,0.256,17,243,False,False,False,False
olr,c_only,0.7,0.4,0.7808641688458661,0.7676190476190476,0.9285714285714286,50,25,0.37142857142857144,17,142,False,False,False,False
olr,ordinal,0.7,0.4,0.8579397665001922,0.8733333333333334,0.9285714285714286,25,0,0.37142857142857144,58,0,False,False,False,False
olr,none,0.7,0.45,0.6904550732015595,0.6714285714285714,0.64,252,126,0.256,9,251,False,False,False,False
olr,c_only,0.7,0.45,0.7816127801997412,0.7676190476190476,0.9285714285714286,50,25,0.37142857142857144,9,150,False,False,False,False
olr,ordinal,0.7,0.45,0.8626008320322015,0.8771428571428572,0.9285714285714286,25,0,0.37142857142857144,54,0,False,False,False,False
olr,none,0.7,0.5,0.6620856785490932,0.6476190476190476,0.64,252,126,0.256,8,265,False,False,False,False
olr,c_only,0.7,0.5,0.7523748798698899,0.7438095238095238,0.9285714285714286,50,25,0.37142857142857144,8,164,False,False,False,False
olr,ordinal,0.7,0.5,0.8626008320322015,0.8771428571428572,0.9285714285714286,25,0,0.37142857142857144,54,0,False,False,False,False
olr,none,0.7,0.55,0.6474999634856711,0.6361904761904761,0.64,252,126,0.256,8,271,False,False,False,False
olr,c_only,0.7,0.55,0.7373926260172793,0.7323809523809524,0.9285714285714286,50,25,0.37142857142857144,8,170,False,False,False,False
olr,ordinal,0.7,0.55,0.8626008320322015,0.8771428571428572,0.9285714285714286,25,0,0.37142857142857144,54,0,False,False,False,False
olr,none,0.7,0.6,0.6374092848383213,0.6285714285714286,0.64,252,126,0.256,8,275,False,False,False,False
olr,c_only,0.7,0.6,0.7270420235860593,0.7247619047619048,0.9285714285714286,50,25,0.37142857142857144,8,174,False,False,False,False
olr,ordinal,0.7,0.6,0.8626008320322015,0.8771428571428572,0.9285714285714286,25,0,0.37142857142857144,54,0,False,False,False,False
olr,none,0.7,0.65,0.616454060003242,0.6142857142857143,0.64,252,126,0.256,5,287,False,False,False,False
olr,c_only,0.7,0.65,0.7055736684018258,0.7104761904761906,0.9285714285714286,50,25,0.37142857142857144,5,186,False,False,False,False
olr,ordinal,0.7,0.65,0.8626008320322015,0.8771428571428572,0.9285714285714286,25,0,0.37142857142857144,54,0,False,False,False,False
olr,none,0.7,0.7,0.579390950809669,0.5923809523809523,0.64,252,126,0.256,0,306,False,False,False,False
olr,c_only,0.7,0.7,0.6677519170348614,0.6885714285714286,0.9285714285714286,50,25,0.37142857142857144,0,205,False,False,False,False
olr,ordinal,0.7,0.7,0.8626008320322015,0.8771428571428572,0.9285714285714286,25,0,0.37142857142857144,54,0,False,False,False,False
olr,none,0.7,0.75,0.5316510426401888,0.5657142857142857,0.64,252,126,0.256,0,320,False,False,False,False
olr,c_only,0.7,0.75,0.6191959750012185,0.6619047619047619,0.9285714285714286,50,25,0.37142857142857144,0,219,False,False,False,False
olr,ordinal,0.7,0.75,0.8626008320322015,0.8771428571428572,0.9285714285714286,25,0,0.37142857142857144,54,0,False,False,False,False
olr,none,0.7,0.8,0.5012624585450822,0.5504761904761905,0.64,252,126,0.256,0,328,False,False,False,False
olr,c_only,0.7,0.8,0.5883572850970584,0.6466666666666666,0.9285714285714286,50,25,0.37142857142857144,0,227,False,False,False,False
olr,ordinal,0.7,0.8,0.8626008320322015,0.8771428571428572,0.9285714285714286,25,0,0.37142857142857144,54,0,False,False,False,False
olr,none,0.7,0.85,0.4932628347262493,0.5466666666666667,0.64,252,126,0.256,0,330,False,False,False,False
olr,c_only,0.7,0.85,0.5802469135802469,0.6428571428571429,0.9285714285714286,50,25,0.37142857142857144,0,229,False,False,False,False
olr,ordinal,0.7,0.85,0.8626008320322015,0.8771428571428572,0.9285714285714286,25,0,0.37142857142857144,54,0,False,False,False,False
olr,none,0.7,0.9,0.4932628347262493,0.5466666666666667,0.64,252,126,0.256,0,330,False,False,False,False
olr,c_only,0.7,0.9,0.5802469135802469,0.6428571428571429,0.9285714285714286,50,25,0.37142857142857144,0,229,False,False,False,False
olr,ordinal,0.7,0.9,0.8626008320322015,0.8771428571428572,0.9285714285714286,25,0,0.37142857142857144,54,0,False,False,False,False
olr,none,0.75,0.2,0.6382440254133211,0.6733333333333333,0.52,245,77,0.208,115,185,False,False,False,False
olr,c_only,0.75,0.2,0.7677945569903804,0.7914285714285715,0.8742857142857143,55,11,0.3497142857142857,115,61,False,False,False,False
olr,ordinal,0.75,0.2,0.7730039261096561,0.8152380952380952,0.8742857142857143,44,0,0.3497142857142857,140,0,False,False,False,False
olr,none,0.75,0.25,0.6624458452568822,0.6819047619047619,0.52,310,142,0.208,86,207,False,False,False,False
olr,c_only,0.75,0.25,0.7882921482080073,0.8000000000000002,0.8742857142857143,77,33,0.3497142857142857,86,83,False,False,False,False
olr,ordinal,0.75,0.25,0.7924595940783034,0.8238095238095239,0.8742857142857143,44,0,0.3497142857142857,111,0,False,False,False,False
olr,none,0.75,0.3,0.6584810636793758,0.6495238095238095,0.52,335,167,0.208,44,250,False,False,False,False
olr,c_only,0.75,0.3,0.7775196662055168,0.7676190476190476,0.8742857142857143,87,43,0.3497142857142857,44,126,False,False,False,False
olr,ordinal,0.75,0.3,0.819351333161312,0.84,0.8742857142857143,44,0,0.3497142857142857,74,0,False,False,False,False
olr,none,0.75,0.35,0.648826100486367,0.6352380952380953,0.52,336,168,0.208,29,268,False,False,False,False
olr,c_only,0.75,0.35,0.7669692860468036,0.7533333333333333,0.8742857142857143,88,44,0.3497142857142857,29,144,False,False,False,False
olr,ordinal,0.75,0.35,0.8336943918612625,0.8523809523809524,0.8742857142857143,44,0,0.3497142857142857,61,0,False,False,False,False
olr,none,0.75,0.4,0.6467271118973906,0.6314285714285715,0.52,336,168,0.208,17,285,False,False,False,False
olr,c_only,0.75,0.4,0.7645552109329529,0.7495238095238096,0.8742857142857143,88,44,0.3497142857142857,17,161,False,False,False,False
olr,ordinal,0.75,0.4,0.8370217201903419,0.8552380952380952,0.8742857142857143,44,0,0.3497142857142857,58,0,False,False,False,False
olr,none,0.75,0.45,0.6476201694486813,0.6314285714285715,0.52,336,168,0.208,9,293,False,False,False,False
olr,c_only,0.75,0.45,0.7653375645117532,0.7495238095238096,0.8742857142857143,88,44,0.3497142857142857,9,169,False,False,False,False
olr,ordinal,0.75,0.45,0.8414706543774066,0.8590476190476192,0.8742857142857143,44,0,0.3497142857142857,54,0,False,False,False,False
olr,none,0.75,0.5,0.6195323431277581,0.6076190476190476,0.52,336,168,0.208,8,307,False,False,False,False
olr,c_only,0.75,0.5,0.7362878658060587,0.7257142857142856,0.8742857142857143,88,44,0.3497142857142857,8,183,False,False,False,False
olr,ordinal,0.75,0.5,0.8414706543774066,0.8590476190476192,0.8742857142857143,44,0,0.3497142857142857,54,0,False,False,False,False
olr,none,0.75,0.55,0.6050766378109125,0.5961904761904762,0.52,336,168,0.208,8,313,False,False,False,False
olr,c_only,0.75,0.55,0.7213910341250104,0.7142857142857143,0.8742857142857143,88,44,0.3497142857142857,8,189,False,False,False,False
olr,ordinal,0.75,0.55,0.8414706543774066,0.8590476190476192,0.8742857142857143,44,0,0.3497142857142857,54,0,False,False,False,False
olr,none,0.75,0.6,0.5950712902657983,0.5885714285714285,0.52,336,168,0.208,8,317,False,False,False,False
olr,c_only,0.75,0.6,0.7110963827029574,0.7066666666666667,0.8742857142857143,88,44,0.3497142857142857,8,193,False,False,False,False
olr,ordinal,0.75,0.6,0.8414706543774066,0.8590476190476192,0.8742857142857143,44,0,0.3497142857142857,54,0,False,False,False,False
olr,none,0.75,0.65,0.5742781265089328,0.5742857142857143,0.52,336,168,0.208,5,329,False,False,False,False
olr,c_only,0.75,0.65,0.6897406384520047,0.6923809523809524,0.8742857142857143,88,44,0.3497142857142857,5,205,False,False,False,False
olr,ordinal,0.75,0.65,0.8414706543774066,0.8590476190476192,0.8742857142857143,44,0,0.3497142857142857,54,0,False,False,False,False
olr,none,0.75,0.7,0.5374548482300973,0.5523809523809524,0.52,336,168,0.208,0,348,False,False,False,False
olr,c_only,0.75,0.7,0.6520852548156598,0.6704761904761906,0.8742857142857143,88,44,0.3497142857142857,0,224,False,False,False,False
olr,ordinal,0.75,0.7,0.8414706543774066,0.8590476190476192,0.8742857142857143,44,0,0.3497142857142857,54,0,False,False,False,False
olr,none,0.75,0.75,0.48998552738299006,0.5257142857142857,0.52,336,168,0.208,0,362,False,False,False,False
olr,c_only,0.75,0.75,0.6037039816923904,0.6438095238095238,0.8742857142857143,88,44,0.3497142857142857,0,238,False,False,False,False
olr,ordinal,0.75,0.75,0.8414706543774066,0.8590476190476192,0.8742857142857143,44,0,0.3497142857142857,54,0,False,False,False,False
olr,none,0.75,0.8,0.45974658393325346,0.5104761904761904,0.52,336,168,0.208,0,370,False,False,False,False
olr,c_only,0.75,0.8,0.572961492650248,0.6285714285714286,0.8742857142857143,88,44,0.3497142857142857,0,246,False,False,False,False
olr,ordinal,0.75,0.8,0.8414706543774066,0.8590476190476192,0.8742857142857143,44,0,0.3497142857142857,54,0,False,False,False,False
olr,none,0.75,0.85,0.451783821971035,0.5066666666666667,0.52,336,168,0.208,0,372,False,False,False,False
olr,c_only,0.75,0.85,0.5648747755159814,0.6247619047619047,0.8742857142857143,88,44,0.3497142857142857,0,248,False,False,False,False
olr,ordinal,0.75,0.85,0.8414706543774066,0.8590476190476192,0.8742857142857143,44,0,0.3497142857142857,54,0,False,False,False,False
olr,none,0.75,0.9,0.451783821971035,0.5066666666666667,0.52,336,168,0.208,0,372,False,False,False,False
olr,c_only,0.75,0.9,0.5648747755159814,0.6247619047619047,0.8742857142857143,88,44,0.3497142857142857,0,248,False,False,False,False
olr,ordinal,0.75,0.9,0.8414706543774066,0.8590476190476192,0.8742857142857143,44,0,0.3497142857142857,54,0,False,False,False,False
olr,none,0.8,0.2,0.6135514401816111,0.6533333333333333,0.46,287,98,0.184,115,206,False,False,False,False
olr,c_only,0.8,0.2,0.7592996873686672,0.7828571428571429,0.8485714285714285,73,20,0.3394285714285714,115,70,False,False,False,False
olr,ordinal,0.8,0.2,0.7644721847381254,0.8066666666666666,0.8485714285714285,53,0,0.3394285714285714,140,0,False,False,False,False
olr,none,0.8,0.25,0.6387380809023385,0.6619047619047619,0.46,352,163,0.184,86,228,False,False,False,False
olr,c_only,0.8,0.25,0.7800316050595857,0.7914285714285715,0.8485714285714285,95,42,0.3394285714285714,86,92,False,False,False,False
olr,ordinal,0.8,0.25,0.7835855852466675,0.8152380952380952,0.8485714285714285,53,0,0.3394285714285714,111,0,False,False,False,False
olr,none,0.8,0.3,0.6352995904918519,0.6295238095238095,0.46,377,188,0.184,44,271,False,False,False,False
olr,c_only,0.8,0.3,0.7695655993449547,0.7590476190476191,0.8485714285714285,105,52,0.3394285714285714,44,135,False,False,False,False
olr,ordinal,0.8,0.3,0.8099088478577731,0.8314285714285714,0.8485714285714285,53,0,0.3394285714285714,74,0,False,False,False,False
olr,none,0.8,0.35,0.6257418931167297,0.6152380952380953,0.46,378,189,0.184,29,289,False,False,False,False
olr,c_only,0.8,0.35,0.7591039163819286,0.7447619047619046,0.8485714285714285,106,53,0.3394285714285714,29,153,False,False,False,False
olr,ordinal,0.8,0.35,0.8239788960830771,0.8438095238095237,0.8485714285714285,53,0,0.3394285714285714,61,0,False,False,False,False
olr,none,0.8,0.4,0.6236696501280797,0.6114285714285714,0.46,378,189,0.184,17,306,False,False,False,False
olr,c_only,0.8,0.4,0.7567244547692377,0.7409523809523809,0.8485714285714285,106,53,0.3394285714285714,17,170,False,False,False,False
olr,ordinal,0.8,0.4,0.8272396918396295,0.8466666666666667,0.8485714285714285,53,0,0.3394285714285714,58,0,False,False,False,False
olr,none,0.8,0.45,0.624567958488535,0.6114285714285714,0.46,378,189,0.184,9,314,False,False,False,False
olr,c_only,0.8,0.45,0.757520854046471,0.7409523809523809,0.8485714285714285,106,53,0.3394285714285714,9,178,False,False,False,False
olr,ordinal,0.8,0.45,0.8315977274284214,0.8504761904761905,0.8485714285714285,53,0,0.3394285714285714,54,0,False,False,False,False
olr,none,0.8,0.5,0.5966072236620182,0.5876190476190476,0.46,378,189,0.184,8,328,False,False,False,False
olr,c_only,0.8,0.5,0.7285558238009698,0.7171428571428571,0.8485714285714285,106,53,0.3394285714285714,8,192,False,False,False,False
olr,ordinal,0.8,0.5,0.8315977274284214,0.8504761904761905,0.8485714285714285,53,0,0.3394285714285714,54,0,False,False,False,False
olr,none,0.8,0.55,0.582210479041393,0.5761904761904761,0.46,378,189,0.184,8,334,False,False,False,False
olr,c_only,0.8,0.55,0.7136975068616724,0.7057142857142856,0.8485714285714285,106,53,0.3394285714285714,8,198,False,False,False,False
olr,ordinal,0.8,0.55,0.8315977274284214,0.8504761904761905,0.8485714285714285,53,0,0.3394285714285714,54,0,False,False,False,False
olr,none,0.8,0.6,0.5722438494289925,0.5685714285714285,0.46,378,189,0.184,8,338,False,False,False,False
olr,c_only,0.8,0.6,0.7034280896486699,0.6980952380952381,0.8485714285714285,106,53,0.3394285714285714,8,202,False,False,False,False
olr,ordinal,0.8,0.6,0.8315977274284214,0.8504761904761905,0.8485714285714285,53,0,0.3394285714285714,54,0,False,False,False,False
olr,none,0.8,0.65,0.5515229569514003,0.5542857142857143,0.46,378,189,0.184,5,350,False,False,False,False
olr,c_only,0.8,0.65,0.6821227774310276,0.6838095238095239,0.8485714285714285,106,53,0.3394285714285714,5,214,False,False,False,False
olr,ordinal,0.8,0.65,0.8315977274284214,0.8504761904761905,0.8485714285714285,53,0,0.3394285714285714,54,0,False,False,False,False
olr,none,0.8,0.7,0.5148066465096822,0.5323809523809524,0.46,378,189,0.184,0,369,False,False,False,False
olr,c_only,0.8,0.7,0.6445419251565051,0.6619047619047619,0.8485714285714285,106,53,0.3394285714285714,0,233,False,False,False,False
olr,ordinal,0.8,0.7,0.8315977274284214,0.8504761904761905,0.8485714285714285,53,0,0.3394285714285714,54,0,False,False,False,False
olr,none,0.8,0.75,0.46746057226678994,0.5057142857142857,0.46,378,189,0.184,0,383,False,False,False,False
olr,c_only,0.8,0.75,0.5962396011188326,0.6352380952380953,0.8485714285714285,106,53,0.3394285714285714,0,247,False,False,False,False
olr,ordinal,0.8,0.75,0.8315977274284214,0.8504761904761905,0.8485714285714285,53,0,0.3394285714285714,54,0,False,False,False,False
olr,none,0.8,0.8,0.4372898554463449,0.49047619047619045,0.46,378,189,0.184,0,391,False,False,False,False
olr,c_only,0.8,0.8,0.5655406190091438,0.62,0.8485714285714285,106,53,0.3394285714285714,0,255,False,False,False,False
olr,ordinal,0.8,0.8,0.8315977274284214,0.8504761904761905,0.8485714285714285,53,0,0.3394285714285714,54,0,False,False,False,False
olr,none,0.8,0.85,0.42934390771449166,0.48666666666666664,0.46,378,189,0.184,0,393,False,False,False,False
olr,c_only,0.8,0.85,0.5574646023201691,0.6161904761904762,0.8485714285714285,106,53,0.3394285714285714,0,257,False,False,False,False
olr,ordinal,0.8,0.85,0.8315977274284214,0.8504761904761905,0.8485714285714285,53,0,0.3394285714285714,54,0,False,False,False,False
olr,none,0.8,0.9,0.42934390771449166,0.48666666666666664,0.46,378,189,0.184,0,393,False,False,False,False
olr,c_only,0.8,0.9,0.5574646023201691,0.6161904761904762,0.8485714285714285,106,53,0.3394285714285714,0,257,False,False,False,False
olr,ordinal,0.8,0.9,0.8315977274284214,0.8504761904761905,0.8485714285714285,53,0,0.3394285714285714,54,0,False,False,False,False
olr,none,0.85,0.2,0.5976970762098136,0.6409523809523809,0.4228571428571429,313,111,0.16914285714285715,115,219,False,False,False,False
olr,c_only,0.85,0.2,0.7555118029895153,0.7790476190476191,0.8371428571428572,81,24,0.33485714285714285,115,74,False,False,False,False
olr,ordinal,0.85,0.2,0.7606740458601822,0.8028571428571428,0.8371428571428572,57,0,0.33485714285714285,140,0,False,False,False,False
olr,none,0.85,0.25,0.6234441716312328,0.6495238095238095,0.4228571428571429,378,176,0.16914285714285715,86,241,False,False,False,False
olr,c_only,0.85,0.25,0.7763431367785957,0.7876190476190477,0.8371428571428572,103,46,0.33485714285714285,86,96,False,False,False,False
olr,ordinal,0.85,0.25,0.7796422212402411,0.8114285714285714,0.8371428571428572,57,0,0.33485714285714285,111,0,False,False,False,False
olr,none,0.85,0.3,0.6203034487630285,0.6171428571428571,0.4228571428571429,403,201,0.16914285714285715,44,284,False,False,False,False
olr,c_only,0.85,0.3,0.7660079862222254,0.7552380952380954,0.8371428571428572,113,56,0.33485714285714285,44,139,False,False,False,False
olr,ordinal,0.85,0.3,0.8057246789275401,0.8276190476190477,0.8371428571428572,57,0,0.33485714285714285,74,0,False,False,False,False
olr,none,0.85,0.35,0.6108001189195532,0.6028571428571429,0.4228571428571429,404,202,0.16914285714285715,29,302,False,False,False,False
olr,c_only,0.85,0.35,0.7555842698321524,0.7409523809523809,0.8371428571428572,114,57,0.33485714285714285,29,157,False,False,False,False
olr,ordinal,0.85,0.35,0.8196786211015965,0.84,0.8371428571428572,57,0,0.33485714285714285,61,0,False,False,False,False
olr,none,0.85,0.4,0.6087416256453675,0.599047619047619,0.4228571428571429,404,202,0.16914285714285715,17,319,False,False,False,False
olr,c_only,0.85,0.4,0.7532194659122625,0.7371428571428572,0.8371428571428572,114,57,0.33485714285714285,17,174,False,False,False,False
olr,ordinal,0.85,0.4,0.8229111444560485,0.8428571428571429,0.8371428571428572,57,0,0.33485714285714285,58,0,False,False,False,False
olr,none,0.85,0.45,0.6096417819564331,0.599047619047619,0.4228571428571429,404,202,0.16914285714285715,9,327,False,False,False,False
olr,c_only,0.85,0.45,0.7540217339481972,0.7371428571428572,0.8371428571428572,114,57,0.33485714285714285,9,182,False,False,False,False
olr,ordinal,0.85,0.45,0.8272305676209069,0.8466666666666667,0.8371428571428572,57,0,0.33485714285714285,54,0,False,False,False,False
olr,none,0.85,0.5,0.581755612701134,0.5752380952380952,0.4228571428571429,404,202,0.16914285714285715,8,341,False,False,False,False
olr,c_only,0.85,0.5,0.7250934560998492,0.7133333333333334,0.8371428571428572,114,57,0.33485714285714285,8,196,False,False,False,False
olr,ordinal,0.85,0.5,0.8272305676209069,0.8466666666666667,0.8371428571428572,57,0,0.33485714285714285,54,0,False,False,False,False
olr,none,0.85,0.55,0.567393547794523,0.5638095238095238,0.4228571428571429,404,202,0.16914285714285715,8,347,False,False,False,False
olr,c_only,0.85,0.55,0.7102518743986734,0.7019047619047619,0.8371428571428572,114,57,0.33485714285714285,8,202,False,False,False,False
olr,ordinal,0.85,0.55,0.8272305676209069,0.8466666666666667,0.8371428571428572,57,0,0.33485714285714285,54,0,False,False,False,False
olr,none,0.85,0.6,0.5574496972546586,0.5561904761904761,0.4228571428571429,404,202,0.16914285714285715,8,351,False,False,False,False
olr,c_only,0.85,0.6,0.6999934232606702,0.6942857142857143,0.8371428571428572,114,57,0.33485714285714285,8,206,False,False,False,False
olr,ordinal,0.85,0.6,0.8272305676209069,0.8466666666666667,0.8371428571428572,57,0,0.33485714285714285,54,0,False,False,False,False
olr,none,0.85,0.65,0.5367709250811443,0.5419047619047619,0.4228571428571429,404,202,0.16914285714285715,5,363,False,False,False,False
olr,c_only,0.85,0.65,0.6787099555826028,0.68,0.8371428571428572,114,57,0.33485714285714285,5,218,False,False,False,False
olr,ordinal,0.85,0.65,0.8272305676209069,0.8466666666666667,0.8371428571428572,57,0,0.33485714285714285,54,0,False,False,False,False
olr,none,0.85,0.7,0.5001169572083042,0.52,0.4228571428571429,404,202,0.16914285714285715,0,382,False,False,False,False
olr,c_only,0.85,0.7,0.6411613909807737,0.6580952380952382,0.8371428571428572,114,57,0.33485714285714285,0,237,False,False,False,False
olr,ordinal,0.85,0.7,0.8272305676209069,0.8466666666666667,0.8371428571428572,57,0,0.33485714285714285,54,0,False,False,False,False
olr,none,0.85,0.75,0.4528435346967206,0.49333333333333335,0.4228571428571429,404,202,0.16914285714285715,0,396,False,False,False,False
olr,c_only,0.85,0.75,0.5928934099015368,0.6314285714285715,0.8371428571428572,114,57,0.33485714285714285,0,251,False,False,False,False
olr,ordinal,0.85,0.75,0.8272305676209069,0.8466666666666667,0.8371428571428572,57,0,0.33485714285714285,54,0,False,False,False,False
olr,none,0.85,0.8,0.4227130569314441,0.4780952380952381,0.4228571428571429,404,202,0.16914285714285715,0,404,False,False,False,False
olr,c_only,0.85,0.8,0.5622133582529724,0.6161904761904762,0.8371428571428572,114,57,0.33485714285714285,0,259,False,False,False,False
olr,ordinal,0.85,0.8,0.8272305676209069,0.8466666666666667,0.8371428571428572,57,0,0.33485714285714285,54,0,False,False,False,False
olr,none,0.85,0.85,0.41477702826160723,0.47428571428571425,0.4228571428571429,404,202,0.16914285714285715,0,406,False,False,False,False
olr,c_only,0.85,0.85,0.5541419980109331,0.6123809523809524,0.8371428571428572,114,57,0.33485714285714285,0,261,False,False,False,False
olr,ordinal,0.85,0.85,0.8272305676209069,0.8466666666666667,0.8371428571428572,57,0,0.33485714285714285,54,0,False,False,False,False
olr,none,0.85,0.9,0.41477702826160723,0.47428571428571425,0.4228571428571429,404,202,0.16914285714285715,0,406,False,False,False,False
olr,c_only,0.85,0.9,0.5541419980109331,0.6123809523809524,0.8371428571428572,114,57,0.33485714285714285,0,261,False,False,False,False
olr,ordinal,0.85,0.9,0.8272305676209069,0.8466666666666667,0.8371428571428572,57,0,0.33485714285714285,54,0,False,False,False,False
olr,none,0.9,0.2,0.5749059650844269,0.6238095238095238,0.37142857142857144,349,129,0.14857142857142858,115,237,False,False,False,False
olr,c_only,0.9,0.2,0.7555118029895153,0.7790476190476191,0.8371428571428572,81,24,0.33485714285714285,115,74,False,False,False,False
olr,ordinal,0.9,0.2,0.7606740458601822,0.8028571428571428,0.8371428571428572,57,0,0.33485714285714285,140,0,False,False,False,False
olr,none,0.9,0.25,0.6013728675469712,0.6323809523809524,0.37142857142857144,414,194,0.14857142857142858,86,259,False,False,False,False
olr,c_only,0.9,0.25,0.7763431367785957,0.7876190476190477,0.8371428571428572,103,46,0.33485714285714285,86,96,False,False,False,False
olr,ordinal,0.9,0.25,0.7796422212402411,0.8114285714285714,0.8371428571428572,57,0,0.33485714285714285,111,0,False,False,False,False
olr,none,0.9,0.3,0.5986122098974258,0.6,0.37142857142857144,439,219,0.14857142857142858,44,302,False,False,False,False
olr,c_only,0.9,0.3,0.7660079862222254,0.7552380952380954,0.8371428571428572,113,56,0.33485714285714285,44,139,False,False,False,False
olr,ordinal,0.9,0.3,0.8057246789275401,0.8276190476190477,0.8371428571428572,57,0,0.33485714285714285,74,0,False,False,False,False
olr,none,0.9,0.35,0.5891774214944946,0.5857142857142857,0.37142857142857144,440,220,0.14857142857142858,29,320,False,False,False,False
olr,c_only,0.9,0.35,0.7555842698321524,0.7409523809523809,0.8371428571428572,114,57,0.33485714285714285,29,157,False,False,False,False
olr,ordinal,0.9,0.35,0.8196786211015965,0.84,0.8371428571428572,57,0,0.33485714285714285,61,0,False,False,False,False
olr,none,0.9,0.4,0.5871347525520307,0.5819047619047619,0.37142857142857144,440,220,0.14857142857142858,17,337,False,False,False,False
olr,c_only,0.9,0.4,0.7532194659122625,0.7371428571428572,0.8371428571428572,114,57,0.33485714285714285,17,174,False,False,False,False
olr,ordinal,0.9,0.4,0.8229111444560485,0.8428571428571429,0.8371428571428572,57,0,0.33485714285714285,58,0,False,False,False,False
olr,none,0.9,0.45,0.5880358705161854,0.5819047619047619,0.37142857142857144,440,220,0.14857142857142858,9,345,False,False,False,False
olr,c_only,0.9,0.45,0.7540217339481972,0.7371428571428572,0.8371428571428572,114,57,0.33485714285714285,9,182,False,False,False,False
olr,ordinal,0.9,0.45,0.8272305676209069,0.8466666666666667,0.8371428571428572,57,0,0.33485714285714285,54,0,False,False,False,False
olr,none,0.9,0.5,0.5602481121898597,0.5580952380952381,0.37142857142857144,440,220,0.14857142857142858,8,359,False,False,False,False
olr,c_only,0.9,0.5,0.7250934560998492,0.7133333333333334,0.8371428571428572,114,57,0.33485714285714285,8,196,False,False,False,False
olr,ordinal,0.9,0.5,0.8272305676209069,0.8466666666666667,0.8371428571428572,57,0,0.33485714285714285,54,0,False,False,False,False
olr,none,0.9,0.55,0.5459319209319209,0.5466666666666666,0.37142857142857144,440,220,0.14857142857142858,8,365,False,False,False,False
olr,c_only,0.9,0.55,0.7102518743986734,0.7019047619047619,0.8371428571428572,114,57,0.33485714285714285,8,202,False,False,False,False
olr,ordinal,0.9,0.55,0.8272305676209069,0.8466666666666667,0.8371428571428572,57,0,0.33485714285714285,54,0,False,False,False,False
olr,none,0.9,0.6,0.5360182088442959,0.539047619047619,0.37142857142857144,440,220,0.14857142857142858,8,369,False,False,False,False
olr,c_only,0.9,0.6,0.6999934232606702,0.6942857142857143,0.8371428571428572,114,57,0.33485714285714285,8,206,False,False,False,False
olr,ordinal,0.9,0.6,0.8272305676209069,0.8466666666666667,0.8371428571428572,57,0,0.33485714285714285,54,0,False,False,False,False
olr,none,0.9,0.65,0.5153946853331163,0.5247619047619048,0.37142857142857144,440,220,0.14857142857142858,5,381,False,False,False,False
olr,c_only,0.9,0.65,0.6787099555826028,0.68,0.8371428571428572,114,57,0.33485714285714285,5,218,False,False,False,False
olr,ordinal,0.9,0.65,0.8272305676209069,0.8466666666666667,0.8371428571428572,57,0,0.33485714285714285,54,0,False,False,False,False
olr,none,0.9,0.7,0.47882248935308347,0.5028571428571429,0.37142857142857144,440,220,0.14857142857142858,0,400,False,False,False,False
olr,c_only,0.9,0.7,0.6411613909807737,0.6580952380952382,0.8371428571428572,114,57,0.33485714285714285,0,237,False,False,False,False
olr,ordinal,0.9,0.7,0.8272305676209069,0.8466666666666667,0.8371428571428572,57,0,0.33485714285714285,54,0,False,False,False,False
olr,none,0.9,0.75,0.43164535503245177,0.4761904761904762,0.37142857142857144,440,220,0.14857142857142858,0,414,False,False,False,False
olr,c_only,0.9,0.75,0.5928934099015368,0.6314285714285715,0.8371428571428572,114,57,0.33485714285714285,0,251,False,False,False,False
olr,ordinal,0.9,0.75,0.8272305676209069,0.8466666666666667,0.8371428571428572,57,0,0.33485714285714285,54,0,False,False,False,False
olr,none,0.9,0.8,0.401568231667709,0.46095238095238095,0.37142857142857144,440,220,0.14857142857142858,0,422,False,False,False,False
olr,c_only,0.9,0.8,0.5622133582529724,0.6161904761904762,0.8371428571428572,114,57,0.33485714285714285,0,259,False,False,False,False
olr,ordinal,0.9,0.8,0.8272305676209069,0.8466666666666667,0.8371428571428572,57,0,0.33485714285714285,54,0,False,False,False,False
olr,none,0.9,0.85,0.3936453576864536,0.45714285714285713,0.37142857142857144,440,220,0.14857142857142858,0,424,False,False,False,False
olr,c_only,0.9,0.85,0.5541419980109331,0.6123809523809524,0.8371428571428572,114,57,0.33485714285714285,0,261,False,False,False,False
olr,ordinal,0.9,0.85,0.8272305676209069,0.8466666666666667,0.8371428571428572,57,0,0.33485714285714285,54,0,False,False,False,False
olr,none,0.9,0.9,0.3936453576864536,0.45714285714285713,0.37142857142857144,440,220,0.14857142857142858,0,424,False,False,False,False
olr,c_only,0.9,0.9,0.5541419980109331,0.6123809523809524,0.8371428571428572,114,57,0.33485714285714285,0,261,False,False,False,False
olr,ordinal,0.9,0.9,0.8272305676209069,0.8466666666666667,0.8371428571428572,57,0,0.33485714285714285,54,0,False,False,False,False
svm,none,0.2,0.2,0.47165587855833796,0.48380952380952386,0.8571428571428571,100,50,0.6754285714285714,224,88,False,False,False,False
svm,c_only,0.2,0.2,0.5094972007620627,0.5314285714285715,1.0,0,0,0.7325714285714285,224,38,False,True,False,False
svm,ordinal,0.2,0.2,0.547623815087691,0.5666666666666667,1.0,0,0,0.7325714285714285,237,0,False,True,True,False
svm,none,0.2,0.25,0.5223320773999403,0.519047619047619,0.8571428571428571,100,50,0.6754285714285714,187,107,False,False,False,False
svm,c_only,0.2,0.25,0.5621183895630898,0.5666666666666667,1.0,0,0,0.7325714285714285,187,57,False,True,False,False
svm,ordinal,0.2,0.25,0.5763227828855515,0.5838095238095238,1.0,0,0,0.7325714285714285,219,0,False,True,True,False
svm,none,0.2,0.3,0.5223320773999403,0.519047619047619,0.8571428571428571,100,50,0.6754285714285714,187,107,False,False,False,False
svm,c_only,0.2,0.3,0.5621183895630898,0.5666666666666667,1.0,0,0,0.7325714285714285,187,57,False,True,False,False
svm,ordinal,0.2,0.3,0.5763227828855515,0.5838095238095238,1.0,0,0,0.7325714285714285,219,0,False,True,True,False
svm,none,0.2,0.35,0.5223320773999403,0.519047619047619,0.8571428571428571,100,50,0.6754285714285714,187,107,False,False,False,False
svm,c_only,0.2,0.35,0.5621183895630898,0.5666666666666667,1.0,0,0,0.7325714285714285,187,57,False,True,False,False
svm,ordinal,0.2,0.35,0.5763227828855515,0.5838095238095238,1.0,0,0,0.7325714285714285,219,0,False,True,True,False
svm,none,0.2,0.4,0.5223320773999403,0.519047619047619,0.8571428571428571,100,50,0.6754285714285714,187,107,False,False,False,False
svm,c_only,0.2,0.4,0.5621183895630898,0.5666666666666667,1.0,0,0,0.7325714285714285,187,57,False,True,False,False
svm,ordinal,0.2,0.4,0.5763227828855515,0.5838095238095238,1.0,0,0,0.7325714285714285,219,0,False,True,True,False
svm,none,0.2,0.45,0.5223320773999403,0.519047619047619,0.8571428571428571,100,50,0.6754285714285714,187,107,False,False,False,False
svm,c_only,0.2,0.45,0.5621183895630898,0.5666666666666667,1.0,0,0,0.7325714285714285,187,57,False,True,False,False
svm,ordinal,0.2,0.45,0.5763227828855515,0.5838095238095238,1.0,0,0,0.7325714285714285,219,0,False,True,True,False
svm,none,0.2,0.5,0.5138023103917378,0.5133333333333333,0.8571428571428571,100,50,0.6754285714285714,187,110,False,False,False,False
svm,c_only,0.2,0.5,0.553411441247032,0.560952380952381,1.0,0,0,0.7325714285714285,187,60,False,True,False,False
svm,ordinal,0.2,0.5,0.5763227828855515,0.5838095238095238,1.0,0,0,0.7325714285714285,219,0,False,True,True,False
svm,none,0.2,0.55,0.46123867822435693,0.48095238095238085,0.8571428571428571,100,50,0.6754285714285714,187,127,False,False,False,False
svm,c_only,0.2,0.55,0.4998945939318708,0.5285714285714286,1.0,0,0,0.7325714285714285,187,77,False,True,False,False
svm,ordinal,0.2,0.55,0.5763227828855515,0.5838095238095238,1.0,0,0,0.7325714285714285,219,0,False,True,True,False
svm,none,0.2,0.6,0.44768864466708885,0.47333333333333333,0.8571428571428571,100,50,0.6754285714285714,187,131,False,False,False,False
svm,c_only,0.2,0.6,0.4861321521856616,0.520952380952381,1.0,0,0,0.7325714285714285,187,81,False,True,False,False
svm,ordinal,0.2,0.6,0.5763227828855515,0.5838095238095238,1.0,0,0,0.7325714285714285,219,0,False,True,True,False
svm,none,0.2,0.65,0.38393837908750905,0.44095238095238093,0.8571428571428571,100,50,0.6754285714285714,187,148,False,False,False,False
svm,c_only,0.2,0.65,0.4215254643388671,0.4885714285714286,1.0,0,0,0.7325714285714285,187,98,False,True,False,False
svm,ordinal,0.2,0.65,0.5763227828855515,0.5838095238095238,1.0,0,0,0.7325714285714285,219,0,False,True,True,False
svm,none,0.2,0.7,0.38393837908750905,0.44095238095238093,0.8571428571428571,100,50,0.6754285714285714,187,148,False,False,False,False
svm,c_only,0.2,0.7,0.4215254643388671,0.4885714285714286,1.0,0,0,0.7325714285714285,187,98,False,True,False,False
svm,ordinal,0.2,0.7,0.5763227828855515,0.5838095238095238,1.0,0,0,0.7325714285714285,219,0,False,True,True,False
svm,none,0.2,0.75,0.38393837908750905,0.44095238095238093,0.8571428571428571,100,50,0.6754285714285714,187,148,False,False,False,False
svm,c_only,0.2,0.75,0.4215254643388671,0.4885714285714286,1.0,0,0,0.7325714285714285,187,98,False,True,False,False
svm,ordinal,0.2,0.75,0.5763227828855515,0.5838095238095238,1.0,0,0,0.7325714285714285,219,0,False,True,True,False
svm,none,0.2,0.8,0.38393837908750905,0.44095238095238093,0.8571428571428571,100,50,0.6754285714285714,187,148,False,False,False,False
svm,c_only,0.2,0.8,0.4215254643388671,0.4885714285714286,1.0,0,0,0.7325714285714285,187,98,False,True,False,False
svm,ordinal,0.2,0.8,0.5763227828855515,0.5838095238095238,1.0,0,0,0.7325714285714285,219,0,False,True,True,False
svm,none,0.2,0.85,0.38393837908750905,0.44095238095238093,0.8571428571428571,100,50,0.6754285714285714,187,148,False,False,False,False
svm,c_only,0.2,0.85,0.4215254643388671,0.4885714285714286,1.0,0,0,0.7325714285714285,187,98,False,True,False,False
svm,ordinal,0.2,0.85,0.5763227828855515,0.5838095238095238,1.0,0,0,0.7325714285714285,219,0,False,True,True,False
svm,none,0.2,0.9,0.38393837908750905,0.44095238095238093,0.8571428571428571,100,50,0.6754285714285714,187,148,False,False,False,False
svm,c_only,0.2,0.9,0.4215254643388671,0.4885714285714286,1.0,0,0,0.7325714285714285,187,98,False,True,False,False
svm,ordinal,0.2,0.9,0.5763227828855515,0.5838095238095238,1.0,0,0,0.7325714285714285,219,0,False,True,True,False
svm,none,0.25,0.2,0.5174701561856939,0.5276190476190475,0.8571428571428571,100,50,0.624,224,88,False,False,False,False
svm,c_only,0.25,0.2,0.5558372111530682,0.5752380952380952,1.0,0,0,0.6811428571428572,224,38,False,True,False,False
svm,ordinal,0.25,0.2,0.5842085347899301,0.6104761904761905,1.0,0,0,0.6811428571428572,237,0,False,True,True,False
svm,none,0.25,0.25,0.6022779089865017,0.5838095238095238,0.8571428571428571,100,50,0.624,165,118,False,False,False,False
svm,c_only,0.25,0.25,0.643463275631852,0.6314285714285715,1.0,0,0,0.6811428571428572,165,68,False,True,False,False
svm,ordinal,0.25,0.25,0.6303969494636869,0.638095238095238,1.0,0,0,0.6811428571428572,208,0,False,True,True,False
svm,none,0.25,0.3,0.6022779089865017,0.5838095238095238,0.8571428571428571,100,50,0.624,165,118,False,False,False,False
svm,c_only,0.25,0.3,0.643463275631852,0.6314285714285715,1.0,0,0,0.6811428571428572,165,68,False,True,False,False
svm,ordinal,0.25,0.3,0.6303969494636869,0.638095238095238,1.0,0,0,0.6811428571428572,208,0,False,True,True,False
svm,none,0.25,0.35,0.6022779089865017,0.5838095238095238,0.8571428571428571,100,50,0.624,165,118,False,False,False,False
svm,c_only,0.25,0.35,0.643463275631852,0.6314285714285715,1.0,0,0,0.6811428571428572,165,68,False,True,False,False
svm,ordinal,0.25,0.35,0.6303969494636869,0.638095238095238,1.0,0,0,0.6811428571428572,208,0,False,True,True,False
svm,none,0.25,0.4,0.6022779089865017,0.5838095238095238,0.8571428571428571,100,50,0.624,165,118,False,False,False,False
svm,c_only,0.25,0.4,0.643463275631852,0.6314285714285715,1.0,0,0,0.6811428571428572,165,68,False,True,False,False
svm,ordinal,0.25,0.4,0.6303969494636869,0.638095238095238,1.0,0,0,0.6811428571428572,208,0,False,True,True,False
svm,none,0.25,0.45,0.5595031061803214,0.5514285714285715,0.8571428571428571,100,50,0.624,165,135,False,False,False,False
svm,c_only,0.25,0.45,0.5997066572468154,0.599047619047619,1.0,0,0,0.6811428571428572,165,85,False,True,False,False
svm,ordinal,0.25,0.45,0.6303969494636869,0.638095238095238,1.0,0,0,0.6811428571428572,208,0,False,True,True,False
svm,none,0.25,0.5,0.5458624516804241,0.5419047619047619,0.8571428571428571,100,50,0.624,165,140,False,False,False,False
svm,c_only,0.25,0.5,0.5857927235409596,0.5895238095238096,1.0,0,0,0.6811428571428572,165,90,False,True,False,False
svm,ordinal,0.25,0.5,0.6303969494636869,0.638095238095238,1.0,0,0,0.6811428571428572,208,0,False,True,True,False
svm,none,0.25,0.55,0.4820795339412361,0.501904761904762,0.8571428571428571,100,50,0.624,165,161,False,False,False,False
svm,c_only,0.25,0.55,0.5209320208555214,0.5495238095238095,1.0,0,0,0.6811428571428572,165,111,False,True,False,False
svm,ordinal,0.25,0.55,0.6303969494636869,0.638095238095238,1.0,0,0,0.6811428571428572,208,0,False,True,True,False
svm,none,0.25,0.6,0.4685461923943797,0.4942857142857142,0.8571428571428571,100,50,0.624,165,165,False,False,False,False
svm,c_only,0.25,0.6,0.5072054044779762,0.5419047619047619,1.0,0,0,0.6811428571428572,165,115,False,True,False,False
svm,ordinal,0.25,0.6,0.6303969494636869,0.638095238095238,1.0,0,0,0.6811428571428572,208,0,False,True,True,False
svm,none,0.25,0.65,0.4048539518900343,0.4619047619047619,0.8571428571428571,100,50,0.624,165,182,False,False,False,False
svm,c_only,0.25,0.65,0.4427310036065166,0.5095238095238095,1.0,0,0,0.6811428571428572,165,132,False,True,False,False
svm,ordinal,0.25,0.65,0.6303969494636869,0.638095238095238,1.0,0,0,0.6811428571428572,208,0,False,True,True,False
svm,none,0.25,0.7,0.4048539518900343,0.4619047619047619,0.8571428571428571,100,50,0.624,165,182,False,False,False,False
svm,c_only,0.25,0.7,0.4427310036065166,0.5095238095238095,1.0,0,0,0.6811428571428572,165,132,False,True,False,False
svm,ordinal,0.25,0.7,0.6303969494636869,0.638095238095238,1.0,0,0,0.6811428571428572,208,0,False,True,True,False
svm,none,0.25,0.75,0.4048539518900343,0.4619047619047619,0.8571428571428571,100,50,0.624,165,182,False,False,False,False
svm,c_only,0.25,0.75,0.4427310036065166,0.5095238095238095,1.0,0,0,0.6811428571428572,165,132,False,True,False,False
svm,ordinal,0.25,0.75,0.6303969494636869,0.638095238095238,1.0,0,0,0.6811428571428572,208,0,False,True,True,False
svm,none,0.25,0.8,0.4048539518900343,0.4619047619047619,0.8571428571428571,100,50,0.624,165,182,False,False,False,False
svm,c_only,0.25,0.8,0.4427310036065166,0.5095238095238095,1.0,0,0,0.6811428571428572,165,132,False,True,False,False
svm,ordinal,0.25,0.8,0.6303969494636869,0.638095238095238,1.0,0,0,0.6811428571428572,208,0,False,True,True,False
svm,none,0.25,0.85,0.4048539518900343,0.4619047619047619,0.8571428571428571,100,50,0.624,165,182,False,False,False,False
svm,c_only,0.25,0.85,0.4427310036065166,0.5095238095238095,1.0,0,0,0.6811428571428572,165,132,False,True,False,False
svm,ordinal,0.25,0.85,0.6303969494636869,0.638095238095238,1.0,0,0,0.6811428571428572,208,0,False,True,True,False
svm,none,0.25,0.9,0.4048539518900343,0.4619047619047619,0.8571428571428571,100,50,0.624,165,182,False,False,False,False
svm,c_only,0.25,0.9,0.4427310036065166,0.5095238095238095,1.0,0,0,0.6811428571428572,165,132,False,True,False,False
svm,ordinal,0.25,0.9,0.6303969494636869,0.638095238095238,1.0,0,0,0.6811428571428572,208,0,False,True,True,False
svm,none,0.3,0.2,0.56539553490773,0.5714285714285715,0.8571428571428571,100,50,0.5874285714285714,206,99,False,False,False,False
svm,c_only,0.3,0.2,0.6051608844048753,0.6190476190476191,1.0,0,0,0.6445714285714286,206,49,False,True,False,False
svm,ordinal,0.3,0.2,0.6139215365374162,0.6438095238095238,1.0,0,0,0.6445714285714286,230,0,False,True,True,False
svm,none,0.3,0.25,0.6508118134431754,0.6276190476190476,0.8571428571428571,100,50,0.5874285714285714,147,129,False,False,False,False
svm,c_only,0.3,0.25,0.692954354932911,0.6752380952380953,1.0,0,0,0.6445714285714286,147,79,False,True,False,False
svm,ordinal,0.3,0.25,0.6592053671948744,0.6714285714285714,1.0,0,0,0.6445714285714286,201,0,False,True,True,False
svm,none,0.3,0.3,0.6508118134431754,0.6276190476190476,0.8571428571428571,100,50,0.5874285714285714,147,129,False,False,False,False
svm,c_only,0.3,0.3,0.692954354932911,0.6752380952380953,1.0,0,0,0.6445714285714286,147,79,False,True,False,False
svm,ordinal,0.3,0.3,0.6592053671948744,0.6714285714285714,1.0,0,0,0.6445714285714286,201,0,False,True,True,False
svm,none,0.3,0.35,0.6508118134431754,0.6276190476190476,0.8571428571428571,100,50,0.5874285714285714,147,129,False,False,False,False
svm,c_only,0.3,0.35,0.692954354932911,0.6752380952380953,1.0,0,0,0.6445714285714286,147,79,False,True,False,False
svm,ordinal,0.3,0.35,0.6592053671948744,0.6714285714285714,1.0,0,0,0.6445714285714286,201,0,False,True,True,False
svm,none,0.3,0.4,0.6238732170363938,0.6047619047619047,0.8571428571428571,100,50,0.5874285714285714,147,141,False,False,False,False
svm,c_only,0.3,0.4,0.6653117053680203,0.6523809523809524,1.0,0,0,0.6445714285714286,147,91,False,True,False,False
svm,ordinal,0.3,0.4,0.6592053671948744,0.6714285714285714,1.0,0,0,0.6445714285714286,201,0,False,True,True,False
svm,none,0.3,0.45,0.5764378836667993,0.5685714285714285,0.8571428571428571,100,50,0.5874285714285714,147,160,False,False,False,False
svm,c_only,0.3,0.45,0.6168418470145496,0.6161904761904762,1.0,0,0,0.6445714285714286,147,110,False,True,False,False
svm,ordinal,0.3,0.45,0.6592053671948744,0.6714285714285714,1.0,0,0,0.6445714285714286,201,0,False,True,True,False
svm,none,0.3,0.5,0.5628057176227291,0.559047619047619,0.8571428571428571,100,50,0.5874285714285714,147,165,False,False,False,False
svm,c_only,0.3,0.5,0.6029525714096092,0.6066666666666666,1.0,0,0,0.6445714285714286,147,115,False,True,False,False
svm,ordinal,0.3,0.5,0.6592053671948744,0.6714285714285714,1.0,0,0,0.6445714285714286,201,0,False,True,True,False
svm,none,0.3,0.55,0.49904531861053597,0.519047619047619,0.8571428571428571,100,50,0.5874285714285714,147,186,False,False,False,False
svm,c_only,0.3,0.55,0.5381750156298843,0.5666666666666667,1.0,0,0,0.6445714285714286,147,136,False,True,False,False
svm,ordinal,0.3,0.55,0.6592053671948744,0.6714285714285714,1.0,0,0,0.6445714285714286,201,0,False,True,True,False
svm,none,0.3,0.6,0.4855140623332266,0.5114285714285715,0.8571428571428571,100,50,0.5874285714285714,147,190,False,False,False,False
svm,c_only,0.3,0.6,0.5244608161819891,0.559047619047619,1.0,0,0,0.6445714285714286,147,140,False,True,False,False
svm,ordinal,0.3,0.6,0.6592053671948744,0.6714285714285714,1.0,0,0,0.6445714285714286,201,0,False,True,True,False
svm,none,0.3,0.65,0.42182372245663385,0.479047619047619,0.8571428571428571,100,50,0.5874285714285714,147,207,False,False,False,False
svm,c_only,0.3,0.65,0.4600284033541116,0.5266666666666667,1.0,0,0,0.6445714285714286,147,157,False,True,False,False
svm,ordinal,0.3,0.65,0.6592053671948744,0.6714285714285714,1.0,0,0,0.6445714285714286,201,0,False,True,True,False
svm,none,0.3,0.7,0.42182372245663385,0.479047619047619,0.8571428571428571,100,50,0.5874285714285714,147,207,False,False,False,False
svm,c_only,0.3,0.7,0.4600284033541116,0.5266666666666667,1.0,0,0,0.6445714285714286,147,157,False,True,False,False
svm,ordinal,0.3,0.7,0.6592053671948744,0.6714285714285714,1.0,0,0,0.6445714285714286,201,0,False,True,True,False
svm,none,0.3,0.75,0.42182372245663385,0.479047619047619,0.8571428571428571,100,50,0.5874285714285714,147,207,False,False,False,False
svm,c_only,0.3,0.75,0.4600284033541116,0.5266666666666667,1.0,0,0,0.6445714285714286,147,157,False,True,False,False
svm,ordinal,0.3,0.75,0.6592053671948744,0.6714285714285714,1.0,0,0,0.6445714285714286,201,0,False,True,True,False
svm,none,0.3,0.8,0.42182372245663385,0.479047619047619,0.8571428571428571,100,50,0.5874285714285714,147,207,False,False,False,False
svm,c_only,0.3,0.8,0.4600284033541116,0.5266666666666667,1.0,0,0,0.6445714285714286,147,157,False,True,False,False
svm,ordinal,0.3,0.8,0.6592053671948744,0.6714285714285714,1.0,0,0,0.6445714285714286,201,0,False,True,True,False
svm,none,0.3,0.85,0.42182372245663385,0.479047619047619,0.8571428571428571,100,50,0.5874285714285714,147,207,False,False,False,False
svm,c_only,0.3,0.85,0.4600284033541116,0.5266666666666667,1.0,0,0,0.6445714285714286,147,157,False,True,False,False
svm,ordinal,0.3,0.85,0.6592053671948744,0.6714285714285714,1.0,0,0,0.6445714285714286,201,0,False,True,True,False
svm,none,0.3,0.9,0.42182372245663385,0.479047619047619,0.8571428571428571,100,50,0.5874285714285714,147,207,False,False,False,False
svm,c_only,0.3,0.9,0.4600284033541116,0.5266666666666667,1.0,0,0,0.6445714285714286,147,157,False,True,False,False
svm,ordinal,0.3,0.9,0.6592053671948744,0.6714285714285714,1.0,0,0,0.6445714285714286,201,0,False,True,True,False
svm,none,0.35,0.2,0.6859989129214904,0.6828571428571428,0.8571428571428571,100,50,0.4502857142857143,107,99,False,False,False,False
svm,c_only,0.35,0.2,0.729674165385039,0.7304761904761904,1.0,0,0,0.5074285714285715,107,49,False,True,False,False
svm,ordinal,0.35,0.2,0.7448192563743495,0.7552380952380952,1.0,0,0,0.5074285714285715,131,0,False,True,True,False
svm,none,0.35,0.25,0.7608005690990177,0.7390476190476191,0.8571428571428571,100,50,0.4502857142857143,48,129,False,False,False,False
svm,c_only,0.35,0.25,0.8053504103221751,0.7866666666666667,1.0,0,0,0.5074285714285715,48,79,False,True,False,False
svm,ordinal,0.35,0.25,0.7816692171073081,0.7828571428571429,1.0,0,0,0.5074285714285715,102,0,False,True,True,False
svm,none,0.35,0.3,0.7608005690990177,0.7390476190476191,0.8571428571428571,100,50,0.4502857142857143,48,129,False,False,False,False
svm,c_only,0.35,0.3,0.8053504103221751,0.7866666666666667,1.0,0,0,0.5074285714285715,48,79,False,True,False,False
svm,ordinal,0.35,0.3,0.7816692171073081,0.7828571428571429,1.0,0,0,0.5074285714285715,102,0,False,True,True,False
svm,none,0.35,0.35,0.7608005690990177,0.7390476190476191,0.8571428571428571,100,50,0.4502857142857143,48,129,False,False,False,False
svm,c_only,0.35,0.35,0.8053504103221751,0.7866666666666667,1.0,0,0,0.5074285714285715,48,79,False,True,False,False
svm,ordinal,0.35,0.35,0.7816692171073081,0.7828571428571429,1.0,0,0,0.5074285714285715,102,0,False,True,True,False
svm,none,0.35,0.4,0.7351311372816749,0.7161904761904762,0.8571428571428571,100,50,0.4502857142857143,48,141,False,False,False,False
svm,c_only,0.35,0.4,0.7790453900000713,0.7638095238095238,1.0,0,0,0.5074285714285715,48,91,False,True,False,False
svm,ordinal,0.35,0.4,0.7816692171073081,0.7828571428571429,1.0,0,0,0.5074285714285715,102,0,False,True,True,False
svm,none,0.35,0.45,0.6902183121537959,0.68,0.8571428571428571,100,50,0.4502857142857143,48,160,False,False,False,False
svm,c_only,0.35,0.45,0.733188007934816,0.7276190476190476,1.0,0,0,0.5074285714285715,48,110,False,True,False,False
svm,ordinal,0.35,0.45,0.7816692171073081,0.7828571428571429,1.0,0,0,0.5074285714285715,102,0,False,True,True,False
svm,none,0.35,0.5,0.6773793402968394,0.6704761904761906,0.8571428571428571,100,50,0.4502857142857143,48,165,False,False,False,False
svm,c_only,0.35,0.5,0.720112261527464,0.7180952380952381,1.0,0,0,0.5074285714285715,48,115,False,True,False,False
svm,ordinal,0.35,0.5,0.7816692171073081,0.7828571428571429,1.0,0,0,0.5074285714285715,102,0,False,True,True,False
svm,none,0.35,0.55,0.5987028987792489,0.6190476190476191,0.8571428571428571,100,50,0.4502857142857143,48,192,False,False,False,False
svm,c_only,0.35,0.55,0.6402348381633453,0.6666666666666666,1.0,0,0,0.5074285714285715,48,142,False,True,False,False
svm,ordinal,0.35,0.55,0.7816692171073081,0.7828571428571429,1.0,0,0,0.5074285714285715,102,0,False,True,True,False
svm,none,0.35,0.6,0.5751832294171003,0.6057142857142858,0.8571428571428571,100,50,0.4502857142857143,48,199,False,False,False,False
svm,c_only,0.35,0.6,0.6164237800812669,0.6533333333333333,1.0,0,0,0.5074285714285715,48,149,False,True,False,False
svm,ordinal,0.35,0.6,0.7816692171073081,0.7828571428571429,1.0,0,0,0.5074285714285715,102,0,False,True,True,False
svm,none,0.35,0.65,0.5110955837635703,0.5733333333333334,0.8571428571428571,100,50,0.4502857142857143,48,216,False,False,False,False
svm,c_only,0.35,0.65,0.5516598560909768,0.620952380952381,1.0,0,0,0.5074285714285715,48,166,False,True,False,False
svm,ordinal,0.35,0.65,0.7816692171073081,0.7828571428571429,1.0,0,0,0.5074285714285715,102,0,False,True,True,False
svm,none,0.35,0.7,0.5110955837635703,0.5733333333333334,0.8571428571428571,100,50,0.4502857142857143,48,216,False,False,False,False
svm,c_only,0.35,0.7,0.5516598560909768,0.620952380952381,1.0,0,0,0.5074285714285715,48,166,False,True,False,False
svm,ordinal,0.35,0.7,0.7816692171073081,0.7828571428571429,1.0,0,0,0.5074285714285715,102,0,False,True,True,False
svm,none,0.35,0.75,0.5110955837635703,0.5733333333333334,0.8571428571428571,100,50,0.4502857142857143,48,216,False,False,False,False
svm,c_only,0.35,0.75,0.5516598560909768,0.620952380952381,1.0,0,0,0.5074285714285715,48,166,False,True,False,False
svm,ordinal,0.35,0.75,0.7816692171073081,0.7828571428571429,1.0,0,0,0.5074285714285715,102,0,False,True,True,False
svm,none,0.35,0.8,0.5110955837635703,0.5733333333333334,0.8571428571428571,100,50,0.4502857142857143,48,216,False,False,False,False
svm,c_only,0.35,0.8,0.5516598560909768,0.620952380952381,1.0,0,0,0.5074285714285715,48,166,False,True,False,False
svm,ordinal,0.35,0.8,0.7816692171073081,0.7828571428571429,1.0,0,0,0.5074285714285715,102,0,False,True,True,False
svm,none,0.35,0.85,0.5110955837635703,0.5733333333333334,0.8571428571428571,100,50,0.4502857142857143,48,216,False,False,False,False
svm,c_only,0.35,0.85,0.5516598560909768,0.620952380952381,1.0,0,0,0.5074285714285715,48,166,False,True,False,False
svm,ordinal,0.35,0.85,0.7816692171073081,0.7828571428571429,1.0,0,0,0.5074285714285715,102,0,False,True,True,False
svm,none,0.35,0.9,0.5110955837635703,0.5733333333333334,0.8571428571428571,100,50,0.4502857142857143,48,216,False,False,False,False
svm,c_only,0.35,0.9,0.5516598560909768,0.620952380952381,1.0,0,0,0.5074285714285715,48,166,False,True,False,False
svm,ordinal,0.35,0.9,0.7816692171073081,0.7828571428571429,1.0,0,0,0.5074285714285715,102,0,False,True,True,False
svm,none,0.4,0.2,0.7335019996477413,0.7295238095238096,0.82,126,63,0.376,77,112,False,False,False,False
svm,c_only,0.4,0.2,0.783306344079433,0.7828571428571429,0.98,14,7,0.44,77,56,False,False,False,False
svm,ordinal,0.4,0.2,0.7951253037480669,0.8076190476190476,0.98,7,0,0.44,101,0,False,True,True,False
svm,none,0.4,0.25,0.8078982089350945,0.7857142857142857,0.82,126,63,0.376,18,142,False,False,False,False
svm,c_only,0.4,0.25,0.8584301080167074,0.8390476190476189,0.98,14,7,0.44,18,86,False,False,False,False
svm,ordinal,0.4,0.25,0.8302335657174368,0.8352380952380952,0.98,7,0,0.44,72,0,False,True,True,False
svm,none,0.4,0.3,0.8078982089350945,0.7857142857142857,0.82,126,63,0.376,18,142,False,False,False,False
svm,c_only,0.4,0.3,0.8584301080167074,0.8390476190476189,0.98,14,7,0.44,18,86,False,False,False,False
svm,ordinal,0.4,0.3,0.8302335657174368,0.8352380952380952,0.98,7,0,0.44,72,0,False,True,True,False
svm,none,0.4,0.35,0.8078982089350945,0.7857142857142857,0.82,126,63,0.376,18,142,False,False,False,False
svm,c_only,0.4,0.35,0.8584301080167074,0.8390476190476189,0.98,14,7,0.44,18,86,False,False,False,False
svm,ordinal,0.4,0.35,0.8302335657174368,0.8352380952380952,0.98,7,0,0.44,72,0,False,True,True,False
svm,none,0.4,0.4,0.7848053571849841,0.7628571428571429,0.82,126,63,0.376,18,154,False,False,False,False
svm,c_only,0.4,0.4,0.8346864044847321,0.8161904761904761,0.98,14,7,0.44,18,98,False,False,False,False
svm,ordinal,0.4,0.4,0.8302335657174368,0.8352380952380952,0.98,7,0,0.44,72,0,False,True,True,False
svm,none,0.4,0.45,0.7447273396259062,0.7266666666666667,0.82,126,63,0.376,18,173,False,False,False,False
svm,c_only,0.4,0.45,0.7936375393612236,0.7799999999999999,0.98,14,7,0.44,18,117,False,False,False,False
svm,ordinal,0.4,0.45,0.8302335657174368,0.8352380952380952,0.98,7,0,0.44,72,0,False,True,True,False
svm,none,0.4,0.5,0.7191731860409881,0.7057142857142856,0.82,126,63,0.376,18,184,False,False,False,False
svm,c_only,0.4,0.5,0.7675524418045251,0.7590476190476191,0.98,14,7,0.44,18,128,False,False,False,False
svm,ordinal,0.4,0.5,0.8302335657174368,0.8352380952380952,0.98,7,0,0.44,72,0,False,True,True,False
svm,none,0.4,0.55,0.6287332840777103,0.6428571428571428,0.82,126,63,0.376,18,217,False,False,False,False
svm,c_only,0.4,0.55,0.6756431308155446,0.6961904761904761,0.98,14,7,0.44,18,161,False,False,False,False
svm,ordinal,0.4,0.55,0.8302335657174368,0.8352380952380952,0.98,7,0,0.44,72,0,False,True,True,False
svm,none,0.4,0.6,0.5926160087024853,0.6219047619047618,0.82,126,63,0.376,18,228,False,False,False,False
svm,c_only,0.4,0.6,0.6390736803024166,0.6752380952380953,0.98,14,7,0.44,18,172,False,False,False,False
svm,ordinal,0.4,0.6,0.8302335657174368,0.8352380952380952,0.98,7,0,0.44,72,0,False,True,True,False
svm,none,0.4,0.65,0.5288107511045655,0.5895238095238096,0.82,126,63,0.376,18,245,False,False,False,False
svm,c_only,0.4,0.65,0.5746031746031747,0.6428571428571429,0.98,14,7,0.44,18,189,False,False,False,False
svm,ordinal,0.4,0.65,0.8302335657174368,0.8352380952380952,0.98,7,0,0.44,72,0,False,True,True,False
svm,none,0.4,0.7,0.5288107511045655,0.5895238095238096,0.82,126,63,0.376,18,245,False,False,False,False
svm,c_only,0.4,0.7,0.5746031746031747,0.6428571428571429,0.98,14,7,0.44,18,189,False,False,False,False
svm,ordinal,0.4,0.7,0.8302335657174368,0.8352380952380952,0.98,7,0,0.44,72,0,False,True,True,False
svm,none,0.4,0.75,0.5288107511045655,0.5895238095238096,0.82,126,63,0.376,18,245,False,False,False,False
svm,c_only,0.4,0.75,0.5746031746031747,0.6428571428571429,0.98,14,7,0.44,18,189,False,False,False,False
svm,ordinal,0.4,0.75,0.8302335657174368,0.8352380952380952,0.98,7,0,0.44,72,0,False,True,True,False
svm,none,0.4,0.8,0.5288107511045655,0.5895238095238096,0.82,126,63,0.376,18,245,False,False,False,False
svm,c_only,0.4,0.8,0.5746031746031747,0.6428571428571429,0.98,14,7,0.44,18,189,False,False,False,False
svm,ordinal,0.4,0.8,0.8302335657174368,0.8352380952380952,0.98,7,0,0.44,72,0,False,True,True,False
svm,none,0.4,0.85,0.5288107511045655,0.5895238095238096,0.82,126,63,0.376,18,245,False,False,False,False
svm,c_only,0.4,0.85,0.5746031746031747,0.6428571428571429,0.98,14,7,0.44,18,189,False,False,False,False
svm,ordinal,0.4,0.85,0.8302335657174368,0.8352380952380952,0.98,7,0,0.44,72,0,False,True,True,False
svm,none,0.4,0.9,0.5288107511045655,0.5895238095238096,0.82,126,63,0.376,18,245,False,False,False,False
svm,c_only,0.4,0.9,0.5746031746031747,0.6428571428571429,0.98,14,7,0.44,18,189,False,False,False,False
svm,ordinal,0.4,0.9,0.8302335657174368,0.8352380952380952,0.98,7,0,0.44,72,0,False,True,True,False
svm,none,0.45,0.2,0.7652645920998212,0.7638095238095238,0.8114285714285714,132,66,0.3474285714285714,72,115,False,False,False,False
svm,c_only,0.45,0.2,0.8154027357967707,0.8171428571428572,0.9714285714285714,20,10,0.4114285714285714,72,59,False,False,False,False
svm,ordinal,0.45,0.2,0.8233776640506045,0.8419047619047619,0.9714285714285714,10,0,0.4114285714285714,96,0,False,True,True,False
svm,none,0.45,0.25,0.8411696802828942,0.82,0.8114285714285714,132,66,0.3474285714285714,13,145,False,False,False,False
svm,c_only,0.45,0.25,0.8920012624947731,0.8733333333333334,0.9714285714285714,20,10,0.4114285714285714,13,89,False,False,False,False
svm,ordinal,0.45,0.25,0.8585865634184512,0.8695238095238095,0.9714285714285714,10,0,0.4114285714285714,67,0,False,True,True,False
svm,none,0.45,0.3,0.8411696802828942,0.82,0.8114285714285714,132,66,0.3474285714285714,13,145,False,False,False,False
svm,c_only,0.45,0.3,0.8920012624947731,0.8733333333333334,0.9714285714285714,20,10,0.4114285714285714,13,89,False,False,False,False
svm,ordinal,0.45,0.3,0.8585865634184512,0.8695238095238095,0.9714285714285714,10,0,0.4114285714285714,67,0,False,True,True,False
svm,none,0.45,0.35,0.8411696802828942,0.82,0.8114285714285714,132,66,0.3474285714285714,13,145,False,False,False,False
svm,c_only,0.45,0.35,0.8920012624947731,0.8733333333333334,0.9714285714285714,20,10,0.4114285714285714,13,89,False,False,False,False
svm,ordinal,0.45,0.35,0.8585865634184512,0.8695238095238095,0.9714285714285714,10,0,0.4114285714285714,67,0,False,True,True,False
svm,none,0.45,0.4,0.8202602342423723,0.7971428571428572,0.8114285714285714,132,66,0.3474285714285714,13,157,False,False,False,False
svm,c_only,0.45,0.4,0.8704513444451596,0.8504761904761905,0.9714285714285714,20,10,0.4114285714285714,13,101,False,False,False,False
svm,ordinal,0.45,0.4,0.8585865634184512,0.8695238095238095,0.9714285714285714,10,0,0.4114285714285714,67,0,False,True,True,False
svm,none,0.45,0.45,0.7484575425670098,0.7285714285714286,0.8114285714285714,132,66,0.3474285714285714,13,193,False,False,False,False
svm,c_only,0.45,0.45,0.7968931261959492,0.7819047619047619,0.9714285714285714,20,10,0.4114285714285714,13,137,False,False,False,False
svm,ordinal,0.45,0.45,0.8585865634184512,0.8695238095238095,0.9714285714285714,10,0,0.4114285714285714,67,0,False,True,True,False
svm,none,0.45,0.5,0.7230572039423063,0.7076190476190476,0.8114285714285714,132,66,0.3474285714285714,13,204,False,False,False,False
svm,c_only,0.45,0.5,0.7710013630423518,0.7609523809523809,0.9714285714285714,20,10,0.4114285714285714,13,148,False,False,False,False
svm,ordinal,0.45,0.5,0.8585865634184512,0.8695238095238095,0.9714285714285714,10,0,0.4114285714285714,67,0,False,True,True,False
svm,none,0.45,0.55,0.6330409455131139,0.6447619047619048,0.8114285714285714,132,66,0.3474285714285714,13,237,False,False,False,False
svm,c_only,0.45,0.55,0.6796218058705851,0.6980952380952381,0.9714285714285714,20,10,0.4114285714285714,13,181,False,False,False,False
svm,ordinal,0.45,0.55,0.8585865634184512,0.8695238095238095,0.9714285714285714,10,0,0.4114285714285714,67,0,False,True,True,False
svm,none,0.45,0.6,0.5970533612080864,0.6238095238095238,0.8114285714285714,132,66,0.3474285714285714,13,248,False,False,False,False
svm,c_only,0.45,0.6,0.6432137109870967,0.6771428571428572,0.9714285714285714,20,10,0.4114285714285714,13,192,False,False,False,False
svm,ordinal,0.45,0.6,0.8585865634184512,0.8695238095238095,0.9714285714285714,10,0,0.4114285714285714,67,0,False,True,True,False
svm,none,0.45,0.65,0.5334382585077383,0.5914285714285714,0.8114285714285714,132,66,0.3474285714285714,13,265,False,False,False,False
svm,c_only,0.45,0.65,0.5789790767727754,0.6447619047619048,0.9714285714285714,20,10,0.4114285714285714,13,209,False,False,False,False
svm,ordinal,0.45,0.65,0.8585865634184512,0.8695238095238095,0.9714285714285714,10,0,0.4114285714285714,67,0,False,True,True,False
svm,none,0.45,0.7,0.5334382585077383,0.5914285714285714,0.8114285714285714,132,66,0.3474285714285714,13,265,False,False,False,False
svm,c_only,0.45,0.7,0.5789790767727754,0.6447619047619048,0.9714285714285714,20,10,0.4114285714285714,13,209,False,False,False,False
svm,ordinal,0.45,0.7,0.8585865634184512,0.8695238095238095,0.9714285714285714,10,0,0.4114285714285714,67,0,False,True,True,False
svm,none,0.45,0.75,0.5334382585077383,0.5914285714285714,0.8114285714285714,132,66,0.3474285714285714,13,265,False,False,False,False
svm,c_only,0.45,0.75,0.5789790767727754,0.6447619047619048,0.9714285714285714,20,10,0.4114285714285714,13,209,False,False,False,False
svm,ordinal,0.45,0.75,0.8585865634184512,0.8695238095238095,0.9714285714285714,10,0,0.4114285714285714,67,0,False,True,True,False
svm,none,0.45,0.8,0.5334382585077383,0.5914285714285714,0.8114285714285714,132,66,0.3474285714285714,13,265,False,False,False,False
svm,c_only,0.45,0.8,0.5789790767727754,0.6447619047619048,0.9714285714285714,20,10,0.4114285714285714,13,209,False,False,False,False
svm,ordinal,0.45,0.8,0.8585865634184512,0.8695238095238095,0.9714285714285714,10,0,0.4114285714285714,67,0,False,True,True,False
svm,none,0.45,0.85,0.5334382585077383,0.5914285714285714,0.8114285714285714,132,66,0.3474285714285714,13,265,False,False,False,False
svm,c_only,0.45,0.85,0.5789790767727754,0.6447619047619048,0.9714285714285714,20,10,0.4114285714285714,13,209,False,False,False,False
svm,ordinal,0.45,0.85,0.8585865634184512,0.8695238095238095,0.9714285714285714,10,0,0.4114285714285714,67,0,False,True,True,False
svm,none,0.45,0.9,0.5334382585077383,0.5914285714285714,0.8114285714285714,132,66,0.3474285714285714,13,265,False,False,False,False
svm,c_only,0.45,0.9,0.5789790767727754,0.6447619047619048,0.9714285714285714,20,10,0.4114285714285714,13,209,False,False,False,False
svm,ordinal,0.45,0.9,0.8585865634184512,0.8695238095238095,0.9714285714285714,10,0,0.4114285714285714,67,0,False,True,True,False
svm,none,0.5,0.2,0.7625206923037181,0.7609523809523809,0.8028571428571428,138,69,0.344,72,118,False,False,False,False
svm,c_only,0.5,0.2,0.8136359654885473,0.8152380952380952,0.9657142857142857,24,12,0.40914285714285714,72,61,False,False,False,False
svm,ordinal,0.5,0.2,0.8212682590443411,0.84,0.9657142857142857,12,0,0.40914285714285714,96,0,False,True,True,False
svm,none,0.5,0.25,0.8383850100431219,0.8171428571428572,0.8028571428571428,138,69,0.344,13,148,False,False,False,False
svm,c_only,0.5,0.25,0.8902124505555178,0.8714285714285714,0.9657142857142857,24,12,0.40914285714285714,13,91,False,False,False,False
svm,ordinal,0.5,0.25,0.8563008249077836,0.8676190476190477,0.9657142857142857,12,0,0.40914285714285714,67,0,False,True,True,False
svm,none,0.5,0.3,0.8383850100431219,0.8171428571428572,0.8028571428571428,138,69,0.344,13,148,False,False,False,False
svm,c_only,0.5,0.3,0.8902124505555178,0.8714285714285714,0.9657142857142857,24,12,0.40914285714285714,13,91,False,False,False,False
svm,ordinal,0.5,0.3,0.8563008249077836,0.8676190476190477,0.9657142857142857,12,0,0.40914285714285714,67,0,False,True,True,False
svm,none,0.5,0.35,0.8383850100431219,0.8171428571428572,0.8028571428571428,138,69,0.344,13,148,False,False,False,False
svm,c_only,0.5,0.35,0.8902124505555178,0.8714285714285714,0.9657142857142857,24,12,0.40914285714285714,13,91,False,False,False,False
svm,ordinal,0.5,0.35,0.8563008249077836,0.8676190476190477,0.9657142857142857,12,0,0.40914285714285714,67,0,False,True,True,False
svm,none,0.5,0.4,0.8175061753110379,0.7942857142857144,0.8028571428571428,138,69,0.344,13,160,False,False,False,False
svm,c_only,0.5,0.4,0.868687894487895,0.8485714285714286,0.9657142857142857,24,12,0.40914285714285714,13,103,False,False,False,False
svm,ordinal,0.5,0.4,0.8563008249077836,0.8676190476190477,0.9657142857142857,12,0,0.40914285714285714,67,0,False,True,True,False
svm,none,0.5,0.45,0.7457876713358672,0.7257142857142856,0.8028571428571428,138,69,0.344,13,196,False,False,False,False
svm,c_only,0.5,0.45,0.7951989844807915,0.7799999999999999,0.9657142857142857,24,12,0.40914285714285714,13,139,False,False,False,False
svm,ordinal,0.5,0.45,0.8563008249077836,0.8676190476190477,0.9657142857142857,12,0,0.40914285714285714,67,0,False,True,True,False
svm,none,0.5,0.5,0.7204109755602476,0.7047619047619048,0.8028571428571428,138,69,0.344,13,207,False,False,False,False
svm,c_only,0.5,0.5,0.7693265667568566,0.7590476190476191,0.9657142857142857,24,12,0.40914285714285714,13,150,False,False,False,False
svm,ordinal,0.5,0.5,0.8563008249077836,0.8676190476190477,0.9657142857142857,12,0,0.40914285714285714,67,0,False,True,True,False
svm,none,0.5,0.55,0.6304604874022283,0.6419047619047619,0.8028571428571428,138,69,0.344,13,240,False,False,False,False
svm,c_only,0.5,0.55,0.6780005450565222,0.6961904761904761,0.9657142857142857,24,12,0.40914285714285714,13,183,False,False,False,False
svm,ordinal,0.5,0.55,0.8563008249077836,0.8676190476190477,0.9657142857142857,12,0,0.40914285714285714,67,0,False,True,True,False
svm,none,0.5,0.6,0.594493244921589,0.620952380952381,0.8028571428571428,138,69,0.344,13,251,False,False,False,False
svm,c_only,0.5,0.6,0.641608923230309,0.6752380952380953,0.9657142857142857,24,12,0.40914285714285714,13,194,False,False,False,False
svm,ordinal,0.5,0.6,0.8563008249077836,0.8676190476190477,0.9657142857142857,12,0,0.40914285714285714,67,0,False,True,True,False
svm,none,0.5,0.65,0.530908159940418,0.5885714285714285,0.8028571428571428,138,69,0.344,13,268,False,False,False,False
svm,c_only,0.5,0.65,0.577398523384096,0.6428571428571429,0.9657142857142857,24,12,0.40914285714285714,13,211,False,False,False,False
svm,ordinal,0.5,0.65,0.8563008249077836,0.8676190476190477,0.9657142857142857,12,0,0.40914285714285714,67,0,False,True,True,False
svm,none,0.5,0.7,0.530908159940418,0.5885714285714285,0.8028571428571428,138,69,0.344,13,268,False,False,False,False
svm,c_only,0.5,0.7,0.577398523384096,0.6428571428571429,0.9657142857142857,24,12,0.40914285714285714,13,211,False,False,False,False
svm,ordinal,0.5,0.7,0.8563008249077836,0.8676190476190477,0.9657142857142857,12,0,0.40914285714285714,67,0,False,True,True,False
svm,none,0.5,0.75,0.530908159940418,0.5885714285714285,0.8028571428571428,138,69,0.344,13,268,False,False,False,False
svm,c_only,0.5,0.75,0.577398523384096,0.6428571428571429,0.9657142857142857,24,12,0.40914285714285714,13,211,False,False,False,False
svm,ordinal,0.5,0.75,0.8563008249077836,0.8676190476190477,0.9657142857142857,12,0,0.40914285714285714,67,0,False,True,True,False
svm,none,0.5,0.8,0.530908159940418,0.5885714285714285,0.8028571428571428,138,69,0.344,13,268,False,False,False,False
svm,c_only,0.5,0.8,0.577398523384096,0.6428571428571429,0.9657142857142857,24,12,0.40914285714285714,13,211,False,False,False,False
svm,ordinal,0.5,0.8,0.8563008249077836,0.8676190476190477,0.9657142857142857,12,0,0.40914285714285714,67,0,False,True,True,False
svm,none,0.5,0.85,0.530908159940418,0.5885714285714285,0.8028571428571428,138,69,0.344,13,268,False,False,False,False
svm,c_only,0.5,0.85,0.577398523384096,0.6428571428571429,0.9657142857142857,24,12,0.40914285714285714,13,211,False,False,False,False
svm,ordinal,0.5,0.85,0.8563008249077836,0.8676190476190477,0.9657142857142857,12,0,0.40914285714285714,67,0,False,True,True,False
svm,none,0.5,0.9,0.530908159940418,0.5885714285714285,0.8028571428571428,138,69,0.344,13,268,False,False,False,False
svm,c_only,0.5,0.9,0.577398523384096,0.6428571428571429,0.9657142857142857,24,12,0.40914285714285714,13,211,False,False,False,False
svm,ordinal,0.5,0.9,0.8563008249077836,0.8676190476190477,0.9657142857142857,12,0,0.40914285714285714,67,0,False,True,True,False
svm,none,0.55,0.2,0.7488560662521809,0.7466666666666666,0.7514285714285714,174,87,0.32,69,136,False,False,False,False
svm,c_only,0.55,0.2,0.8078542780031638,0.8085714285714286,0.9371428571428572,44,22,0.3942857142857143,69,71,False,False,False,False
svm,ordinal,0.55,0.2,0.8140369497119391,0.8333333333333334,0.9371428571428572,22,0,0.3942857142857143,93,0,False,False,False,False
svm,none,0.55,0.25,0.8242407937323192,0.8028571428571428,0.7514285714285714,174,87,0.32,10,166,False,False,False,False
svm,c_only,0.55,0.25,0.8840603520751641,0.8647619047619047,0.9371428571428572,44,22,0.3942857142857143,10,101,False,False,False,False
svm,ordinal,0.55,0.25,0.8480633050004563,0.860952380952381,0.9371428571428572,22,0,0.3942857142857143,64,0,False,False,False,False
svm,none,0.55,0.3,0.8242407937323192,0.8028571428571428,0.7514285714285714,174,87,0.32,10,166,False,False,False,False
svm,c_only,0.55,0.3,0.8840603520751641,0.8647619047619047,0.9371428571428572,44,22,0.3942857142857143,10,101,False,False,False,False
svm,ordinal,0.55,0.3,0.8480633050004563,0.860952380952381,0.9371428571428572,22,0,0.3942857142857143,64,0,False,False,False,False
svm,none,0.55,0.35,0.8242407937323192,0.8028571428571428,0.7514285714285714,174,87,0.32,10,166,False,False,False,False
svm,c_only,0.55,0.35,0.8840603520751641,0.8647619047619047,0.9371428571428572,44,22,0.3942857142857143,10,101,False,False,False,False
svm,ordinal,0.55,0.35,0.8480633050004563,0.860952380952381,0.9371428571428572,22,0,0.3942857142857143,64,0,False,False,False,False
svm,none,0.55,0.4,0.8035322822890739,0.7799999999999999,0.7514285714285714,174,87,0.32,10,178,False,False,False,False
svm,c_only,0.55,0.4,0.8626549303408662,0.8419047619047619,0.9371428571428572,44,22,0.3942857142857143,10,113,False,False,False,False
svm,ordinal,0.55,0.4,0.8480633050004563,0.860952380952381,0.9371428571428572,22,0,0.3942857142857143,64,0,False,False,False,False
svm,none,0.55,0.45,0.7322799464958987,0.7114285714285714,0.7514285714285714,174,87,0.32,10,214,False,False,False,False
svm,c_only,0.55,0.45,0.7894883339730588,0.7733333333333333,0.9371428571428572,44,22,0.3942857142857143,10,149,False,False,False,False
svm,ordinal,0.55,0.45,0.8480633050004563,0.860952380952381,0.9371428571428572,22,0,0.3942857142857143,64,0,False,False,False,False
svm,none,0.55,0.5,0.7070335188979257,0.6904761904761906,0.7514285714285714,174,87,0.32,10,225,False,False,False,False
svm,c_only,0.55,0.5,0.763704958303178,0.7523809523809524,0.9371428571428572,44,22,0.3942857142857143,10,160,False,False,False,False
svm,ordinal,0.55,0.5,0.8480633050004563,0.860952380952381,0.9371428571428572,22,0,0.3942857142857143,64,0,False,False,False,False
svm,none,0.55,0.55,0.617443743898074,0.6276190476190476,0.7514285714285714,174,87,0.32,10,258,False,False,False,False
svm,c_only,0.55,0.55,0.6726230089265158,0.6895238095238095,0.9371428571428572,44,22,0.3942857142857143,10,193,False,False,False,False
svm,ordinal,0.55,0.55,0.8480633050004563,0.860952380952381,0.9371428571428572,22,0,0.3942857142857143,64,0,False,False,False,False
svm,none,0.55,0.6,0.5815875296478744,0.6066666666666666,0.7514285714285714,174,87,0.32,10,269,False,False,False,False
svm,c_only,0.55,0.6,0.6363057468277984,0.6685714285714286,0.9371428571428572,44,22,0.3942857142857143,10,204,False,False,False,False
svm,ordinal,0.55,0.6,0.8480633050004563,0.860952380952381,0.9371428571428572,22,0,0.3942857142857143,64,0,False,False,False,False
svm,none,0.55,0.65,0.5181657848324516,0.5742857142857143,0.7514285714285714,174,87,0.32,10,286,False,False,False,False
svm,c_only,0.55,0.65,0.5722040549378679,0.6361904761904762,0.9371428571428572,44,22,0.3942857142857143,10,221,False,False,False,False
svm,ordinal,0.55,0.65,0.8480633050004563,0.860952380952381,0.9371428571428572,22,0,0.3942857142857143,64,0,False,False,False,False
svm,none,0.55,0.7,0.5181657848324516,0.5742857142857143,0.7514285714285714,174,87,0.32,10,286,False,False,False,False
svm,c_only,0.55,0.7,0.5722040549378679,0.6361904761904762,0.9371428571428572,44,22,0.3942857142857143,10,221,False,False,False,False
svm,ordinal,0.55,0.7,0.8480633050004563,0.860952380952381,0.9371428571428572,22,0,0.3942857142857143,64,0,False,False,False,False
svm,none,0.55,0.75,0.5181657848324516,0.5742857142857143,0.7514285714285714,174,87,0.32,10,286,False,False,False,False
svm,c_only,0.55,0.75,0.5722040549378679,0.6361904761904762,0.9371428571428572,44,22,0.3942857142857143,10,221,False,False,False,False
svm,ordinal,0.55,0.75,0.8480633050004563,0.860952380952381,0.9371428571428572,22,0,0.3942857142857143,64,0,False,False,False,False
svm,none,0.55,0.8,0.5181657848324516,0.5742857142857143,0.7514285714285714,174,87,0.32,10,286,False,False,False,False
svm,c_only,0.55,0.8,0.5722040549378679,0.6361904761904762,0.9371428571428572,44,22,0.3942857142857143,10,221,False,False,False,False
svm,ordinal,0.55,0.8,0.8480633050004563,0.860952380952381,0.9371428571428572,22,0,0.3942857142857143,64,0,False,False,False,False
svm,none,0.55,0.85,0.5181657848324516,0.5742857142857143,0.7514285714285714,174,87,0.32,10,286,False,False,False,False
svm,c_only,0.55,0.85,0.5722040549378679,0.6361904761904762,0.9371428571428572,44,22,0.3942857142857143,10,221,False,False,False,False
svm,ordinal,0.55,0.85,0.8480633050004563,0.860952380952381,0.9371428571428572,22,0,0.3942857142857143,64,0,False,False,False,False
svm,none,0.55,0.9,0.5181657848324516,0.5742857142857143,0.7514285714285714,174,87,0.32,10,286,False,False,False,False
svm,c_only,0.55,0.9,0.5722040549378679,0.6361904761904762,0.9371428571428572,44,22,0.3942857142857143,10,221,False,False,False,False
svm,ordinal,0.55,0.9,0.8480633050004563,0.860952380952381,0.9371428571428572,22,0,0.3942857142857143,64,0,False,False,False,False
svm,none,0.6,0.2,0.617249808189576,0.6514285714285715,0.4085714285714286,304,97,0.16342857142857142,59,232,False,False,False,False
svm,c_only,0.6,0.2,0.7967739530557285,0.8019047619047619,0.86,74,25,0.344,59,74,False,False,False,False
svm,ordinal,0.6,0.2,0.8043206753207418,0.8266666666666667,0.86,49,0,0.344,83,0,False,False,False,False
svm,none,0.6,0.25,0.6751820927961312,0.7057142857142858,0.4085714285714286,326,119,0.16342857142857142,0,269,False,False,False,False
svm,c_only,0.6,0.25,0.86740207753846,0.8561904761904762,0.86,80,31,0.344,0,111,False,False,False,False
svm,ordinal,0.6,0.25,0.8359770126476166,0.8542857142857142,0.86,49,0,0.344,54,0,False,False,False,False
svm,none,0.6,0.3,0.6923956017471206,0.6980952380952381,0.4085714285714286,389,182,0.16342857142857142,0,286,False,False,False,False
svm,c_only,0.6,0.3,0.8669421005647742,0.8485714285714286,0.86,93,44,0.344,0,128,False,False,False,False
svm,ordinal,0.6,0.3,0.8359770126476166,0.8542857142857142,0.86,49,0,0.344,54,0,False,False,False,False
svm,none,0.6,0.35,0.7071105845128605,0.6980952380952381,0.4085714285714286,414,207,0.16342857142857142,0,291,False,False,False,False
svm,c_only,0.6,0.35,0.8696457569995838,0.8485714285714286,0.86,98,49,0.344,0,133,False,False,False,False
svm,ordinal,0.6,0.35,0.8359770126476166,0.8542857142857142,0.86,49,0,0.344,54,0,False,False,False,False
svm,none,0.6,0.4,0.6873528062894527,0.6752380952380953,0.4085714285714286,414,207,0.16342857142857142,0,303,False,False,False,False
svm,c_only,0.6,0.4,0.848608401147609,0.8257142857142856,0.86,98,49,0.344,0,145,False,False,False,False
svm,ordinal,0.6,0.4,0.8359770126476166,0.8542857142857142,0.86,49,0,0.344,54,0,False,False,False,False
svm,none,0.6,0.45,0.6187289874005507,0.6066666666666667,0.4085714285714286,414,207,0.16342857142857142,0,339,False,False,False,False
svm,c_only,0.6,0.45,0.7764411261147194,0.7571428571428571,0.86,98,49,0.344,0,181,False,False,False,False
svm,ordinal,0.6,0.45,0.8359770126476166,0.8542857142857142,0.86,49,0,0.344,54,0,False,False,False,False
svm,none,0.6,0.5,0.5942244023443197,0.5857142857142857,0.4085714285714286,414,207,0.16342857142857142,0,350,False,False,False,False
svm,c_only,0.6,0.5,0.7509347738110298,0.7361904761904762,0.86,98,49,0.344,0,192,False,False,False,False
svm,ordinal,0.6,0.5,0.8359770126476166,0.8542857142857142,0.86,49,0,0.344,54,0,False,False,False,False
svm,none,0.6,0.55,0.5067067984034548,0.5228571428571428,0.4085714285714286,414,207,0.16342857142857142,0,383,False,False,False,False
svm,c_only,0.6,0.55,0.6606144172537388,0.6733333333333333,0.86,98,49,0.344,0,225,False,False,False,False
svm,ordinal,0.6,0.55,0.8359770126476166,0.8542857142857142,0.86,49,0,0.344,54,0,False,False,False,False
svm,none,0.6,0.6,0.4714940108308177,0.501904761904762,0.4085714285714286,414,207,0.16342857142857142,0,394,False,False,False,False
svm,c_only,0.6,0.6,0.6245298662730733,0.6523809523809524,0.86,98,49,0.344,0,236,False,False,False,False
svm,ordinal,0.6,0.6,0.8359770126476166,0.8542857142857142,0.86,49,0,0.344,54,0,False,False,False,False
svm,none,0.6,0.65,0.40902393209179905,0.4695238095238095,0.4085714285714286,414,207,0.16342857142857142,0,411,False,False,False,False
svm,c_only,0.6,0.65,0.5607689801238188,0.62,0.86,98,49,0.344,0,253,False,False,False,False
svm,ordinal,0.6,0.65,0.8359770126476166,0.8542857142857142,0.86,49,0,0.344,54,0,False,False,False,False
svm,none,0.6,0.7,0.40902393209179905,0.4695238095238095,0.4085714285714286,414,207,0.16342857142857142,0,411,False,False,False,False
svm,c_only,0.6,0.7,0.5607689801238188,0.62,0.86,98,49,0.344,0,253,False,False,False,False
svm,ordinal,0.6,0.7,0.8359770126476166,0.8542857142857142,0.86,49,0,0.344,54,0,False,False,False,False
svm,none,0.6,0.75,0.40902393209179905,0.4695238095238095,0.4085714285714286,414,207,0.16342857142857142,0,411,False,False,False,False
svm,c_only,0.6,0.75,0.5607689801238188,0.62,0.86,98,49,0.344,0,253,False,False,False,False
svm,ordinal,0.6,0.75,0.8359770126476166,0.8542857142857142,0.86,49,0,0.344,54,0,False,False,False,False
svm,none,0.6,0.8,0.40902393209179905,0.4695238095238095,0.4085714285714286,414,207,0.16342857142857142,0,411,False,False,False,False
svm,c_only,0.6,0.8,0.5607689801238188,0.62,0.86,98,49,0.344,0,253,False,False,False,False
svm,ordinal,0.6,0.8,0.8359770126476166,0.8542857142857142,0.86,49,0,0.344,54,0,False,False,False,False
svm,none,0.6,0.85,0.40902393209179905,0.4695238095238095,0.4085714285714286,414,207,0.16342857142857142,0,411,False,False,False,False
svm,c_only,0.6,0.85,0.5607689801238188,0.62,0.86,98,49,0.344,0,253,False,False,False,False
svm,ordinal,0.6,0.85,0.8359770126476166,0.8542857142857142,0.86,49,0,0.344,54,0,False,False,False,False
svm,none,0.6,0.9,0.40902393209179905,0.4695238095238095,0.4085714285714286,414,207,0.16342857142857142,0,411,False,False,False,False
svm,c_only,0.6,0.9,0.5607689801238188,0.62,0.86,98,49,0.344,0,253,False,False,False,False
svm,ordinal,0.6,0.9,0.8359770126476166,0.8542857142857142,0.86,49,0,0.344,54,0,False,False,False,False
svm,none,0.65,0.2,0.47420544185472413,0.560952380952381,0.13714285714285715,402,100,0.054857142857142854,59,327,False,False,False,False
svm,c_only,0.65,0.2,0.7967739530557285,0.8019047619047619,0.86,74,25,0.344,59,74,False,False,False,False
svm,ordinal,0.65,0.2,0.8043206753207418,0.8266666666666667,0.86,49,0,0.344,83,0,False,False,False,False
svm,none,0.65,0.25,0.5239835651262393,0.6152380952380953,0.13714285714285715,462,160,0.054857142857142854,0,364,False,False,False,False
svm,c_only,0.65,0.25,0.86740207753846,0.8561904761904762,0.86,80,31,0.344,0,111,False,False,False,False
svm,ordinal,0.65,0.25,0.8359770126476166,0.8542857142857142,0.86,49,0,0.344,54,0,False,False,False,False
svm,none,0.65,0.3,0.5565002012647214,0.6076190476190476,0.13714285714285715,579,277,0.054857142857142854,0,381,False,False,False,False
svm,c_only,0.65,0.3,0.8669421005647742,0.8485714285714286,0.86,93,44,0.344,0,128,False,False,False,False
svm,ordinal,0.65,0.3,0.8359770126476166,0.8542857142857142,0.86,49,0,0.344,54,0,False,False,False,False
svm,none,0.65,0.35,0.572339002604597,0.6076190476190476,0.13714285714285715,604,302,0.054857142857142854,0,386,False,False,False,False
svm,c_only,0.65,0.35,0.8696457569995838,0.8485714285714286,0.86,98,49,0.344,0,133,False,False,False,False
svm,ordinal,0.65,0.35,0.8359770126476166,0.8542857142857142,0.86,49,0,0.344,54,0,False,False,False,False
svm,none,0.65,0.4,0.5530915000241489,0.5847619047619047,0.13714285714285715,604,302,0.054857142857142854,0,398,False,False,False,False
svm,c_only,0.65,0.4,0.848608401147609,0.8257142857142856,0.86,98,49,0.344,0,145,False,False,False,False
svm,ordinal,0.65,0.4,0.8359770126476166,0.8542857142857142,0.86,49,0,0.344,54,0,False,False,False,False
svm,none,0.65,0.45,0.4858953814878951,0.5161904761904762,0.13714285714285715,604,302,0.054857142857142854,0,434,False,False,False,False
svm,c_only,0.65,0.45,0.7764411261147194,0.7571428571428571,0.86,98,49,0.344,0,181,False,False,False,False
svm,ordinal,0.65,0.45,0.8359770126476166,0.8542857142857142,0.86,49,0,0.344,54,0,False,False,False,False
svm,none,0.65,0.5,0.4617984420207674,0.49523809523809526,0.13714285714285715,604,302,0.054857142857142854,0,445,False,False,False,False
svm,c_only,0.65,0.5,0.7509347738110298,0.7361904761904762,0.86,98,49,0.344,0,192,False,False,False,False
svm,ordinal,0.65,0.5,0.8359770126476166,0.8542857142857142,0.86,49,0,0.344,54,0,False,False,False,False
svm,none,0.65,0.55,0.37543117083974337,0.43238095238095237,0.13714285714285715,604,302,0.054857142857142854,0,478,False,False,False,False
svm,c_only,0.65,0.55,0.6606144172537388,0.6733333333333333,0.86,98,49,0.344,0,225,False,False,False,False
svm,ordinal,0.65,0.55,0.8359770126476166,0.8542857142857142,0.86,49,0,0.344,54,0,False,False,False,False
svm,none,0.65,0.6,0.3405792131153853,0.4114285714285715,0.13714285714285715,604,302,0.054857142857142854,0,489,False,False,False,False
svm,c_only,0.65,0.6,0.6245298662730733,0.6523809523809524,0.86,98,49,0.344,0,236,False,False,False,False
svm,ordinal,0.65,0.6,0.8359770126476166,0.8542857142857142,0.86,49,0,0.344,54,0,False,False,False,False
svm,none,0.65,0.65,0.27864613352801965,0.3790476190476191,0.13714285714285715,604,302,0.054857142857142854,0,506,False,False,False,False
svm,c_only,0.65,0.65,0.5607689801238188,0.62,0.86,98,49,0.344,0,253,False,False,False,False
svm,ordinal,0.65,0.65,0.8359770126476166,0.8542857142857142,0.86,49,0,0.344,54,0,False,False,False,False
svm,none,0.65,0.7,0.27864613352801965,0.3790476190476191,0.13714285714285715,604,302,0.054857142857142854,0,506,False,False,False,False
svm,c_only,0.65,0.7,0.5607689801238188,0.62,0.86,98,49,0.344,0,253,False,False,False,False
svm,ordinal,0.65,0.7,0.8359770126476166,0.8542857142857142,0.86,49,0,0.344,54,0,False,False,False,False
svm,none,0.65,0.75,0.27864613352801965,0.3790476190476191,0.13714285714285715,604,302,0.054857142857142854,0,506,False,False,False,False
svm,c_only,0.65,0.75,0.5607689801238188,0.62,0.86,98,49,0.344,0,253,False,False,False,False
svm,ordinal,0.65,0.75,0.8359770126476166,0.8542857142857142,0.86,49,0,0.344,54,0,False,False,False,False
svm,none,0.65,0.8,0.27864613352801965,0.3790476190476191,0.13714285714285715,604,302,0.054857142857142854,0,506,False,False,False,False
svm,c_only,0.65,0.8,0.5607689801238188,0.62,0.86,98,49,0.344,0,253,False,False,False,False
svm,ordinal,0.65,0.8,0.8359770126476166,0.8542857142857142,0.86,49,0,0.344,54,0,False,False,False,False
svm,none,0.65,0.85,0.27864613352801965,0.3790476190476191,0.13714285714285715,604,302,0.054857142857142854,0,506,False,False,False,False
svm,c_only,0.65,0.85,0.5607689801238188,0.62,0.86,98,49,0.344,0,253,False,False,False,False
svm,ordinal,0.65,0.85,0.8359770126476166,0.8542857142857142,0.86,49,0,0.344,54,0,False,False,False,False
svm,none,0.65,0.9,0.27864613352801965,0.3790476190476191,0.13714285714285715,604,302,0.054857142857142854,0,506,False,False,False,False
svm,c_only,0.65,0.9,0.5607689801238188,0.62,0.86,98,49,0.344,0,253,False,False,False,False
svm,ordinal,0.65,0.9,0.8359770126476166,0.8542857142857142,0.86,49,0,0.344,54,0,False,False,False,False
svm,none,0.7,0.2,0.46720187558424836,0.5571428571428572,0.12571428571428572,406,100,0.05028571428571429,59,331,False,False,False,False
svm,c_only,0.7,0.2,0.7967739530557285,0.8019047619047619,0.86,74,25,0.344,59,74,False,False,False,False
svm,ordinal,0.7,0.2,0.8043206753207418,0.8266666666666667,0.86,49,0,0.344,83,0,False,False,False,False
svm,none,0.7,0.25,0.5169119509518231,0.6114285714285714,0.12571428571428572,470,164,0.05028571428571429,0,368,False,False,False,False
svm,c_only,0.7,0.25,0.86740207753846,0.8561904761904762,0.86,80,31,0.344,0,111,False,False,False,False
svm,ordinal,0.7,0.25,0.8359770126476166,0.8542857142857142,0.86,49,0,0.344,54,0,False,False,False,False
svm,none,0.7,0.3,0.5496753098275942,0.6038095238095238,0.12571428571428572,587,281,0.05028571428571429,0,385,False,False,False,False
svm,c_only,0.7,0.3,0.8669421005647742,0.8485714285714286,0.86,93,44,0.344,0,128,False,False,False,False
svm,ordinal,0.7,0.3,0.8359770126476166,0.8542857142857142,0.86,49,0,0.344,54,0,False,False,False,False
svm,none,0.7,0.35,0.5655548413343722,0.6038095238095238,0.12571428571428572,612,306,0.05028571428571429,0,390,False,False,False,False
svm,c_only,0.7,0.35,0.8696457569995838,0.8485714285714286,0.86,98,49,0.344,0,133,False,False,False,False
svm,ordinal,0.7,0.35,0.8359770126476166,0.8542857142857142,0.86,49,0,0.344,54,0,False,False,False,False
svm,none,0.7,0.4,0.5463258838816042,0.5809523809523809,0.12571428571428572,612,306,0.05028571428571429,0,402,False,False,False,False
svm,c_only,0.7,0.4,0.848608401147609,0.8257142857142856,0.86,98,49,0.344,0,145,False,False,False,False
svm,ordinal,0.7,0.4,0.8359770126476166,0.8542857142857142,0.86,49,0,0.344,54,0,False,False,False,False
svm,none,0.7,0.45,0.4791818279511688,0.5123809523809524,0.12571428571428572,612,306,0.05028571428571429,0,438,False,False,False,False
svm,c_only,0.7,0.45,0.7764411261147194,0.7571428571428571,0.86,98,49,0.344,0,181,False,False,False,False
svm,ordinal,0.7,0.45,0.8359770126476166,0.8542857142857142,0.86,49,0,0.344,54,0,False,False,False,False
svm,none,0.7,0.5,0.45509980211649315,0.4914285714285714,0.12571428571428572,612,306,0.05028571428571429,0,449,False,False,False,False
svm,c_only,0.7,0.5,0.7509347738110298,0.7361904761904762,0.86,98,49,0.344,0,192,False,False,False,False
svm,ordinal,0.7,0.5,0.8359770126476166,0.8542857142857142,0.86,49,0,0.344,54,0,False,False,False,False
svm,none,0.7,0.55,0.36877473493981944,0.42857142857142855,0.12571428571428572,612,306,0.05028571428571429,0,482,False,False,False,False
svm,c_only,0.7,0.55,0.6606144172537388,0.6733333333333333,0.86,98,49,0.344,0,225,False,False,False,False
svm,ordinal,0.7,0.55,0.8359770126476166,0.8542857142857142,0.86,49,0,0.344,54,0,False,False,False,False
svm,none,0.7,0.6,0.33393605252905845,0.4076190476190476,0.12571428571428572,612,306,0.05028571428571429,0,493,False,False,False,False
svm,c_only,0.7,0.6,0.6245298662730733,0.6523809523809524,0.86,98,49,0.344,0,236,False,False,False,False
svm,ordinal,0.7,0.6,0.8359770126476166,0.8542857142857142,0.86,49,0,0.344,54,0,False,False,False,False
svm,none,0.7,0.65,0.2720227631233963,0.3752380952380952,0.12571428571428572,612,306,0.05028571428571429,0,510,False,False,False,False
svm,c_only,0.7,0.65,0.5607689801238188,0.62,0.86,98,49,0.344,0,253,False,False,False,False
svm,ordinal,0.7,0.65,0.8359770126476166,0.8542857142857142,0.86,49,0,0.344,54,0,False,False,False,False
svm,none,0.7,0.7,0.2720227631233963,0.3752380952380952,0.12571428571428572,612,306,0.05028571428571429,0,510,False,False,False,False
svm,c_only,0.7,0.7,0.5607689801238188,0.62,0.86,98,49,0.344,0,253,False,False,False,False
svm,ordinal,0.7,0.7,0.8359770126476166,0.8542857142857142,0.86,49,0,0.344,54,0,False,False,False,False
svm,none,0.7,0.75,0.2720227631233963,0.3752380952380952,0.12571428571428572,612,306,0.05028571428571429,0,510,False,False,False,False
svm,c_only,0.7,0.75,0.5607689801238188,0.62,0.86,98,49,0.344,0,253,False,False,False,False
svm,ordinal,0.7,0.75,0.8359770126476166,0.8542857142857142,0.86,49,0,0.344,54,0,False,False,False,False
svm,none,0.7,0.8,0.2720227631233963,0.3752380952380952,0.12571428571428572,612,306,0.05028571428571429,0,510,False,False,False,False
svm,c_only,0.7,0.8,0.5607689801238188,0.62,0.86,98,49,0.344,0,253,False,False,False,False
svm,ordinal,0.7,0.8,0.8359770126476166,0.8542857142857142,0.86,49,0,0.344,54,0,False,False,False,False
svm,none,0.7,0.85,0.2720227631233963,0.3752380952380952,0.12571428571428572,612,306,0.05028571428571429,0,510,False,False,False,False
svm,c_only,0.7,0.85,0.5607689801238188,0.62,0.86,98,49,0.344,0,253,False,False,False,False
svm,ordinal,0.7,0.85,0.8359770126476166,0.8542857142857142,0.86,49,0,0.344,54,0,False,False,False,False
svm,none,0.7,0.9,0.2720227631233963,0.3752380952380952,0.12571428571428572,612,306,0.05028571428571429,0,510,False,False,False,False
svm,c_only,0.7,0.9,0.5607689801238188,0.62,0.86,98,49,0.344,0,253,False,False,False,False
svm,ordinal,0.7,0.9,0.8359770126476166,0.8542857142857142,0.86,49,0,0.344,54,0,False,False,False,False
svm,none,0.75,0.2,0.38138888888888894,0.5152380952380953,0.0,459,109,0.0,59,367,False,False,False,False
svm,c_only,0.75,0.2,0.7878627946429647,0.7942857142857144,0.8371428571428572,82,25,0.33485714285714285,59,74,False,False,False,False
svm,ordinal,0.75,0.2,0.7960966746388564,0.8190476190476191,0.8371428571428572,57,0,0.33485714285714285,83,0,False,False,False,False
svm,none,0.75,0.25,0.43076176131442034,0.5695238095238095,0.0,558,208,0.0,0,412,False,False,False,False
svm,c_only,0.75,0.25,0.8599211222948472,0.8485714285714286,0.8371428571428572,96,39,0.33485714285714285,0,119,False,False,False,False
svm,ordinal,0.75,0.25,0.8272305676209069,0.8466666666666667,0.8371428571428572,57,0,0.33485714285714285,54,0,False,False,False,False
svm,none,0.75,0.3,0.4660493827160494,0.5619047619047619,0.0,675,325,0.0,0,429,False,False,False,False
svm,c_only,0.75,0.3,0.8595877312499557,0.840952380952381,0.8371428571428572,109,52,0.33485714285714285,0,136,False,False,False,False
svm,ordinal,0.75,0.3,0.8272305676209069,0.8466666666666667,0.8371428571428572,57,0,0.33485714285714285,54,0,False,False,False,False
svm,none,0.75,0.35,0.482347828309942,0.5619047619047619,0.0,700,350,0.0,0,434,False,False,False,False
svm,c_only,0.75,0.35,0.8623271067368495,0.840952380952381,0.8371428571428572,114,57,0.33485714285714285,0,141,False,False,False,False
svm,ordinal,0.75,0.35,0.8272305676209069,0.8466666666666667,0.8371428571428572,57,0,0.33485714285714285,54,0,False,False,False,False
svm,none,0.75,0.4,0.46330982893139855,0.539047619047619,0.0,700,350,0.0,0,446,False,False,False,False
svm,c_only,0.75,0.4,0.8413728263861437,0.8180952380952381,0.8371428571428572,114,57,0.33485714285714285,0,153,False,False,False,False
svm,ordinal,0.75,0.4,0.8272305676209069,0.8466666666666667,0.8371428571428572,57,0,0.33485714285714285,54,0,False,False,False,False
svm,none,0.75,0.45,0.3967026111546128,0.4704761904761905,0.0,700,350,0.0,0,482,False,False,False,False
svm,c_only,0.75,0.45,0.7694341574828353,0.7495238095238096,0.8371428571428572,114,57,0.33485714285714285,0,189,False,False,False,False
svm,ordinal,0.75,0.45,0.8272305676209069,0.8466666666666667,0.8371428571428572,57,0,0.33485714285714285,54,0,False,False,False,False
svm,none,0.75,0.5,0.3727745743297028,0.4495238095238095,0.0,700,350,0.0,0,493,False,False,False,False
svm,c_only,0.75,0.5,0.7439920410680262,0.7285714285714286,0.8371428571428572,114,57,0.33485714285714285,0,200,False,False,False,False
svm,ordinal,0.75,0.5,0.8272305676209069,0.8466666666666667,0.8371428571428572,57,0,0.33485714285714285,54,0,False,False,False,False
svm,none,0.75,0.55,0.2868857968676481,0.38666666666666666,0.0,700,350,0.0,0,526,False,False,False,False
svm,c_only,0.75,0.55,0.6538504616035891,0.6657142857142857,0.8371428571428572,114,57,0.33485714285714285,0,233,False,False,False,False
svm,ordinal,0.75,0.55,0.8272305676209069,0.8466666666666667,0.8371428571428572,57,0,0.33485714285714285,54,0,False,False,False,False
svm,none,0.75,0.6,0.25218451066960995,0.3657142857142857,0.0,700,350,0.0,0,537,False,False,False,False
svm,c_only,0.75,0.6,0.6178212294657046,0.6447619047619048,0.8371428571428572,114,57,0.33485714285714285,0,244,False,False,False,False
svm,ordinal,0.75,0.6,0.8272305676209069,0.8466666666666667,0.8371428571428572,57,0,0.33485714285714285,54,0,False,False,False,False
svm,none,0.75,0.65,0.1904761904761905,0.3333333333333333,0.0,700,350,0.0,0,554,False,False,False,False
svm,c_only,0.75,0.65,0.5541419980109331,0.6123809523809524,0.8371428571428572,114,57,0.33485714285714285,0,261,False,False,False,False
svm,ordinal,0.75,0.65,0.8272305676209069,0.8466666666666667,0.8371428571428572,57,0,0.33485714285714285,54,0,False,False,False,False
svm,none,0.75,0.7,0.1904761904761905,0.3333333333333333,0.0,700,350,0.0,0,554,False,False,False,False
svm,c_only,0.75,0.7,0.5541419980109331,0.6123809523809524,0.8371428571428572,114,57,0.33485714285714285,0,261,False,False,False,False
svm,ordinal,0.75,0.7,0.8272305676209069,0.8466666666666667,0.8371428571428572,57,0,0.33485714285714285,54,0,False,False,False,False
svm,none,0.75,0.75,0.1904761904761905,0.3333333333333333,0.0,700,350,0.0,0,554,False,False,False,False
svm,c_only,0.75,0.75,0.5541419980109331,0.6123809523809524,0.8371428571428572,114,57,0.33485714285714285,0,261,False,False,False,False
svm,ordinal,0.75,0.75,0.8272305676209069,0.8466666666666667,0.8371428571428572,57,0,0.33485714285714285,54,0,False,False,False,False
svm,none,0.75,0.8,0.1904761904761905,0.3333333333333333,0.0,700,350,0.0,0,554,False,False,False,False
svm,c_only,0.75,0.8,0.5541419980109331,0.6123809523809524,0.8371428571428572,114,57,0.33485714285714285,0,261,False,False,False,False
svm,ordinal,0.75,0.8,0.8272305676209069,0.8466666666666667,0.8371428571428572,57,0,0.33485714285714285,54,0,False,False,False,False
svm,none,0.75,0.85,0.1904761904761905,0.3333333333333333,0.0,700,350,0.0,0,554,False,False,False,False
svm,c_only,0.75,0.85,0.5541419980109331,0.6123809523809524,0.8371428571428572,114,57,0.33485714285714285,0,261,False,False,False,False
svm,ordinal,0.75,0.85,0.8272305676209069,0.8466666666666667,0.8371428571428572,57,0,0.33485714285714285,54,0,False,False,False,False
svm,none,0.75,0.9,0.1904761904761905,0.3333333333333333,0.0,700,350,0.0,0,554,False,False,False,False
svm,c_only,0.75,0.9,0.5541419980109331,0.6123809523809524,0.8371428571428572,114,57,0.33485714285714285,0,261,False,False,False,False
svm,ordinal,0.75,0.9,0.8272305676209069,0.8466666666666667,0.8371428571428572,57,0,0.33485714285714285,54,0,False,False,False,False
svm,none,0.8,0.2,0.38138888888888894,0.5152380952380953,0.0,459,109,0.0,59,367,False,False,False,False
svm,c_only,0.8,0.2,0.7878627946429647,0.7942857142857144,0.8371428571428572,82,25,0.33485714285714285,59,74,False,False,False,False
svm,ordinal,0.8,0.2,0.7960966746388564,0.8190476190476191,0.8371428571428572,57,0,0.33485714285714285,83,0,False,False,False,False
svm,none,0.8,0.25,0.43076176131442034,0.5695238095238095,0.0,558,208,0.0,0,412,False,False,False,False
svm,c_only,0.8,0.25,0.8599211222948472,0.8485714285714286,0.8371428571428572,96,39,0.33485714285714285,0,119,False,False,False,False
svm,ordinal,0.8,0.25,0.8272305676209069,0.8466666666666667,0.8371428571428572,57,0,0.33485714285714285,54,0,False,False,False,False
svm,none,0.8,0.3,0.4660493827160494,0.5619047619047619,0.0,675,325,0.0,0,429,False,False,False,False
svm,c_only,0.8,0.3,0.8595877312499557,0.840952380952381,0.8371428571428572,109,52,0.33485714285714285,0,136,False,False,False,False
svm,ordinal,0.8,0.3,0.8272305676209069,0.8466666666666667,0.8371428571428572,57,0,0.33485714285714285,54,0,False,False,False,False
svm,none,0.8,0.35,0.482347828309942,0.5619047619047619,0.0,700,350,0.0,0,434,False,False,False,False
svm,c_only,0.8,0.35,0.8623271067368495,0.840952380952381,0.8371428571428572,114,57,0.33485714285714285,0,141,False,False,False,False
svm,ordinal,0.8,0.35,0.8272305676209069,0.8466666666666667,0.8371428571428572,57,0,0.33485714285714285,54,0,False,False,False,False
svm,none,0.8,0.4,0.46330982893139855,0.539047619047619,0.0,700,350,0.0,0,446,False,False,False,False
svm,c_only,0.8,0.4,0.8413728263861437,0.8180952380952381,0.8371428571428572,114,57,0.33485714285714285,0,153,False,False,False,False
svm,ordinal,0.8,0.4,0.8272305676209069,0.8466666666666667,0.8371428571428572,57,0,0.33485714285714285,54,0,False,False,False,False
svm,none,0.8,0.45,0.3967026111546128,0.4704761904761905,0.0,700,350,0.0,0,482,False,False,False,False
svm,c_only,0.8,0.45,0.7694341574828353,0.7495238095238096,0.8371428571428572,114,57,0.33485714285714285,0,189,False,False,False,False
svm,ordinal,0.8,0.45,0.8272305676209069,0.8466666666666667,0.8371428571428572,57,0,0.33485714285714285,54,0,False,False,False,False
svm,none,0.8,0.5,0.3727745743297028,0.4495238095238095,0.0,700,350,0.0,0,493,False,False,False,False
svm,c_only,0.8,0.5,0.7439920410680262,0.7285714285714286,0.8371428571428572,114,57,0.33485714285714285,0,200,False,False,False,False
svm,ordinal,0.8,0.5,0.8272305676209069,0.8466666666666667,0.8371428571428572,57,0,0.33485714285714285,54,0,False,False,False,False
svm,none,0.8,0.55,0.2868857968676481,0.38666666666666666,0.0,700,350,0.0,0,526,False,False,False,False
svm,c_only,0.8,0.55,0.6538504616035891,0.6657142857142857,0.8371428571428572,114,57,0.33485714285714285,0,233,False,False,False,False
svm,ordinal,0.8,0.55,0.8272305676209069,0.8466666666666667,0.8371428571428572,57,0,0.33485714285714285,54,0,False,False,False,False
svm,none,0.8,0.6,0.25218451066960995,0.3657142857142857,0.0,700,350,0.0,0,537,False,False,False,False
svm,c_only,0.8,0.6,0.6178212294657046,0.6447619047619048,0.8371428571428572,114,57,0.33485714285714285,0,244,False,False,False,False
svm,ordinal,0.8,0.6,0.8272305676209069,0.8466666666666667,0.8371428571428572,57,0,0.33485714285714285,54,0,False,False,False,False
svm,none,0.8,0.65,0.1904761904761905,0.3333333333333333,0.0,700,350,0.0,0,554,False,False,False,False
svm,c_only,0.8,0.65,0.5541419980109331,0.6123809523809524,0.8371428571428572,114,57,0.33485714285714285,0,261,False,False,False,False
svm,ordinal,0.8,0.65,0.8272305676209069,0.8466666666666667,0.8371428571428572,57,0,0.33485714285714285,54,0,False,False,False,False
svm,none,0.8,0.7,0.1904761904761905,0.3333333333333333,0.0,700,350,0.0,0,554,False,False,False,False
svm,c_only,0.8,0.7,0.5541419980109331,0.6123809523809524,0.8371428571428572,114,57,0.33485714285714285,0,261,False,False,False,False
svm,ordinal,0.8,0.7,0.8272305676209069,0.8466666666666667,0.8371428571428572,57,0,0.33485714285714285,54,0,False,False,False,False
svm,none,0.8,0.75,0.1904761904761905,0.3333333333333333,0.0,700,350,0.0,0,554,False,False,False,False
svm,c_only,0.8,0.75,0.5541419980109331,0.6123809523809524,0.8371428571428572,114,57,0.33485714285714285,0,261,False,False,False,False
svm,ordinal,0.8,0.75,0.8272305676209069,0.8466666666666667,0.8371428571428572,57,0,0.33485714285714285,54,0,False,False,False,False
svm,none,0.8,0.8,0.1904761904761905,0.3333333333333333,0.0,700,350,0.0,0,554,False,False,False,False
svm,c_only,0.8,0.8,0.5541419980109331,0.6123809523809524,0.8371428571428572,114,57,0.33485714285714285,0,261,False,False,False,False
svm,ordinal,0.8,0.8,0.8272305676209069,0.8466666666666667,0.8371428571428572,57,0,0.33485714285714285,54,0,False,False,False,False
svm,none,0.8,0.85,0.1904761904761905,0.3333333333333333,0.0,700,350,0.0,0,554,False,False,False,False
svm,c_only,0.8,0.85,0.5541419980109331,0.6123809523809524,0.8371428571428572,114,57,0.33485714285714285,0,261,False,False,False,False
svm,ordinal,0.8,0.85,0.8272305676209069,0.8466666666666667,0.8371428571428572,57,0,0.33485714285714285,54,0,False,False,False,False
svm,none,0.8,0.9,0.1904761904761905,0.3333333333333333,0.0,700,350,0.0,0,554,False,False,False,False
svm,c_only,0.8,0.9,0.5541419980109331,0.6123809523809524,0.8371428571428572,114,57,0.33485714285714285,0,261,False,False,False,False
svm,ordinal,0.8,0.9,0.8272305676209069,0.8466666666666667,0.8371428571428572,57,0,0.33485714285714285,54,0,False,False,False,False
svm,none,0.85,0.2,0.38138888888888894,0.5152380952380953,0.0,459,109,0.0,59,367,False,False,False,False
svm,c_only,0.85,0.2,0.7878627946429647,0.7942857142857144,0.8371428571428572,82,25,0.33485714285714285,59,74,False,False,False,False
svm,ordinal,0.85,0.2,0.7960966746388564,0.8190476190476191,0.8371428571428572,57,0,0.33485714285714285,83,0,False,False,False,False
svm,none,0.85,0.25,0.43076176131442034,0.5695238095238095,0.0,558,208,0.0,0,412,False,False,False,False
svm,c_only,0.85,0.25,0.8599211222948472,0.8485714285714286,0.8371428571428572,96,39,0.33485714285714285,0,119,False,False,False,False
svm,ordinal,0.85,0.25,0.8272305676209069,0.8466666666666667,0.8371428571428572,57,0,0.33485714285714285,54,0,False,False,False,False
svm,none,0.85,0.3,0.4660493827160494,0.5619047619047619,0.0,675,325,0.0,0,429,False,False,False,False
svm,c_only,0.85,0.3,0.8595877312499557,0.840952380952381,0.8371428571428572,109,52,0.33485714285714285,0,136,False,False,False,False
svm,ordinal,0.85,0.3,0.8272305676209069,0.8466666666666667,0.8371428571428572,57,0,0.33485714285714285,54,0,False,False,False,False
svm,none,0.85,0.35,0.482347828309942,0.5619047619047619,0.0,700,350,0.0,0,434,False,False,False,False
svm,c_only,0.85,0.35,0.8623271067368495,0.840952380952381,0.8371428571428572,114,57,0.33485714285714285,0,141,False,False,False,False
svm,ordinal,0.85,0.35,0.8272305676209069,0.8466666666666667,0.8371428571428572,57,0,0.33485714285714285,54,0,False,False,False,False
svm,none,0.85,0.4,0.46330982893139855,0.539047619047619,0.0,700,350,0.0,0,446,False,False,False,False
svm,c_only,0.85,0.4,0.8413728263861437,0.8180952380952381,0.8371428571428572,114,57,0.33485714285714285,0,153,False,False,False,False
svm,ordinal,0.85,0.4,0.8272305676209069,0.8466666666666667,0.8371428571428572,57,0,0.33485714285714285,54,0,False,False,False,False
svm,none,0.85,0.45,0.3967026111546128,0.4704761904761905,0.0,700,350,0.0,0,482,False,False,False,False
svm,c_only,0.85,0.45,0.7694341574828353,0.7495238095238096,0.8371428571428572,114,57,0.33485714285714285,0,189,False,False,False,False
svm,ordinal,0.85,0.45,0.8272305676209069,0.8466666666666667,0.8371428571428572,57,0,0.33485714285714285,54,0,False,False,False,False
svm,none,0.85,0.5,0.3727745743297028,0.4495238095238095,0.0,700,350,0.0,0,493,False,False,False,False
svm,c_only,0.85,0.5,0.7439920410680262,0.7285714285714286,0.8371428571428572,114,57,0.33485714285714285,0,200,False,False,False,False
svm,ordinal,0.85,0.5,0.8272305676209069,0.8466666666666667,0.8371428571428572,57,0,0.33485714285714285,54,0,False,False,False,False
svm,none,0.85,0.55,0.2868857968676481,0.38666666666666666,0.0,700,350,0.0,0,526,False,False,False,False
svm,c_only,0.85,0.55,0.6538504616035891,0.6657142857142857,0.8371428571428572,114,57,0.33485714285714285,0,233,False,False,False,False
svm,ordinal,0.85,0.55,0.8272305676209069,0.8466666666666667,0.8371428571428572,57,0,0.33485714285714285,54,0,False,False,False,False
svm,none,0.85,0.6,0.25218451066960995,0.3657142857142857,0.0,700,350,0.0,0,537,False,False,False,False
svm,c_only,0.85,0.6,0.6178212294657046,0.6447619047619048,0.8371428571428572,114,57,0.33485714285714285,0,244,False,False,False,False
svm,ordinal,0.85,0.6,0.8272305676209069,0.8466666666666667,0.8371428571428572,57,0,0.33485714285714285,54,0,False,False,False,False
svm,none,0.85,0.65,0.1904761904761905,0.3333333333333333,0.0,700,350,0.0,0,554,False,False,False,False
svm,c_only,0.85,0.65,0.5541419980109331,0.6123809523809524,0.8371428571428572,114,57,0.33485714285714285,0,261,False,False,False,False
svm,ordinal,0.85,0.65,0.8272305676209069,0.8466666666666667,0.8371428571428572,57,0,0.33485714285714285,54,0,False,False,False,False
svm,none,0.85,0.7,0.1904761904761905,0.3333333333333333,0.0,700,350,0.0,0,554,False,False,False,False
svm,c_only,0.85,0.7,0.5541419980109331,0.6123809523809524,0.8371428571428572,114,57,0.33485714285714285,0,261,False,False,False,False
svm,ordinal,0.85,0.7,0.8272305676209069,0.8466666666666667,0.8371428571428572,57,0,0.33485714285714285,54,0,False,False,False,False
svm,none,0.85,0.75,0.1904761904761905,0.3333333333333333,0.0,700,350,0.0,0,554,False,False,False,False
svm,c_only,0.85,0.75,0.5541419980109331,0.6123809523809524,0.8371428571428572,114,57,0.33485714285714285,0,261,False,False,False,False
svm,ordinal,0.85,0.75,0.8272305676209069,0.8466666666666667,0.8371428571428572,57,0,0.33485714285714285,54,0,False,False,False,False
svm,none,0.85,0.8,0.1904761904761905,0.3333333333333333,0.0,700,350,0.0,0,554,False,False,False,False
svm,c_only,0.85,0.8,0.5541419980109331,0.6123809523809524,0.8371428571428572,114,57,0.33485714285714285,0,261,False,False,False,False
svm,ordinal,0.85,0.8,0.8272305676209069,0.8466666666666667,0.8371428571428572,57,0,0.33485714285714285,54,0,False,False,False,False
svm,none,0.85,0.85,0.1904761904761905,0.3333333333333333,0.0,700,350,0.0,0,554,False,False,False,False
svm,c_only,0.85,0.85,0.5541419980109331,0.6123809523809524,0.8371428571428572,114,57,0.33485714285714285,0,261,False,False,False,False
svm,ordinal,0.85,0.85,0.8272305676209069,0.8466666666666667,0.8371428571428572,57,0,0.33485714285714285,54,0,False,False,False,False
svm,none,0.85,0.9,0.1904761904761905,0.3333333333333333,0.0,700,350,0.0,0,554,False,False,False,False
svm,c_only,0.85,0.9,0.5541419980109331,0.6123809523809524,0.8371428571428572,114,57,0.33485714285714285,0,261,False,False,False,False
svm,ordinal,0.85,0.9,0.8272305676209069,0.8466666666666667,0.8371428571428572,57,0,0.33485714285714285,54,0,False,False,False,False
svm,none,0.9,0.2,0.38138888888888894,0.5152380952380953,0.0,459,109,0.0,59,367,False,False,False,False
svm,c_only,0.9,0.2,0.7878627946429647,0.7942857142857144,0.8371428571428572,82,25,0.33485714285714285,59,74,False,False,False,False
svm,ordinal,0.9,0.2,0.7960966746388564,0.8190476190476191,0.8371428571428572,57,0,0.33485714285714285,83,0,False,False,False,False
svm,none,0.9,0.25,0.43076176131442034,0.5695238095238095,0.0,558,208,0.0,0,412,False,False,False,False
svm,c_only,0.9,0.25,0.8599211222948472,0.8485714285714286,0.8371428571428572,96,39,0.33485714285714285,0,119,False,False,False,False
svm,ordinal,0.9,0.25,0.8272305676209069,0.8466666666666667,0.8371428571428572,57,0,0.33485714285714285,54,0,False,False,False,False
svm,none,0.9,0.3,0.4660493827160494,0.5619047619047619,0.0,675,325,0.0,0,429,False,False,False,False
svm,c_only,0.9,0.3,0.8595877312499557,0.840952380952381,0.8371428571428572,109,52,0.33485714285714285,0,136,False,False,False,False
svm,ordinal,0.9,0.3,0.8272305676209069,0.8466666666666667,0.8371428571428572,57,0,0.33485714285714285,54,0,False,False,False,False
svm,none,0.9,0.35,0.482347828309942,0.5619047619047619,0.0,700,350,0.0,0,434,False,False,False,False
svm,c_only,0.9,0.35,0.8623271067368495,0.840952380952381,0.8371428571428572,114,57,0.33485714285714285,0,141,False,False,False,False
svm,ordinal,0.9,0.35,0.8272305676209069,0.8466666666666667,0.8371428571428572,57,0,0.33485714285714285,54,0,False,False,False,False
svm,none,0.9,0.4,0.46330982893139855,0.539047619047619,0.0,700,350,0.0,0,446,False,False,False,False
svm,c_only,0.9,0.4,0.8413728263861437,0.8180952380952381,0.8371428571428572,114,57,0.33485714285714285,0,153,False,False,False,False
svm,ordinal,0.9,0.4,0.8272305676209069,0.8466666666666667,0.8371428571428572,57,0,0.33485714285714285,54,0,False,False,False,False
svm,none,0.9,0.45,0.3967026111546128,0.4704761904761905,0.0,700,350,0.0,0,482,False,False,False,False
svm,c_only,0.9,0.45,0.7694341574828353,0.7495238095238096,0.8371428571428572,114,57,0.33485714285714285,0,189,False,False,False,False
svm,ordinal,0.9,0.45,0.8272305676209069,0.8466666666666667,0.8371428571428572,57,0,0.33485714285714285,54,0,False,False,False,False
svm,none,0.9,0.5,0.3727745743297028,0.4495238095238095,0.0,700,350,0.0,0,493,False,False,False,False
svm,c_only,0.9,0.5,0.7439920410680262,0.7285714285714286,0.8371428571428572,114,57,0.33485714285714285,0,200,False,False,False,False
svm,ordinal,0.9,0.5,0.8272305676209069,0.8466666666666667,0.8371428571428572,57,0,0.33485714285714285,54,0,False,False,False,False
svm,none,0.9,0.55,0.2868857968676481,0.38666666666666666,0.0,700,350,0.0,0,526,False,False,False,False
svm,c_only,0.9,0.55,0.6538504616035891,0.6657142857142857,0.8371428571428572,114,57,0.33485714285714285,0,233,False,False,False,False
svm,ordinal,0.9,0.55,0.8272305676209069,0.8466666666666667,0.8371428571428572,57,0,0.33485714285714285,54,0,False,False,False,False
svm,none,0.9,0.6,0.25218451066960995,0.3657142857142857,0.0,700,350,0.0,0,537,False,False,False,False
svm,c_only,0.9,0.6,0.6178212294657046,0.6447619047619048,0.8371428571428572,114,57,0.33485714285714285,0,244,False,False,False,False
svm,ordinal,0.9,0.6,0.8272305676209069,0.8466666666666667,0.8371428571428572,57,0,0.33485714285714285,54,0,False,False,False,False
svm,none,0.9,0.65,0.1904761904761905,0.3333333333333333,0.0,700,350,0.0,0,554,False,False,False,False
svm,c_only,0.9,0.65,0.5541419980109331,0.6123809523809524,0.8371428571428572,114,57,0.33485714285714285,0,261,False,False,False,False
svm,ordinal,0.9,0.65,0.8272305676209069,0.8466666666666667,0.8371428571428572,57,0,0.33485714285714285,54,0,False,False,False,False
svm,none,0.9,0.7,0.1904761904761905,0.3333333333333333,0.0,700,350,0.0,0,554,False,False,False,False
svm,c_only,0.9,0.7,0.5541419980109331,0.6123809523809524,0.8371428571428572,114,57,0.33485714285714285,0,261,False,False,False,False
svm,ordinal,0.9,0.7,0.8272305676209069,0.8466666666666667,0.8371428571428572,57,0,0.33485714285714285,54,0,False,False,False,False
svm,none,0.9,0.75,0.1904761904761905,0.3333333333333333,0.0,700,350,0.0,0,554,False,False,False,False
svm,c_only,0.9,0.75,0.5541419980109331,0.6123809523809524,0.8371428571428572,114,57,0.33485714285714285,0,261,False,False,False,False
svm,ordinal,0.9,0.75,0.8272305676209069,0.8466666666666667,0.8371428571428572,57,0,0.33485714285714285,54,0,False,False,False,False
svm,none,0.9,0.8,0.1904761904761905,0.3333333333333333,0.0,700,350,0.0,0,554,False,False,False,False
svm,c_only,0.9,0.8,0.5541419980109331,0.6123809523809524,0.8371428571428572,114,57,0.33485714285714285,0,261,False,False,False,False
svm,ordinal,0.9,0.8,0.8272305676209069,0.8466666666666667,0.8371428571428572,57,0,0.33485714285714285,54,0,False,False,False,False
svm,none,0.9,0.85,0.1904761904761905,0.3333333333333333,0.0,700,350,0.0,0,554,False,False,False,False
svm,c_only,0.9,0.85,0.5541419980109331,0.6123809523809524,0.8371428571428572,114,57,0.33485714285714285,0,261,False,False,False,False
svm,ordinal,0.9,0.85,0.8272305676209069,0.8466666666666667,0.8371428571428572,57,0,0.33485714285714285,54,0,False,False,False,False
svm,none,0.9,0.9,0.1904761904761905,0.3333333333333333,0.0,700,350,0.0,0,554,False,False,False,False
svm,c_only,0.9,0.9,0.5541419980109331,0.6123809523809524,0.8371428571428572,114,57,0.33485714285714285,0,261,False,False,False,False
svm,ordinal,0.9,0.9,0.8272305676209069,0.8466666666666667,0.8371428571428572,57,0,0.33485714285714285,54,0,False,False,False,False
gbdt,none,0.2,0.2,0.8834824601206274,0.8723809523809524,0.8514285714285714,102,50,0.368,26,130,False,False,False,False
gbdt,c_only,0.2,0.2,0.932445053071204,0.9219047619047619,1.0,0,0,0.42742857142857144,26,78,False,True,False,False
gbdt,ordinal,0.2,0.2,0.8970539884512837,0.919047619047619,1.0,0,0,0.42742857142857144,79,0,False,True,True,False
gbdt,none,0.2,0.25,0.8834824601206274,0.8723809523809524,0.8514285714285714,102,50,0.368,26,130,False,False,False,False
gbdt,c_only,0.2,0.25,0.932445053071204,0.9219047619047619,1.0,0,0,0.42742857142857144,26,78,False,True,False,False
gbdt,ordinal,0.2,0.25,0.8970539884512837,0.919047619047619,1.0,0,0,0.42742857142857144,79,0,False,True,True,False
gbdt,none,0.2,0.3,0.8834824601206274,0.8723809523809524,0.8514285714285714,102,50,0.368,26,130,False,False,False,False
gbdt,c_only,0.2,0.3,0.932445053071204,0.9219047619047619,1.0,0,0,0.42742857142857144,26,78,False,True,False,False
gbdt,ordinal,0.2,0.3,0.8970539884512837,0.919047619047619,1.0,0,0,0.42742857142857144,79,0,False,True,True,False
gbdt,none,0.2,0.35,0.8834824601206274,0.8723809523809524,0.8514285714285714,102,50,0.368,26,130,False,False,False,False
gbdt,c_only,0.2,0.35,0.932445053071204,0.9219047619047619,1.0,0,0,0.42742857142857144,26,78,False,True,False,False
gbdt,ordinal,0.2,0.35,0.8970539884512837,0.919047619047619,1.0,0,0,0.42742857142857144,79,0,False,True,True,False
gbdt,none,0.2,0.4,0.8834824601206274,0.8723809523809524,0.8514285714285714,102,50,0.368,26,130,False,False,False,False
gbdt,c_only,0.2,0.4,0.932445053071204,0.9219047619047619,1.0,0,0,0.42742857142857144,26,78,False,True,False,False
gbdt,ordinal,0.2,0.4,0.8970539884512837,0.919047619047619,1.0,0,0,0.42742857142857144,79,0,False,True,True,False
gbdt,none,0.2,0.45,0.8834824601206274,0.8723809523809524,0.8514285714285714,102,50,0.368,26,130,False,False,False,False
gbdt,c_only,0.2,0.45,0.932445053071204,0.9219047619047619,1.0,0,0,0.42742857142857144,26,78,False,True,False,False
gbdt,ordinal,0.2,0.45,0.8970539884512837,0.919047619047619,1.0,0,0,0.42742857142857144,79,0,False,True,True,False
gbdt,none,0.2,0.5,0.8849113193137098,0.8733333333333334,0.8514285714285714,102,50,0.368,25,131,False,False,False,False
gbdt,c_only,0.2,0.5,0.9338921221137323,0.9228571428571429,1.0,0,0,0.42742857142857144,25,79,False,True,False,False
gbdt,ordinal,0.2,0.5,0.8970539884512837,0.919047619047619,1.0,0,0,0.42742857142857144,79,0,False,True,True,False
gbdt,none,0.2,0.55,0.8849113193137098,0.8733333333333334,0.8514285714285714,102,50,0.368,25,131,False,False,False,False
gbdt,c_only,0.2,0.55,0.9338921221137323,0.9228571428571429,1.0,0,0,0.42742857142857144,25,79,False,True,False,False
gbdt,ordinal,0.2,0.55,0.8970539884512837,0.919047619047619,1.0,0,0,0.42742857142857144,79,0,False,True,True,False
gbdt,none,0.2,0.6,0.8849113193137098,0.8733333333333334,0.8514285714285714,102,50,0.368,25,131,False,False,False,False
gbdt,c_only,0.2,0.6,0.9338921221137323,0.9228571428571429,1.0,0,0,0.42742857142857144,25,79,False,True,False,False
gbdt,ordinal,0.2,0.6,0.8970539884512837,0.919047619047619,1.0,0,0,0.42742857142857144,79,0,False,True,True,False
gbdt,none,0.2,0.65,0.8849113193137098,0.8733333333333334,0.8514285714285714,102,50,0.368,25,131,False,False,False,False
gbdt,c_only,0.2,0.65,0.9338921221137323,0.9228571428571429,1.0,0,0,0.42742857142857144,25,79,False,True,False,False
gbdt,ordinal,0.2,0.65,0.8970539884512837,0.919047619047619,1.0,0,0,0.42742857142857144,79,0,False,True,True,False
gbdt,none,0.2,0.7,0.8849113193137098,0.8733333333333334,0.8514285714285714,102,50,0.368,25,131,False,False,False,False
gbdt,c_only,0.2,0.7,0.9338921221137323,0.9228571428571429,1.0,0,0,0.42742857142857144,25,79,False,True,False,False
gbdt,ordinal,0.2,0.7,0.8970539884512837,0.919047619047619,1.0,0,0,0.42742857142857144,79,0,False,True,True,False
gbdt,none,0.2,0.75,0.8849113193137098,0.8733333333333334,0.8514285714285714,102,50,0.368,25,131,False,False,False,False
gbdt,c_only,0.2,0.75,0.9338921221137323,0.9228571428571429,1.0,0,0,0.42742857142857144,25,79,False,True,False,False
gbdt,ordinal,0.2,0.75,0.8970539884512837,0.919047619047619,1.0,0,0,0.42742857142857144,79,0,False,True,True,False
gbdt,none,0.2,0.8,0.8849113193137098,0.8733333333333334,0.8514285714285714,102,50,0.368,25,131,False,False,False,False
gbdt,c_only,0.2,0.8,0.9338921221137323,0.9228571428571429,1.0,0,0,0.42742857142857144,25,79,False,True,False,False
gbdt,ordinal,0.2,0.8,0.8970539884512837,0.919047619047619,1.0,0,0,0.42742857142857144,79,0,False,True,True,False
gbdt,none,0.2,0.85,0.8849113193137098,0.8733333333333334,0.8514285714285714,102,50,0.368,25,131,False,False,False,False
gbdt,c_only,0.2,0.85,0.9338921221137323,0.9228571428571429,1.0,0,0,0.42742857142857144,25,79,False,True,False,False
gbdt,ordinal,0.2,0.85,0.8970539884512837,0.919047619047619,1.0,0,0,0.42742857142857144,79,0,False,True,True,False
gbdt,none,0.2,0.9,0.8849113193137098,0.8733333333333334,0.8514285714285714,102,50,0.368,25,131,False,False,False,False
gbdt,c_only,0.2,0.9,0.9338921221137323,0.9228571428571429,1.0,0,0,0.42742857142857144,25,79,False,True,False,False
gbdt,ordinal,0.2,0.9,0.8970539884512837,0.919047619047619,1.0,0,0,0.42742857142857144,79,0,False,True,True,False
gbdt,none,0.25,0.2,0.8834824601206274,0.8723809523809524,0.8514285714285714,102,50,0.368,26,130,False,False,False,False
gbdt,c_only,0.25,0.2,0.932445053071204,0.9219047619047619,1.0,0,0,0.42742857142857144,26,78,False,True,False,False
gbdt,ordinal,0.25,0.2,0.8970539884512837,0.919047619047619,1.0,0,0,0.42742857142857144,79,0,False,True,True,False
gbdt,none,0.25,0.25,0.8834824601206274,0.8723809523809524,0.8514285714285714,102,50,0.368,26,130,False,False,False,False
gbdt,c_only,0.25,0.25,0.932445053071204,0.9219047619047619,1.0,0,0,0.42742857142857144,26,78,False,True,False,False
gbdt,ordinal,0.25,0.25,0.8970539884512837,0.919047619047619,1.0,0,0,0.42742857142857144,79,0,False,True,True,False
gbdt,none,0.25,0.3,0.8834824601206274,0.8723809523809524,0.8514285714285714,102,50,0.368,26,130,False,False,False,False
gbdt,c_only,0.25,0.3,0.932445053071204,0.9219047619047619,1.0,0,0,0.42742857142857144,26,78,False,True,False,False
gbdt,ordinal,0.25,0.3,0.8970539884512837,0.919047619047619,1.0,0,0,0.42742857142857144,79,0,False,True,True,False
gbdt,none,0.25,0.35,0.8834824601206274,0.8723809523809524,0.8514285714285714,102,50,0.368,26,130,False,False,False,False
gbdt,c_only,0.25,0.35,0.932445053071204,0.9219047619047619,1.0,0,0,0.42742857142857144,26,78,False,True,False,False
gbdt,ordinal,0.25,0.35,0.8970539884512837,0.919047619047619,1.0,0,0,0.42742857142857144,79,0,False,True,True,False
gbdt,none,0.25,0.4,0.8834824601206274,0.8723809523809524,0.8514285714285714,102,50,0.368,26,130,False,False,False,False
gbdt,c_only,0.25,0.4,0.932445053071204,0.9219047619047619,1.0,0,0,0.42742857142857144,26,78,False,True,False,False
gbdt,ordinal,0.25,0.4,0.8970539884512837,0.919047619047619,1.0,0,0,0.42742857142857144,79,0,False,True,True,False
gbdt,none,0.25,0.45,0.8834824601206274,0.8723809523809524,0.8514285714285714,102,50,0.368,26,130,False,False,False,False
gbdt,c_only,0.25,0.45,0.932445053071204,0.9219047619047619,1.0,0,0,0.42742857142857144,26,78,False,True,False,False
gbdt,ordinal,0.25,0.45,0.8970539884512837,0.919047619047619,1.0,0,0,0.42742857142857144,79,0,False,True,True,False
gbdt,none,0.25,0.5,0.8849113193137098,0.8733333333333334,0.8514285714285714,102,50,0.368,25,131,False,False,False,False
gbdt,c_only,0.25,0.5,0.9338921221137323,0.9228571428571429,1.0,0,0,0.42742857142857144,25,79,False,True,False,False
gbdt,ordinal,0.25,0.5,0.8970539884512837,0.919047619047619,1.0,0,0,0.42742857142857144,79,0,False,True,True,False
gbdt,none,0.25,0.55,0.8849113193137098,0.8733333333333334,0.8514285714285714,102,50,0.368,25,131,False,False,False,False
gbdt,c_only,0.25,0.55,0.9338921221137323,0.9228571428571429,1.0,0,0,0.42742857142857144,25,79,False,True,False,False
gbdt,ordinal,0.25,0.55,0.8970539884512837,0.919047619047619,1.0,0,0,0.42742857142857144,79,0,False,True,True,False
gbdt,none,0.25,0.6,0.8849113193137098,0.8733333333333334,0.8514285714285714,102,50,0.368,25,131,False,False,False,False
gbdt,c_only,0.25,0.6,0.9338921221137323,0.9228571428571429,1.0,0,0,0.42742857142857144,25,79,False,True,False,False
gbdt,ordinal,0.25,0.6,0.8970539884512837,0.919047619047619,1.0,0,0,0.42742857142857144,79,0,False,True,True,False
gbdt,none,0.25,0.65,0.8849113193137098,0.8733333333333334,0.8514285714285714,102,50,0.368,25,131,False,False,False,False
gbdt,c_only,0.25,0.65,0.9338921221137323,0.9228571428571429,1.0,0,0,0.42742857142857144,25,79,False,True,False,False
gbdt,ordinal,0.25,0.65,0.8970539884512837,0.919047619047619,1.0,0,0,0.42742857142857144,79,0,False,True,True,False
gbdt,none,0.25,0.7,0.8849113193137098,0.8733333333333334,0.8514285714285714,102,50,0.368,25,131,False,False,False,False
gbdt,c_only,0.25,0.7,0.9338921221137323,0.9228571428571429,1.0,0,0,0.42742857142857144,25,79,False,True,False,False
gbdt,ordinal,0.25,0.7,0.8970539884512837,0.919047619047619,1.0,0,0,0.42742857142857144,79,0,False,True,True,False
gbdt,none,0.25,0.75,0.8849113193137098,0.8733333333333334,0.8514285714285714,102,50,0.368,25,131,False,False,False,False
gbdt,c_only,0.25,0.75,0.9338921221137323,0.9228571428571429,1.0,0,0,0.42742857142857144,25,79,False,True,False,False
gbdt,ordinal,0.25,0.75,0.8970539884512837,0.919047619047619,1.0,0,0,0.42742857142857144,79,0,False,True,True,False
gbdt,none,0.25,0.8,0.8849113193137098,0.8733333333333334,0.8514285714285714,102,50,0.368,25,131,False,False,False,False
gbdt,c_only,0.25,0.8,0.9338921221137323,0.9228571428571429,1.0,0,0,0.42742857142857144,25,79,False,True,False,False
gbdt,ordinal,0.25,0.8,0.8970539884512837,0.919047619047619,1.0,0,0,0.42742857142857144,79,0,False,True,True,False
gbdt,none,0.25,0.85,0.8849113193137098,0.8733333333333334,0.8514285714285714,102,50,0.368,25,131,False,False,False,False
gbdt,c_only,0.25,0.85,0.9338921221137323,0.9228571428571429,1.0,0,0,0.42742857142857144,25,79,False,True,False,False
gbdt,ordinal,0.25,0.85,0.8970539884512837,0.919047619047619,1.0,0,0,0.42742857142857144,79,0,False,True,True,False
gbdt,none,0.25,0.9,0.8849113193137098,0.8733333333333334,0.8514285714285714,102,50,0.368,25,131,False,False,False,False
gbdt,c_only,0.25,0.9,0.9338921221137323,0.9228571428571429,1.0,0,0,0.42742857142857144,25,79,False,True,False,False
gbdt,ordinal,0.25,0.9,0.8970539884512837,0.919047619047619,1.0,0,0,0.42742857142857144,79,0,False,True,True,False
gbdt,none,0.3,0.2,0.9061669312373813,0.8952380952380953,0.8514285714285714,102,50,0.3405714285714286,2,130,False,False,False,False
gbdt,c_only,0.3,0.2,0.9553616977859402,0.9447619047619048,1.0,0,0,0.4,2,78,False,True,False,False
gbdt,ordinal,0.3,0.2,0.9220717400651065,0.9419047619047619,1.0,0,0,0.4,55,0,False,True,True,False
gbdt,none,0.3,0.25,0.9061669312373813,0.8952380952380953,0.8514285714285714,102,50,0.3405714285714286,2,130,False,False,False,False
gbdt,c_only,0.3,0.25,0.9553616977859402,0.9447619047619048,1.0,0,0,0.4,2,78,False,True,False,False
gbdt,ordinal,0.3,0.25,0.9220717400651065,0.9419047619047619,1.0,0,0,0.4,55,0,False,True,True,False
gbdt,none,0.3,0.3,0.9061669312373813,0.8952380952380953,0.8514285714285714,102,50,0.3405714285714286,2,130,False,False,False,False
gbdt,c_only,0.3,0.3,0.9553616977859402,0.9447619047619048,1.0,0,0,0.4,2,78,False,True,False,False
gbdt,ordinal,0.3,0.3,0.9220717400651065,0.9419047619047619,1.0,0,0,0.4,55,0,False,True,True,False
gbdt,none,0.3,0.35,0.9061669312373813,0.8952380952380953,0.8514285714285714,102,50,0.3405714285714286,2,130,False,False,False,False
gbdt,c_only,0.3,0.35,0.9553616977859402,0.9447619047619048,1.0,0,0,0.4,2,78,False,True,False,False
gbdt,ordinal,0.3,0.35,0.9220717400651065,0.9419047619047619,1.0,0,0,0.4,55,0,False,True,True,False
gbdt,none,0.3,0.4,0.9061669312373813,0.8952380952380953,0.8514285714285714,102,50,0.3405714285714286,2,130,False,False,False,False
gbdt,c_only,0.3,0.4,0.9553616977859402,0.9447619047619048,1.0,0,0,0.4,2,78,False,True,False,False
gbdt,ordinal,0.3,0.4,0.9220717400651065,0.9419047619047619,1.0,0,0,0.4,55,0,False,True,True,False
gbdt,none,0.3,0.45,0.9061669312373813,0.8952380952380953,0.8514285714285714,102,50,0.3405714285714286,2,130,False,False,False,False
gbdt,c_only,0.3,0.45,0.9553616977859402,0.9447619047619048,1.0,0,0,0.4,2,78,False,True,False,False
gbdt,ordinal,0.3,0.45,0.9220717400651065,0.9419047619047619,1.0,0,0,0.4,55,0,False,True,True,False
gbdt,none,0.3,0.5,0.9075651231206786,0.8961904761904762,0.8514285714285714,102,50,0.3405714285714286,1,131,False,False,False,False
gbdt,c_only,0.3,0.5,0.956775586510576,0.9457142857142857,1.0,0,0,0.4,1,79,False,True,False,False
gbdt,ordinal,0.3,0.5,0.9220717400651065,0.9419047619047619,1.0,0,0,0.4,55,0,False,True,True,False
gbdt,none,0.3,0.55,0.9075651231206786,0.8961904761904762,0.8514285714285714,102,50,0.3405714285714286,1,131,False,False,False,False
gbdt,c_only,0.3,0.55,0.956775586510576,0.9457142857142857,1.0,0,0,0.4,1,79,False,True,False,False
gbdt,ordinal,0.3,0.55,0.9220717400651065,0.9419047619047619,1.0,0,0,0.4,55,0,False,True,True,False
gbdt,none,0.3,0.6,0.9075651231206786,0.8961904761904762,0.8514285714285714,102,50,0.3405714285714286,1,131,False,False,False,False
gbdt,c_only,0.3,0.6,0.956775586510576,0.9457142857142857,1.0,0,0,0.4,1,79,False,True,False,False
gbdt,ordinal,0.3,0.6,0.9220717400651065,0.9419047619047619,1.0,0,0,0.4,55,0,False,True,True,False
gbdt,none,0.3,0.65,0.9075651231206786,0.8961904761904762,0.8514285714285714,102,50,0.3405714285714286,1,131,False,False,False,False
gbdt,c_only,0.3,0.65,0.956775586510576,0.9457142857142857,1.0,0,0,0.4,1,79,False,True,False,False
gbdt,ordinal,0.3,0.65,0.9220717400651065,0.9419047619047619,1.0,0,0,0.4,55,0,False,True,True,False
gbdt,none,0.3,0.7,0.9075651231206786,0.8961904761904762,0.8514285714285714,102,50,0.3405714285714286,1,131,False,False,False,False
gbdt,c_only,0.3,0.7,0.956775586510576,0.9457142857142857,1.0,0,0,0.4,1,79,False,True,False,False
gbdt,ordinal,0.3,0.7,0.9220717400651065,0.9419047619047619,1.0,0,0,0.4,55,0,False,True,True,False
gbdt,none,0.3,0.75,0.9075651231206786,0.8961904761904762,0.8514285714285714,102,50,0.3405714285714286,1,131,False,False,False,False
gbdt,c_only,0.3,0.75,0.956775586510576,0.9457142857142857,1.0,0,0,0.4,1,79,False,True,False,False
gbdt,ordinal,0.3,0.75,0.9220717400651065,0.9419047619047619,1.0,0,0,0.4,55,0,False,True,True,False
gbdt,none,0.3,0.8,0.9075651231206786,0.8961904761904762,0.8514285714285714,102,50,0.3405714285714286,1,131,False,False,False,False
gbdt,c_only,0.3,0.8,0.956775586510576,0.9457142857142857,1.0,0,0,0.4,1,79,False,True,False,False
gbdt,ordinal,0.3,0.8,0.9220717400651065,0.9419047619047619,1.0,0,0,0.4,55,0,False,True,True,False
gbdt,none,0.3,0.85,0.9075651231206786,0.8961904761904762,0.8514285714285714,102,50,0.3405714285714286,1,131,False,False,False,False
gbdt,c_only,0.3,0.85,0.956775586510576,0.9457142857142857,1.0,0,0,0.4,1,79,False,True,False,False
gbdt,ordinal,0.3,0.85,0.9220717400651065,0.9419047619047619,1.0,0,0,0.4,55,0,False,True,True,False
gbdt,none,0.3,0.9,0.9075651231206786,0.8961904761904762,0.8514285714285714,102,50,0.3405714285714286,1,131,False,False,False,False
gbdt,c_only,0.3,0.9,0.956775586510576,0.9457142857142857,1.0,0,0,0.4,1,79,False,True,False,False
gbdt,ordinal,0.3,0.9,0.9220717400651065,0.9419047619047619,1.0,0,0,0.4,55,0,False,True,True,False
gbdt,none,0.35,0.2,0.9061669312373813,0.8952380952380953,0.8514285714285714,102,50,0.3405714285714286,2,130,False,False,False,False
gbdt,c_only,0.35,0.2,0.9553616977859402,0.9447619047619048,1.0,0,0,0.4,2,78,False,True,False,False
gbdt,ordinal,0.35,0.2,0.9220717400651065,0.9419047619047619,1.0,0,0,0.4,55,0,False,True,True,False
gbdt,none,0.35,0.25,0.9061669312373813,0.8952380952380953,0.8514285714285714,102,50,0.3405714285714286,2,130,False,False,False,False
gbdt,c_only,0.35,0.25,0.9553616977859402,0.9447619047619048,1.0,0,0,0.4,2,78,False,True,False,False
gbdt,ordinal,0.35,0.25,0.9220717400651065,0.9419047619047619,1.0,0,0,0.4,55,0,False,True,True,False
gbdt,none,0.35,0.3,0.9061669312373813,0.8952380952380953,0.8514285714285714,102,50,0.3405714285714286,2,130,False,False,False,False
gbdt,c_only,0.35,0.3,0.9553616977859402,0.9447619047619048,1.0,0,0,0.4,2,78,False,True,False,False
gbdt,ordinal,0.35,0.3,0.9220717400651065,0.9419047619047619,1.0,0,0,0.4,55,0,False,True,True,False
gbdt,none,0.35,0.35,0.9061669312373813,0.8952380952380953,0.8514285714285714,102,50,0.3405714285714286,2,130,False,False,False,False
gbdt,c_only,0.35,0.35,0.9553616977859402,0.9447619047619048,1.0,0,0,0.4,2,78,False,True,False,False
gbdt,ordinal,0.35,0.35,0.9220717400651065,0.9419047619047619,1.0,0,0,0.4,55,0,False,True,True,False
gbdt,none,0.35,0.4,0.9061669312373813,0.8952380952380953,0.8514285714285714,102,50,0.3405714285714286,2,130,False,False,False,False
gbdt,c_only,0.35,0.4,0.9553616977859402,0.9447619047619048,1.0,0,0,0.4,2,78,False,True,False,False
gbdt,ordinal,0.35,0.4,0.9220717400651065,0.9419047619047619,1.0,0,0,0.4,55,0,False,True,True,False
gbdt,none,0.35,0.45,0.9061669312373813,0.8952380952380953,0.8514285714285714,102,50,0.3405714285714286,2,130,False,False,False,False
gbdt,c_only,0.35,0.45,0.9553616977859402,0.9447619047619048,1.0,0,0,0.4,2,78,False,True,False,False
gbdt,ordinal,0.35,0.45,0.9220717400651065,0.9419047619047619,1.0,0,0,0.4,55,0,False,True,True,False
gbdt,none,0.35,0.5,0.9075651231206786,0.8961904761904762,0.8514285714285714,102,50,0.3405714285714286,1,131,False,False,False,False
gbdt,c_only,0.35,0.5,0.956775586510576,0.9457142857142857,1.0,0,0,0.4,1,79,False,True,False,False
gbdt,ordinal,0.35,0.5,0.9220717400651065,0.9419047619047619,1.0,0,0,0.4,55,0,False,True,True,False
gbdt,none,0.35,0.55,0.9075651231206786,0.8961904761904762,0.8514285714285714,102,50,0.3405714285714286,1,131,False,False,False,False
gbdt,c_only,0.35,0.55,0.956775586510576,0.9457142857142857,1.0,0,0,0.4,1,79,False,True,False,False
gbdt,ordinal,0.35,0.55,0.9220717400651065,0.9419047619047619,1.0,0,0,0.4,55,0,False,True,True,False
gbdt,none,0.35,0.6,0.9075651231206786,0.8961904761904762,0.8514285714285714,102,50,0.3405714285714286,1,131,False,False,False,False
gbdt,c_only,0.35,0.6,0.956775586510576,0.9457142857142857,1.0,0,0,0.4,1,79,False,True,False,False
gbdt,ordinal,0.35,0.6,0.9220717400651065,0.9419047619047619,1.0,0,0,0.4,55,0,False,True,True,False
gbdt,none,0.35,0.65,0.9075651231206786,0.8961904761904762,0.8514285714285714,102,50,0.3405714285714286,1,131,False,False,False,False
gbdt,c_only,0.35,0.65,0.956775586510576,0.9457142857142857,1.0,0,0,0.4,1,79,False,True,False,False
gbdt,ordinal,0.35,0.65,0.9220717400651065,0.9419047619047619,1.0,0,0,0.4,55,0,False,True,True,False
gbdt,none,0.35,0.7,0.9075651231206786,0.8961904761904762,0.8514285714285714,102,50,0.3405714285714286,1,131,False,False,False,False
gbdt,c_only,0.35,0.7,0.956775586510576,0.9457142857142857,1.0,0,0,0.4,1,79,False,True,False,False
gbdt,ordinal,0.35,0.7,0.9220717400651065,0.9419047619047619,1.0,0,0,0.4,55,0,False,True,True,False
gbdt,none,0.35,0.75,0.9075651231206786,0.8961904761904762,0.8514285714285714,102,50,0.3405714285714286,1,131,False,False,False,False
gbdt,c_only,0.35,0.75,0.956775586510576,0.9457142857142857,1.0,0,0,0.4,1,79,False,True,False,False
gbdt,ordinal,0.35,0.75,0.9220717400651065,0.9419047619047619,1.0,0,0,0.4,55,0,False,True,True,False
gbdt,none,0.35,0.8,0.9075651231206786,0.8961904761904762,0.8514285714285714,102,50,0.3405714285714286,1,131,False,False,False,False
gbdt,c_only,0.35,0.8,0.956775586510576,0.9457142857142857,1.0,0,0,0.4,1,79,False,True,False,False
gbdt,ordinal,0.35,0.8,0.9220717400651065,0.9419047619047619,1.0,0,0,0.4,55,0,False,True,True,False
gbdt,none,0.35,0.85,0.9075651231206786,0.8961904761904762,0.8514285714285714,102,50,0.3405714285714286,1,131,False,False,False,False
gbdt,c_only,0.35,0.85,0.956775586510576,0.9457142857142857,1.0,0,0,0.4,1,79,False,True,False,False
gbdt,ordinal,0.35,0.85,0.9220717400651065,0.9419047619047619,1.0,0,0,0.4,55,0,False,True,True,False
gbdt,none,0.35,0.9,0.9075651231206786,0.8961904761904762,0.8514285714285714,102,50,0.3405714285714286,1,131,False,False,False,False
gbdt,c_only,0.35,0.9,0.956775586510576,0.9457142857142857,1.0,0,0,0.4,1,79,False,True,False,False
gbdt,ordinal,0.35,0.9,0.9220717400651065,0.9419047619047619,1.0,0,0,0.4,55,0,False,True,True,False
gbdt,none,0.4,0.2,0.9061669312373813,0.8952380952380953,0.8514285714285714,102,50,0.3405714285714286,2,130,False,False,False,False
gbdt,c_only,0.4,0.2,0.9553616977859402,0.9447619047619048,1.0,0,0,0.4,2,78,False,True,False,False
gbdt,ordinal,0.4,0.2,0.9220717400651065,0.9419047619047619,1.0,0,0,0.4,55,0,False,True,True,False
gbdt,none,0.4,0.25,0.9061669312373813,0.8952380952380953,0.8514285714285714,102,50,0.3405714285714286,2,130,False,False,False,False
gbdt,c_only,0.4,0.25,0.9553616977859402,0.9447619047619048,1.0,0,0,0.4,2,78,False,True,False,False
gbdt,ordinal,0.4,0.25,0.9220717400651065,0.9419047619047619,1.0,0,0,0.4,55,0,False,True,True,False
gbdt,none,0.4,0.3,0.9061669312373813,0.8952380952380953,0.8514285714285714,102,50,0.3405714285714286,2,130,False,False,False,False
gbdt,c_only,0.4,0.3,0.9553616977859402,0.9447619047619048,1.0,0,0,0.4,2,78,False,True,False,False
gbdt,ordinal,0.4,0.3,0.9220717400651065,0.9419047619047619,1.0,0,0,0.4,55,0,False,True,True,False
gbdt,none,0.4,0.35,0.9061669312373813,0.8952380952380953,0.8514285714285714,102,50,0.3405714285714286,2,130,False,False,False,False
gbdt,c_only,0.4,0.35,0.9553616977859402,0.9447619047619048,1.0,0,0,0.4,2,78,False,True,False,False
gbdt,ordinal,0.4,0.35,0.9220717400651065,0.9419047619047619,1.0,0,0,0.4,55,0,False,True,True,False
gbdt,none,0.4,0.4,0.9061669312373813,0.8952380952380953,0.8514285714285714,102,50,0.3405714285714286,2,130,False,False,False,False
gbdt,c_only,0.4,0.4,0.9553616977859402,0.9447619047619048,1.0,0,0,0.4,2,78,False,True,False,False
gbdt,ordinal,0.4,0.4,0.9220717400651065,0.9419047619047619,1.0,0,0,0.4,55,0,False,True,True,False
gbdt,none,0.4,0.45,0.9061669312373813,0.8952380952380953,0.8514285714285714,102,50,0.3405714285714286,2,130,False,False,False,False
gbdt,c_only,0.4,0.45,0.9553616977859402,0.9447619047619048,1.0,0,0,0.4,2,78,False,True,False,False
gbdt,ordinal,0.4,0.45,0.9220717400651065,0.9419047619047619,1.0,0,0,0.4,55,0,False,True,True,False
gbdt,none,0.4,0.5,0.9075651231206786,0.8961904761904762,0.8514285714285714,102,50,0.3405714285714286,1,131,False,False,False,False
gbdt,c_only,0.4,0.5,0.956775586510576,0.9457142857142857,1.0,0,0,0.4,1,79,False,True,False,False
gbdt,ordinal,0.4,0.5,0.9220717400651065,0.9419047619047619,1.0,0,0,0.4,55,0,False,True,True,False
gbdt,none,0.4,0.55,0.9075651231206786,0.8961904761904762,0.8514285714285714,102,50,0.3405714285714286,1,131,False,False,False,False
gbdt,c_only,0.4,0.55,0.956775586510576,0.9457142857142857,1.0,0,0,0.4,1,79,False,True,False,False
gbdt,ordinal,0.4,0.55,0.9220717400651065,0.9419047619047619,1.0,0,0,0.4,55,0,False,True,True,False
gbdt,none,0.4,0.6,0.9075651231206786,0.8961904761904762,0.8514285714285714,102,50,0.3405714285714286,1,131,False,False,False,False
gbdt,c_only,0.4,0.6,0.956775586510576,0.9457142857142857,1.0,0,0,0.4,1,79,False,True,False,False
gbdt,ordinal,0.4,0.6,0.9220717400651065,0.9419047619047619,1.0,0,0,0.4,55,0,False,True,True,False
gbdt,none,0.4,0.65,0.9075651231206786,0.8961904761904762,0.8514285714285714,102,50,0.3405714285714286,1,131,False,False,False,False
gbdt,c_only,0.4,0.65,0.956775586510576,0.9457142857142857,1.0,0,0,0.4,1,79,False,True,False,False
gbdt,ordinal,0.4,0.65,0.9220717400651065,0.9419047619047619,1.0,0,0,0.4,55,0,False,True,True,False
gbdt,none,0.4,0.7,0.9075651231206786,0.8961904761904762,0.8514285714285714,102,50,0.3405714285714286,1,131,False,False,False,False
gbdt,c_only,0.4,0.7,0.956775586510576,0.9457142857142857,1.0,0,0,0.4,1,79,False,True,False,False
gbdt,ordinal,0.4,0.7,0.9220717400651065,0.9419047619047619,1.0,0,0,0.4,55,0,False,True,True,False
gbdt,none,0.4,0.75,0.9075651231206786,0.8961904761904762,0.8514285714285714,102,50,0.3405714285714286,1,131,False,False,False,False
gbdt,c_only,0.4,0.75,0.956775586510576,0.9457142857142857,1.0,0,0,0.4,1,79,False,True,False,False
gbdt,ordinal,0.4,0.75,0.9220717400651065,0.9419047619047619,1.0,0,0,0.4,55,0,False,True,True,False
gbdt,none,0.4,0.8,0.9075651231206786,0.8961904761904762,0.8514285714285714,102,50,0.3405714285714286,1,131,False,False,False,False
gbdt,c_only,0.4,0.8,0.956775586510576,0.9457142857142857,1.0,0,0,0.4,1,79,False,True,False,False
gbdt,ordinal,0.4,0.8,0.9220717400651065,0.9419047619047619,1.0,0,0,0.4,55,0,False,True,True,False
gbdt,none,0.4,0.85,0.9075651231206786,0.8961904761904762,0.8514285714285714,102,50,0.3405714285714286,1,131,False,False,False,False
gbdt,c_only,0.4,0.85,0.956775586510576,0.9457142857142857,1.0,0,0,0.4,1,79,False,True,False,False
gbdt,ordinal,0.4,0.85,0.9220717400651065,0.9419047619047619,1.0,0,0,0.4,55,0,False,True,True,False
gbdt,none,0.4,0.9,0.9075651231206786,0.8961904761904762,0.8514285714285714,102,50,0.3405714285714286,1,131,False,False,False,False
gbdt,c_only,0.4,0.9,0.956775586510576,0.9457142857142857,1.0,0,0,0.4,1,79,False,True,False,False
gbdt,ordinal,0.4,0.9,0.9220717400651065,0.9419047619047619,1.0,0,0,0.4,55,0,False,True,True,False
gbdt,none,0.45,0.2,0.9061669312373813,0.8952380952380953,0.8514285714285714,102,50,0.3405714285714286,2,130,False,False,False,False
gbdt,c_only,0.45,0.2,0.9553616977859402,0.9447619047619048,1.0,0,0,0.4,2,78,False,True,False,False
gbdt,ordinal,0.45,0.2,0.9220717400651065,0.9419047619047619,1.0,0,0,0.4,55,0,False,True,True,False
gbdt,none,0.45,0.25,0.9061669312373813,0.8952380952380953,0.8514285714285714,102,50,0.3405714285714286,2,130,False,False,False,False
gbdt,c_only,0.45,0.25,0.9553616977859402,0.9447619047619048,1.0,0,0,0.4,2,78,False,True,False,False
gbdt,ordinal,0.45,0.25,0.9220717400651065,0.9419047619047619,1.0,0,0,0.4,55,0,False,True,True,False
gbdt,none,0.45,0.3,0.9061669312373813,0.8952380952380953,0.8514285714285714,102,50,0.3405714285714286,2,130,False,False,False,False
gbdt,c_only,0.45,0.3,0.9553616977859402,0.9447619047619048,1.0,0,0,0.4,2,78,False,True,False,False
gbdt,ordinal,0.45,0.3,0.9220717400651065,0.9419047619047619,1.0,0,0,0.4,55,0,False,True,True,False
gbdt,none,0.45,0.35,0.9061669312373813,0.8952380952380953,0.8514285714285714,102,50,0.3405714285714286,2,130,False,False,False,False
gbdt,c_only,0.45,0.35,0.9553616977859402,0.9447619047619048,1.0,0,0,0.4,2,78,False,True,False,False
gbdt,ordinal,0.45,0.35,0.9220717400651065,0.9419047619047619,1.0,0,0,0.4,55,0,False,True,True,False
gbdt,none,0.45,0.4,0.9061669312373813,0.8952380952380953,0.8514285714285714,102,50,0.3405714285714286,2,130,False,False,False,False
gbdt,c_only,0.45,0.4,0.9553616977859402,0.9447619047619048,1.0,0,0,0.4,2,78,False,True,False,False
gbdt,ordinal,0.45,0.4,0.9220717400651065,0.9419047619047619,1.0,0,0,0.4,55,0,False,True,True,False
gbdt,none,0.45,0.45,0.9061669312373813,0.8952380952380953,0.8514285714285714,102,50,0.3405714285714286,2,130,False,False,False,False
gbdt,c_only,0.45,0.45,0.9553616977859402,0.9447619047619048,1.0,0,0,0.4,2,78,False,True,False,False
gbdt,ordinal,0.45,0.45,0.9220717400651065,0.9419047619047619,1.0,0,0,0.4,55,0,False,True,True,False
gbdt,none,0.45,0.5,0.9075651231206786,0.8961904761904762,0.8514285714285714,102,50,0.3405714285714286,1,131,False,False,False,False
gbdt,c_only,0.45,0.5,0.956775586510576,0.9457142857142857,1.0,0,0,0.4,1,79,False,True,False,False
gbdt,ordinal,0.45,0.5,0.9220717400651065,0.9419047619047619,1.0,0,0,0.4,55,0,False,True,True,False
gbdt,none,0.45,0.55,0.9075651231206786,0.8961904761904762,0.8514285714285714,102,50,0.3405714285714286,1,131,False,False,False,False
gbdt,c_only,0.45,0.55,0.956775586510576,0.9457142857142857,1.0,0,0,0.4,1,79,False,True,False,False
gbdt,ordinal,0.45,0.55,0.9220717400651065,0.9419047619047619,1.0,0,0,0.4,55,0,False,True,True,False
gbdt,none,0.45,0.6,0.9075651231206786,0.8961904761904762,0.8514285714285714,102,50,0.3405714285714286,1,131,False,False,False,False
gbdt,c_only,0.45,0.6,0.956775586510576,0.9457142857142857,1.0,0,0,0.4,1,79,False,True,False,False
gbdt,ordinal,0.45,0.6,0.9220717400651065,0.9419047619047619,1.0,0,0,0.4,55,0,False,True,True,False
gbdt,none,0.45,0.65,0.9075651231206786,0.8961904761904762,0.8514285714285714,102,50,0.3405714285714286,1,131,False,False,False,False
gbdt,c_only,0.45,0.65,0.956775586510576,0.9457142857142857,1.0,0,0,0.4,1,79,False,True,False,False
gbdt,ordinal,0.45,0.65,0.9220717400651065,0.9419047619047619,1.0,0,0,0.4,55,0,False,True,True,False
gbdt,none,0.45,0.7,0.9075651231206786,0.8961904761904762,0.8514285714285714,102,50,0.3405714285714286,1,131,False,False,False,False
gbdt,c_only,0.45,0.7,0.956775586510576,0.9457142857142857,1.0,0,0,0.4,1,79,False,True,False,False
gbdt,ordinal,0.45,0.7,0.9220717400651065,0.9419047619047619,1.0,0,0,0.4,55,0,False,True,True,False
gbdt,none,0.45,0.75,0.9075651231206786,0.8961904761904762,0.8514285714285714,102,50,0.3405714285714286,1,131,False,False,False,False
gbdt,c_only,0.45,0.75,0.956775586510576,0.9457142857142857,1.0,0,0,0.4,1,79,False,True,False,False
gbdt,ordinal,0.45,0.75,0.9220717400651065,0.9419047619047619,1.0,0,0,0.4,55,0,False,True,True,False
gbdt,none,0.45,0.8,0.9075651231206786,0.8961904761904762,0.8514285714285714,102,50,0.3405714285714286,1,131,False,False,False,False
gbdt,c_only,0.45,0.8,0.956775586510576,0.9457142857142857,1.0,0,0,0.4,1,79,False,True,False,False
gbdt,ordinal,0.45,0.8,0.9220717400651065,0.9419047619047619,1.0,0,0,0.4,55,0,False,True,True,False
gbdt,none,0.45,0.85,0.9075651231206786,0.8961904761904762,0.8514285714285714,102,50,0.3405714285714286,1,131,False,False,False,False
gbdt,c_only,0.45,0.85,0.956775586510576,0.9457142857142857,1.0,0,0,0.4,1,79,False,True,False,False
gbdt,ordinal,0.45,0.85,0.9220717400651065,0.9419047619047619,1.0,0,0,0.4,55,0,False,True,True,False
gbdt,none,0.45,0.9,0.9075651231206786,0.8961904761904762,0.8514285714285714,102,50,0.3405714285714286,1,131,False,False,False,False
gbdt,c_only,0.45,0.9,0.956775586510576,0.9457142857142857,1.0,0,0,0.4,1,79,False,True,False,False
gbdt,ordinal,0.45,0.9,0.9220717400651065,0.9419047619047619,1.0,0,0,0.4,55,0,False,True,True,False
gbdt,none,0.5,0.2,0.9061669312373813,0.8952380952380953,0.8514285714285714,102,50,0.3405714285714286,2,130,False,False,False,False
gbdt,c_only,0.5,0.2,0.9553616977859402,0.9447619047619048,1.0,0,0,0.4,2,78,False,True,False,False
gbdt,ordinal,0.5,0.2,0.9220717400651065,0.9419047619047619,1.0,0,0,0.4,55,0,False,True,True,False
gbdt,none,0.5,0.25,0.9061669312373813,0.8952380952380953,0.8514285714285714,102,50,0.3405714285714286,2,130,False,False,False,False
gbdt,c_only,0.5,0.25,0.9553616977859402,0.9447619047619048,1.0,0,0,0.4,2,78,False,True,False,False
gbdt,ordinal,0.5,0.25,0.9220717400651065,0.9419047619047619,1.0,0,0,0.4,55,0,False,True,True,False
gbdt,none,0.5,0.3,0.9061669312373813,0.8952380952380953,0.8514285714285714,102,50,0.3405714285714286,2,130,False,False,False,False
gbdt,c_only,0.5,0.3,0.9553616977859402,0.9447619047619048,1.0,0,0,0.4,2,78,False,True,False,False
gbdt,ordinal,0.5,0.3,0.9220717400651065,0.9419047619047619,1.0,0,0,0.4,55,0,False,True,True,False
gbdt,none,0.5,0.35,0.9061669312373813,0.8952380952380953,0.8514285714285714,102,50,0.3405714285714286,2,130,False,False,False,False
gbdt,c_only,0.5,0.35,0.9553616977859402,0.9447619047619048,1.0,0,0,0.4,2,78,False,True,False,False
gbdt,ordinal,0.5,0.35,0.9220717400651065,0.9419047619047619,1.0,0,0,0.4,55,0,False,True,True,False
gbdt,none,0.5,0.4,0.9061669312373813,0.8952380952380953,0.8514285714285714,102,50,0.3405714285714286,2,130,False,False,False,False
gbdt,c_only,0.5,0.4,0.9553616977859402,0.9447619047619048,1.0,0,0,0.4,2,78,False,True,False,False
gbdt,ordinal,0.5,0.4,0.9220717400651065,0.9419047619047619,1.0,0,0,0.4,55,0,False,True,True,False
gbdt,none,0.5,0.45,0.9061669312373813,0.8952380952380953,0.8514285714285714,102,50,0.3405714285714286,2,130,False,False,False,False
gbdt,c_only,0.5,0.45,0.9553616977859402,0.9447619047619048,1.0,0,0,0.4,2,78,False,True,False,False
gbdt,ordinal,0.5,0.45,0.9220717400651065,0.9419047619047619,1.0,0,0,0.4,55,0,False,True,True,False
gbdt,none,0.5,0.5,0.9075651231206786,0.8961904761904762,0.8514285714285714,102,50,0.3405714285714286,1,131,False,False,False,False
gbdt,c_only,0.5,0.5,0.956775586510576,0.9457142857142857,1.0,0,0,0.4,1,79,False,True,False,False
gbdt,ordinal,0.5,0.5,0.9220717400651065,0.9419047619047619,1.0,0,0,0.4,55,0,False,True,True,False
gbdt,none,0.5,0.55,0.9075651231206786,0.8961904761904762,0.8514285714285714,102,50,0.3405714285714286,1,131,False,False,False,False
gbdt,c_only,0.5,0.55,0.956775586510576,0.9457142857142857,1.0,0,0,0.4,1,79,False,True,False,False
gbdt,ordinal,0.5,0.55,0.9220717400651065,0.9419047619047619,1.0,0,0,0.4,55,0,False,True,True,False
gbdt,none,0.5,0.6,0.9075651231206786,0.8961904761904762,0.8514285714285714,102,50,0.3405714285714286,1,131,False,False,False,False
gbdt,c_only,0.5,0.6,0.956775586510576,0.9457142857142857,1.0,0,0,0.4,1,79,False,True,False,False
gbdt,ordinal,0.5,0.6,0.9220717400651065,0.9419047619047619,1.0,0,0,0.4,55,0,False,True,True,False
gbdt,none,0.5,0.65,0.9075651231206786,0.8961904761904762,0.8514285714285714,102,50,0.3405714285714286,1,131,False,False,False,False
gbdt,c_only,0.5,0.65,0.956775586510576,0.9457142857142857,1.0,0,0,0.4,1,79,False,True,False,False
gbdt,ordinal,0.5,0.65,0.9220717400651065,0.9419047619047619,1.0,0,0,0.4,55,0,False,True,True,False
gbdt,none,0.5,0.7,0.9075651231206786,0.8961904761904762,0.8514285714285714,102,50,0.3405714285714286,1,131,False,False,False,False
gbdt,c_only,0.5,0.7,0.956775586510576,0.9457142857142857,1.0,0,0,0.4,1,79,False,True,False,False
gbdt,ordinal,0.5,0.7,0.9220717400651065,0.9419047619047619,1.0,0,0,0.4,55,0,False,True,True,False
gbdt,none,0.5,0.75,0.9075651231206786,0.8961904761904762,0.8514285714285714,102,50,0.3405714285714286,1,131,False,False,False,False
gbdt,c_only,0.5,0.75,0.956775586510576,0.9457142857142857,1.0,0,0,0.4,1,79,False,True,False,False
gbdt,ordinal,0.5,0.75,0.9220717400651065,0.9419047619047619,1.0,0,0,0.4,55,0,False,True,True,False
gbdt,none,0.5,0.8,0.9075651231206786,0.8961904761904762,0.8514285714285714,102,50,0.3405714285714286,1,131,False,False,False,False
gbdt,c_only,0.5,0.8,0.956775586510576,0.9457142857142857,1.0,0,0,0.4,1,79,False,True,False,False
gbdt,ordinal,0.5,0.8,0.9220717400651065,0.9419047619047619,1.0,0,0,0.4,55,0,False,True,True,False
gbdt,none,0.5,0.85,0.9075651231206786,0.8961904761904762,0.8514285714285714,102,50,0.3405714285714286,1,131,False,False,False,False
gbdt,c_only,0.5,0.85,0.956775586510576,0.9457142857142857,1.0,0,0,0.4,1,79,False,True,False,False
gbdt,ordinal,0.5,0.85,0.9220717400651065,0.9419047619047619,1.0,0,0,0.4,55,0,False,True,True,False
gbdt,none,0.5,0.9,0.9075651231206786,0.8961904761904762,0.8514285714285714,102,50,0.3405714285714286,1,131,False,False,False,False
gbdt,c_only,0.5,0.9,0.956775586510576,0.9457142857142857,1.0,0,0,0.4,1,79,False,True,False,False
gbdt,ordinal,0.5,0.9,0.9220717400651065,0.9419047619047619,1.0,0,0,0.4,55,0,False,True,True,False
gbdt,none,0.55,0.2,0.9061669312373813,0.8952380952380953,0.8514285714285714,102,50,0.3405714285714286,2,130,False,False,False,False
gbdt,c_only,0.55,0.2,0.9553616977859402,0.9447619047619048,1.0,0,0,0.4,2,78,False,True,False,False
gbdt,ordinal,0.55,0.2,0.9220717400651065,0.9419047619047619,1.0,0,0,0.4,55,0,False,True,True,False
gbdt,none,0.55,0.25,0.9061669312373813,0.8952380952380953,0.8514285714285714,102,50,0.3405714285714286,2,130,False,False,False,False
gbdt,c_only,0.55,0.25,0.9553616977859402,0.9447619047619048,1.0,0,0,0.4,2,78,False,True,False,False
gbdt,ordinal,0.55,0.25,0.9220717400651065,0.9419047619047619,1.0,0,0,0.4,55,0,False,True,True,False
gbdt,none,0.55,0.3,0.9061669312373813,0.8952380952380953,0.8514285714285714,102,50,0.3405714285714286,2,130,False,False,False,False
gbdt,c_only,0.55,0.3,0.9553616977859402,0.9447619047619048,1.0,0,0,0.4,2,78,False,True,False,False
gbdt,ordinal,0.55,0.3,0.9220717400651065,0.9419047619047619,1.0,0,0,0.4,55,0,False,True,True,False
gbdt,none,0.55,0.35,0.9061669312373813,0.8952380952380953,0.8514285714285714,102,50,0.3405714285714286,2,130,False,False,False,False
gbdt,c_only,0.55,0.35,0.9553616977859402,0.9447619047619048,1.0,0,0,0.4,2,78,False,True,False,False
gbdt,ordinal,0.55,0.35,0.9220717400651065,0.9419047619047619,1.0,0,0,0.4,55,0,False,True,True,False
gbdt,none,0.55,0.4,0.9061669312373813,0.8952380952380953,0.8514285714285714,102,50,0.3405714285714286,2,130,False,False,False,False
gbdt,c_only,0.55,0.4,0.9553616977859402,0.9447619047619048,1.0,0,0,0.4,2,78,False,True,False,False
gbdt,ordinal,0.55,0.4,0.9220717400651065,0.9419047619047619,1.0,0,0,0.4,55,0,False,True,True,False
gbdt,none,0.55,0.45,0.9061669312373813,0.8952380952380953,0.8514285714285714,102,50,0.3405714285714286,2,130,False,False,False,False
gbdt,c_only,0.55,0.45,0.9553616977859402,0.9447619047619048,1.0,0,0,0.4,2,78,False,True,False,False
gbdt,ordinal,0.55,0.45,0.9220717400651065,0.9419047619047619,1.0,0,0,0.4,55,0,False,True,True,False
gbdt,none,0.55,0.5,0.9075651231206786,0.8961904761904762,0.8514285714285714,102,50,0.3405714285714286,1,131,False,False,False,False
gbdt,c_only,0.55,0.5,0.956775586510576,0.9457142857142857,1.0,0,0,0.4,1,79,False,True,False,False
gbdt,ordinal,0.55,0.5,0.9220717400651065,0.9419047619047619,1.0,0,0,0.4,55,0,False,True,True,False
gbdt,none,0.55,0.55,0.9075651231206786,0.8961904761904762,0.8514285714285714,102,50,0.3405714285714286,1,131,False,False,False,False
gbdt,c_only,0.55,0.55,0.956775586510576,0.9457142857142857,1.0,0,0,0.4,1,79,False,True,False,False
gbdt,ordinal,0.55,0.55,0.9220717400651065,0.9419047619047619,1.0,0,0,0.4,55,0,False,True,True,False
gbdt,none,0.55,0.6,0.9075651231206786,0.8961904761904762,0.8514285714285714,102,50,0.3405714285714286,1,131,False,False,False,False
gbdt,c_only,0.55,0.6,0.956775586510576,0.9457142857142857,1.0,0,0,0.4,1,79,False,True,False,False
gbdt,ordinal,0.55,0.6,0.9220717400651065,0.9419047619047619,1.0,0,0,0.4,55,0,False,True,True,False
gbdt,none,0.55,0.65,0.9075651231206786,0.8961904761904762,0.8514285714285714,102,50,0.3405714285714286,1,131,False,False,False,False
gbdt,c_only,0.55,0.65,0.956775586510576,0.9457142857142857,1.0,0,0,0.4,1,79,False,True,False,False
gbdt,ordinal,0.55,0.65,0.9220717400651065,0.9419047619047619,1.0,0,0,0.4,55,0,False,True,True,False
gbdt,none,0.55,0.7,0.9075651231206786,0.8961904761904762,0.8514285714285714,102,50,0.3405714285714286,1,131,False,False,False,False
gbdt,c_only,0.55,0.7,0.956775586510576,0.9457142857142857,1.0,0,0,0.4,1,79,False,True,False,False
gbdt,ordinal,0.55,0.7,0.9220717400651065,0.9419047619047619,1.0,0,0,0.4,55,0,False,True,True,False
gbdt,none,0.55,0.75,0.9075651231206786,0.8961904761904762,0.8514285714285714,102,50,0.3405714285714286,1,131,False,False,False,False
gbdt,c_only,0.55,0.75,0.956775586510576,0.9457142857142857,1.0,0,0,0.4,1,79,False,True,False,False
gbdt,ordinal,0.55,0.75,0.9220717400651065,0.9419047619047619,1.0,0,0,0.4,55,0,False,True,True,False
gbdt,none,0.55,0.8,0.9075651231206786,0.8961904761904762,0.8514285714285714,102,50,0.3405714285714286,1,131,False,False,False,False
gbdt,c_only,0.55,0.8,0.956775586510576,0.9457142857142857,1.0,0,0,0.4,1,79,False,True,False,False
gbdt,ordinal,0.55,0.8,0.9220717400651065,0.9419047619047619,1.0,0,0,0.4,55,0,False,True,True,False
gbdt,none,0.55,0.85,0.9075651231206786,0.8961904761904762,0.8514285714285714,102,50,0.3405714285714286,1,131,False,False,False,False
gbdt,c_only,0.55,0.85,0.956775586510576,0.9457142857142857,1.0,0,0,0.4,1,79,False,True,False,False
gbdt,ordinal,0.55,0.85,0.9220717400651065,0.9419047619047619,1.0,0,0,0.4,55,0,False,True,True,False
gbdt,none,0.55,0.9,0.9075651231206786,0.8961904761904762,0.8514285714285714,102,50,0.3405714285714286,1,131,False,False,False,False
gbdt,c_only,0.55,0.9,0.956775586510576,0.9457142857142857,1.0,0,0,0.4,1,79,False,True,False,False
gbdt,ordinal,0.55,0.9,0.9220717400651065,0.9419047619047619,1.0,0,0,0.4,55,0,False,True,True,False
gbdt,none,0.6,0.2,0.9061669312373813,0.8952380952380953,0.8514285714285714,102,50,0.3405714285714286,2,130,False,False,False,False
gbdt,c_only,0.6,0.2,0.9553616977859402,0.9447619047619048,1.0,0,0,0.4,2,78,False,True,False,False
gbdt,ordinal,0.6,0.2,0.9220717400651065,0.9419047619047619,1.0,0,0,0.4,55,0,False,True,True,False
gbdt,none,0.6,0.25,0.9061669312373813,0.8952380952380953,0.8514285714285714,102,50,0.3405714285714286,2,130,False,False,False,False
gbdt,c_only,0.6,0.25,0.9553616977859402,0.9447619047619048,1.0,0,0,0.4,2,78,False,True,False,False
gbdt,ordinal,0.6,0.25,0.9220717400651065,0.9419047619047619,1.0,0,0,0.4,55,0,False,True,True,False
gbdt,none,0.6,0.3,0.9061669312373813,0.8952380952380953,0.8514285714285714,102,50,0.3405714285714286,2,130,False,False,False,False
gbdt,c_only,0.6,0.3,0.9553616977859402,0.9447619047619048,1.0,0,0,0.4,2,78,False,True,False,False
gbdt,ordinal,0.6,0.3,0.9220717400651065,0.9419047619047619,1.0,0,0,0.4,55,0,False,True,True,False
gbdt,none,0.6,0.35,0.9061669312373813,0.8952380952380953,0.8514285714285714,102,50,0.3405714285714286,2,130,False,False,False,False
gbdt,c_only,0.6,0.35,0.9553616977859402,0.9447619047619048,1.0,0,0,0.4,2,78,False,True,False,False
gbdt,ordinal,0.6,0.35,0.9220717400651065,0.9419047619047619,1.0,0,0,0.4,55,0,False,True,True,False
gbdt,none,0.6,0.4,0.9061669312373813,0.8952380952380953,0.8514285714285714,102,50,0.3405714285714286,2,130,False,False,False,False
gbdt,c_only,0.6,0.4,0.9553616977859402,0.9447619047619048,1.0,0,0,0.4,2,78,False,True,False,False
gbdt,ordinal,0.6,0.4,0.9220717400651065,0.9419047619047619,1.0,0,0,0.4,55,0,False,True,True,False
gbdt,none,0.6,0.45,0.9061669312373813,0.8952380952380953,0.8514285714285714,102,50,0.3405714285714286,2,130,False,False,False,False
gbdt,c_only,0.6,0.45,0.9553616977859402,0.9447619047619048,1.0,0,0,0.4,2,78,False,True,False,False
gbdt,ordinal,0.6,0.45,0.9220717400651065,0.9419047619047619,1.0,0,0,0.4,55,0,False,True,True,False
gbdt,none,0.6,0.5,0.9075651231206786,0.8961904761904762,0.8514285714285714,102,50,0.3405714285714286,1,131,False,False,False,False
gbdt,c_only,0.6,0.5,0.956775586510576,0.9457142857142857,1.0,0,0,0.4,1,79,False,True,False,False
gbdt,ordinal,0.6,0.5,0.9220717400651065,0.9419047619047619,1.0,0,0,0.4,55,0,False,True,True,False
gbdt,none,0.6,0.55,0.9075651231206786,0.8961904761904762,0.8514285714285714,102,50,0.3405714285714286,1,131,False,False,False,False
gbdt,c_only,0.6,0.55,0.956775586510576,0.9457142857142857,1.0,0,0,0.4,1,79,False,True,False,False
gbdt,ordinal,0.6,0.55,0.9220717400651065,0.9419047619047619,1.0,0,0,0.4,55,0,False,True,True,False
gbdt,none,0.6,0.6,0.9075651231206786,0.8961904761904762,0.8514285714285714,102,50,0.3405714285714286,1,131,False,False,False,False
gbdt,c_only,0.6,0.6,0.956775586510576,0.9457142857142857,1.0,0,0,0.4,1,79,False,True,False,False
gbdt,ordinal,0.6,0.6,0.9220717400651065,0.9419047619047619,1.0,0,0,0.4,55,0,False,True,True,False
gbdt,none,0.6,0.65,0.9075651231206786,0.8961904761904762,0.8514285714285714,102,50,0.3405714285714286,1,131,False,False,False,False
gbdt,c_only,0.6,0.65,0.956775586510576,0.9457142857142857,1.0,0,0,0.4,1,79,False,True,False,False
gbdt,ordinal,0.6,0.65,0.9220717400651065,0.9419047619047619,1.0,0,0,0.4,55,0,False,True,True,False
gbdt,none,0.6,0.7,0.9075651231206786,0.8961904761904762,0.8514285714285714,102,50,0.3405714285714286,1,131,False,False,False,False
gbdt,c_only,0.6,0.7,0.956775586510576,0.9457142857142857,1.0,0,0,0.4,1,79,False,True,False,False
gbdt,ordinal,0.6,0.7,0.9220717400651065,0.9419047619047619,1.0,0,0,0.4,55,0,False,True,True,False
gbdt,none,0.6,0.75,0.9075651231206786,0.8961904761904762,0.8514285714285714,102,50,0.3405714285714286,1,131,False,False,False,False
gbdt,c_only,0.6,0.75,0.956775586510576,0.9457142857142857,1.0,0,0,0.4,1,79,False,True,False,False
gbdt,ordinal,0.6,0.75,0.9220717400651065,0.9419047619047619,1.0,0,0,0.4,55,0,False,True,True,False
gbdt,none,0.6,0.8,0.9075651231206786,0.8961904761904762,0.8514285714285714,102,50,0.3405714285714286,1,131,False,False,False,False
gbdt,c_only,0.6,0.8,0.956775586510576,0.9457142857142857,1.0,0,0,0.4,1,79,False,True,False,False
gbdt,ordinal,0.6,0.8,0.9220717400651065,0.9419047619047619,1.0,0,0,0.4,55,0,False,True,True,False
gbdt,none,0.6,0.85,0.9075651231206786,0.8961904761904762,0.8514285714285714,102,50,0.3405714285714286,1,131,False,False,False,False
gbdt,c_only,0.6,0.85,0.956775586510576,0.9457142857142857,1.0,0,0,0.4,1,79,False,True,False,False
gbdt,ordinal,0.6,0.85,0.9220717400651065,0.9419047619047619,1.0,0,0,0.4,55,0,False,True,True,False
gbdt,none,0.6,0.9,0.9075651231206786,0.8961904761904762,0.8514285714285714,102,50,0.3405714285714286,1,131,False,False,False,False
gbdt,c_only,0.6,0.9,0.956775586510576,0.9457142857142857,1.0,0,0,0.4,1,79,False,True,False,False
gbdt,ordinal,0.6,0.9,0.9220717400651065,0.9419047619047619,1.0,0,0,0.4,55,0,False,True,True,False
gbdt,none,0.65,0.2,0.9061669312373813,0.8952380952380953,0.8514285714285714,102,50,0.3405714285714286,2,130,False,False,False,False
gbdt,c_only,0.65,0.2,0.9553616977859402,0.9447619047619048,1.0,0,0,0.4,2,78,False,True,False,False
gbdt,ordinal,0.65,0.2,0.9220717400651065,0.9419047619047619,1.0,0,0,0.4,55,0,False,True,True,False
gbdt,none,0.65,0.25,0.9061669312373813,0.8952380952380953,0.8514285714285714,102,50,0.3405714285714286,2,130,False,False,False,False
gbdt,c_only,0.65,0.25,0.9553616977859402,0.9447619047619048,1.0,0,0,0.4,2,78,False,True,False,False
gbdt,ordinal,0.65,0.25,0.9220717400651065,0.9419047619047619,1.0,0,0,0.4,55,0,False,True,True,False
gbdt,none,0.65,0.3,0.9061669312373813,0.8952380952380953,0.8514285714285714,102,50,0.3405714285714286,2,130,False,False,False,False
gbdt,c_only,0.65,0.3,0.9553616977859402,0.9447619047619048,1.0,0,0,0.4,2,78,False,True,False,False
gbdt,ordinal,0.65,0.3,0.9220717400651065,0.9419047619047619,1.0,0,0,0.4,55,0,False,True,True,False
gbdt,none,0.65,0.35,0.9061669312373813,0.8952380952380953,0.8514285714285714,102,50,0.3405714285714286,2,130,False,False,False,False
gbdt,c_only,0.65,0.35,0.9553616977859402,0.9447619047619048,1.0,0,0,0.4,2,78,False,True,False,False
gbdt,ordinal,0.65,0.35,0.9220717400651065,0.9419047619047619,1.0,0,0,0.4,55,0,False,True,True,False
gbdt,none,0.65,0.4,0.9061669312373813,0.8952380952380953,0.8514285714285714,102,50,0.3405714285714286,2,130,False,False,False,False
gbdt,c_only,0.65,0.4,0.9553616977859402,0.9447619047619048,1.0,0,0,0.4,2,78,False,True,False,False
gbdt,ordinal,0.65,0.4,0.9220717400651065,0.9419047619047619,1.0,0,0,0.4,55,0,False,True,True,False
gbdt,none,0.65,0.45,0.9061669312373813,0.8952380952380953,0.8514285714285714,102,50,0.3405714285714286,2,130,False,False,False,False
gbdt,c_only,0.65,0.45,0.9553616977859402,0.9447619047619048,1.0,0,0,0.4,2,78,False,True,False,False
gbdt,ordinal,0.65,0.45,0.9220717400651065,0.9419047619047619,1.0,0,0,0.4,55,0,False,True,True,False
gbdt,none,0.65,0.5,0.9075651231206786,0.8961904761904762,0.8514285714285714,102,50,0.3405714285714286,1,131,False,False,False,False
gbdt,c_only,0.65,0.5,0.956775586510576,0.9457142857142857,1.0,0,0,0.4,1,79,False,True,False,False
gbdt,ordinal,0.65,0.5,0.9220717400651065,0.9419047619047619,1.0,0,0,0.4,55,0,False,True,True,False
gbdt,none,0.65,0.55,0.9075651231206786,0.8961904761904762,0.8514285714285714,102,50,0.3405714285714286,1,131,False,False,False,False
gbdt,c_only,0.65,0.55,0.956775586510576,0.9457142857142857,1.0,0,0,0.4,1,79,False,True,False,False
gbdt,ordinal,0.65,0.55,0.9220717400651065,0.9419047619047619,1.0,0,0,0.4,55,0,False,True,True,False
gbdt,none,0.65,0.6,0.9075651231206786,0.8961904761904762,0.8514285714285714,102,50,0.3405714285714286,1,131,False,False,False,False
gbdt,c_only,0.65,0.6,0.956775586510576,0.9457142857142857,1.0,0,0,0.4,1,79,False,True,False,False
gbdt,ordinal,0.65,0.6,0.9220717400651065,0.9419047619047619,1.0,0,0,0.4,55,0,False,True,True,False
gbdt,none,0.65,0.65,0.9075651231206786,0.8961904761904762,0.8514285714285714,102,50,0.3405714285714286,1,131,False,False,False,False
gbdt,c_only,0.65,0.65,0.956775586510576,0.9457142857142857,1.0,0,0,0.4,1,79,False,True,False,False
gbdt,ordinal,0.65,0.65,0.9220717400651065,0.9419047619047619,1.0,0,0,0.4,55,0,False,True,True,False
gbdt,none,0.65,0.7,0.9075651231206786,0.8961904761904762,0.8514285714285714,102,50,0.3405714285714286,1,131,False,False,False,False
gbdt,c_only,0.65,0.7,0.956775586510576,0.9457142857142857,1.0,0,0,0.4,1,79,False,True,False,False
gbdt,ordinal,0.65,0.7,0.9220717400651065,0.9419047619047619,1.0,0,0,0.4,55,0,False,True,True,False
gbdt,none,0.65,0.75,0.9075651231206786,0.8961904761904762,0.8514285714285714,102,50,0.3405714285714286,1,131,False,False,False,False
gbdt,c_only,0.65,0.75,0.956775586510576,0.9457142857142857,1.0,0,0,0.4,1,79,False,True,False,False
gbdt,ordinal,0.65,0.75,0.9220717400651065,0.9419047619047619,1.0,0,0,0.4,55,0,False,True,True,False
gbdt,none,0.65,0.8,0.9075651231206786,0.8961904761904762,0.8514285714285714,102,50,0.3405714285714286,1,131,False,False,False,False
gbdt,c_only,0.65,0.8,0.956775586510576,0.9457142857142857,1.0,0,0,0.4,1,79,False,True,False,False
gbdt,ordinal,0.65,0.8,0.9220717400651065,0.9419047619047619,1.0,0,0,0.4,55,0,False,True,True,False
gbdt,none,0.65,0.85,0.9075651231206786,0.8961904761904762,0.8514285714285714,102,50,0.3405714285714286,1,131,False,False,False,False
gbdt,c_only,0.65,0.85,0.956775586510576,0.9457142857142857,1.0,0,0,0.4,1,79,False,True,False,False
gbdt,ordinal,0.65,0.85,0.9220717400651065,0.9419047619047619,1.0,0,0,0.4,55,0,False,True,True,False
gbdt,none,0.65,0.9,0.9075651231206786,0.8961904761904762,0.8514285714285714,102,50,0.3405714285714286,1,131,False,False,False,False
gbdt,c_only,0.65,0.9,0.956775586510576,0.9457142857142857,1.0,0,0,0.4,1,79,False,True,False,False
gbdt,ordinal,0.65,0.9,0.9220717400651065,0.9419047619047619,1.0,0,0,0.4,55,0,False,True,True,False
gbdt,none,0.7,0.2,0.9061669312373813,0.8952380952380953,0.8514285714285714,102,50,0.3405714285714286,2,130,False,False,False,False
gbdt,c_only,0.7,0.2,0.9553616977859402,0.9447619047619048,1.0,0,0,0.4,2,78,False,True,False,False
gbdt,ordinal,0.7,0.2,0.9220717400651065,0.9419047619047619,1.0,0,0,0.4,55,0,False,True,True,False
gbdt,none,0.7,0.25,0.9061669312373813,0.8952380952380953,0.8514285714285714,102,50,0.3405714285714286,2,130,False,False,False,False
gbdt,c_only,0.7,0.25,0.9553616977859402,0.9447619047619048,1.0,0,0,0.4,2,78,False,True,False,False
gbdt,ordinal,0.7,0.25,0.9220717400651065,0.9419047619047619,1.0,0,0,0.4,55,0,False,True,True,False
gbdt,none,0.7,0.3,0.9061669312373813,0.8952380952380953,0.8514285714285714,102,50,0.3405714285714286,2,130,False,False,False,False
gbdt,c_only,0.7,0.3,0.9553616977859402,0.9447619047619048,1.0,0,0,0.4,2,78,False,True,False,False
gbdt,ordinal,0.7,0.3,0.9220717400651065,0.9419047619047619,1.0,0,0,0.4,55,0,False,True,True,False
gbdt,none,0.7,0.35,0.9061669312373813,0.8952380952380953,0.8514285714285714,102,50,0.3405714285714286,2,130,False,False,False,False
gbdt,c_only,0.7,0.35,0.9553616977859402,0.9447619047619048,1.0,0,0,0.4,2,78,False,True,False,False
gbdt,ordinal,0.7,0.35,0.9220717400651065,0.9419047619047619,1.0,0,0,0.4,55,0,False,True,True,False
gbdt,none,0.7,0.4,0.9061669312373813,0.8952380952380953,0.8514285714285714,102,50,0.3405714285714286,2,130,False,False,False,False
gbdt,c_only,0.7,0.4,0.9553616977859402,0.9447619047619048,1.0,0,0,0.4,2,78,False,True,False,False
gbdt,ordinal,0.7,0.4,0.9220717400651065,0.9419047619047619,1.0,0,0,0.4,55,0,False,True,True,False
gbdt,none,0.7,0.45,0.9061669312373813,0.8952380952380953,0.8514285714285714,102,50,0.3405714285714286,2,130,False,False,False,False
gbdt,c_only,0.7,0.45,0.9553616977859402,0.9447619047619048,1.0,0,0,0.4,2,78,False,True,False,False
gbdt,ordinal,0.7,0.45,0.9220717400651065,0.9419047619047619,1.0,0,0,0.4,55,0,False,True,True,False
gbdt,none,0.7,0.5,0.9075651231206786,0.8961904761904762,0.8514285714285714,102,50,0.3405714285714286,1,131,False,False,False,False
gbdt,c_only,0.7,0.5,0.956775586510576,0.9457142857142857,1.0,0,0,0.4,1,79,False,True,False,False
gbdt,ordinal,0.7,0.5,0.9220717400651065,0.9419047619047619,1.0,0,0,0.4,55,0,False,True,True,False
gbdt,none,0.7,0.55,0.9075651231206786,0.8961904761904762,0.8514285714285714,102,50,0.3405714285714286,1,131,False,False,False,False
gbdt,c_only,0.7,0.55,0.956775586510576,0.9457142857142857,1.0,0,0,0.4,1,79,False,True,False,False
gbdt,ordinal,0.7,0.55,0.9220717400651065,0.9419047619047619,1.0,0,0,0.4,55,0,False,True,True,False
gbdt,none,0.7,0.6,0.9075651231206786,0.8961904761904762,0.8514285714285714,102,50,0.3405714285714286,1,131,False,False,False,False
gbdt,c_only,0.7,0.6,0.956775586510576,0.9457142857142857,1.0,0,0,0.4,1,79,False,True,False,False
gbdt,ordinal,0.7,0.6,0.9220717400651065,0.9419047619047619,1.0,0,0,0.4,55,0,False,True,True,False
gbdt,none,0.7,0.65,0.9075651231206786,0.8961904761904762,0.8514285714285714,102,50,0.3405714285714286,1,131,False,False,False,False
gbdt,c_only,0.7,0.65,0.956775586510576,0.9457142857142857,1.0,0,0,0.4,1,79,False,True,False,False
gbdt,ordinal,0.7,0.65,0.9220717400651065,0.9419047619047619,1.0,0,0,0.4,55,0,False,True,True,False
gbdt,none,0.7,0.7,0.9075651231206786,0.8961904761904762,0.8514285714285714,102,50,0.3405714285714286,1,131,False,False,False,False
gbdt,c_only,0.7,0.7,0.956775586510576,0.9457142857142857,1.0,0,0,0.4,1,79,False,True,False,False
gbdt,ordinal,0.7,0.7,0.9220717400651065,0.9419047619047619,1.0,0,0,0.4,55,0,False,True,True,False
gbdt,none,0.7,0.75,0.9075651231206786,0.8961904761904762,0.8514285714285714,102,50,0.3405714285714286,1,131,False,False,False,False
gbdt,c_only,0.7,0.75,0.956775586510576,0.9457142857142857,1.0,0,0,0.4,1,79,False,True,False,False
gbdt,ordinal,0.7,0.75,0.9220717400651065,0.9419047619047619,1.0,0,0,0.4,55,0,False,True,True,False
gbdt,none,0.7,0.8,0.9075651231206786,0.8961904761904762,0.8514285714285714,102,50,0.3405714285714286,1,131,False,False,False,False
gbdt,c_only,0.7,0.8,0.956775586510576,0.9457142857142857,1.0,0,0,0.4,1,79,False,True,False,False
gbdt,ordinal,0.7,0.8,0.9220717400651065,0.9419047619047619,1.0,0,0,0.4,55,0,False,True,True,False
gbdt,none,0.7,0.85,0.9075651231206786,0.8961904761904762,0.8514285714285714,102,50,0.3405714285714286,1,131,False,False,False,False
gbdt,c_only,0.7,0.85,0.956775586510576,0.9457142857142857,1.0,0,0,0.4,1,79,False,True,False,False
gbdt,ordinal,0.7,0.85,0.9220717400651065,0.9419047619047619,1.0,0,0,0.4,55,0,False,True,True,False
gbdt,none,0.7,0.9,0.9075651231206786,0.8961904761904762,0.8514285714285714,102,50,0.3405714285714286,1,131,False,False,False,False
gbdt,c_only,0.7,0.9,0.956775586510576,0.9457142857142857,1.0,0,0,0.4,1,79,False,True,False,False
gbdt,ordinal,0.7,0.9,0.9220717400651065,0.9419047619047619,1.0,0,0,0.4,55,0,False,True,True,False
gbdt,none,0.75,0.2,0.9061669312373813,0.8952380952380953,0.8514285714285714,102,50,0.3405714285714286,2,130,False,False,False,False
gbdt,c_only,0.75,0.2,0.9553616977859402,0.9447619047619048,1.0,0,0,0.4,2,78,False,True,False,False
gbdt,ordinal,0.75,0.2,0.9220717400651065,0.9419047619047619,1.0,0,0,0.4,55,0,False,True,True,False
gbdt,none,0.75,0.25,0.9061669312373813,0.8952380952380953,0.8514285714285714,102,50,0.3405714285714286,2,130,False,False,False,False
gbdt,c_only,0.75,0.25,0.9553616977859402,0.9447619047619048,1.0,0,0,0.4,2,78,False,True,False,False
gbdt,ordinal,0.75,0.25,0.9220717400651065,0.9419047619047619,1.0,0,0,0.4,55,0,False,True,True,False
gbdt,none,0.75,0.3,0.9061669312373813,0.8952380952380953,0.8514285714285714,102,50,0.3405714285714286,2,130,False,False,False,False
gbdt,c_only,0.75,0.3,0.9553616977859402,0.9447619047619048,1.0,0,0,0.4,2,78,False,True,False,False
gbdt,ordinal,0.75,0.3,0.9220717400651065,0.9419047619047619,1.0,0,0,0.4,55,0,False,True,True,False
gbdt,none,0.75,0.35,0.9061669312373813,0.8952380952380953,0.8514285714285714,102,50,0.3405714285714286,2,130,False,False,False,False
gbdt,c_only,0.75,0.35,0.9553616977859402,0.9447619047619048,1.0,0,0,0.4,2,78,False,True,False,False
gbdt,ordinal,0.75,0.35,0.9220717400651065,0.9419047619047619,1.0,0,0,0.4,55,0,False,True,True,False
gbdt,none,0.75,0.4,0.9061669312373813,0.8952380952380953,0.8514285714285714,102,50,0.3405714285714286,2,130,False,False,False,False
gbdt,c_only,0.75,0.4,0.9553616977859402,0.9447619047619048,1.0,0,0,0.4,2,78,False,True,False,False
gbdt,ordinal,0.75,0.4,0.9220717400651065,0.9419047619047619,1.0,0,0,0.4,55,0,False,True,True,False
gbdt,none,0.75,0.45,0.9061669312373813,0.8952380952380953,0.8514285714285714,102,50,0.3405714285714286,2,130,False,False,False,False
gbdt,c_only,0.75,0.45,0.9553616977859402,0.9447619047619048,1.0,0,0,0.4,2,78,False,True,False,False
gbdt,ordinal,0.75,0.45,0.9220717400651065,0.9419047619047619,1.0,0,0,0.4,55,0,False,True,True,False
gbdt,none,0.75,0.5,0.9075651231206786,0.8961904761904762,0.8514285714285714,102,50,0.3405714285714286,1,131,False,False,False,False
gbdt,c_only,0.75,0.5,0.956775586510576,0.9457142857142857,1.0,0,0,0.4,1,79,False,True,False,False
gbdt,ordinal,0.75,0.5,0.9220717400651065,0.9419047619047619,1.0,0,0,0.4,55,0,False,True,True,False
gbdt,none,0.75,0.55,0.9075651231206786,0.8961904761904762,0.8514285714285714,102,50,0.3405714285714286,1,131,False,False,False,False
gbdt,c_only,0.75,0.55,0.956775586510576,0.9457142857142857,1.0,0,0,0.4,1,79,False,True,False,False
gbdt,ordinal,0.75,0.55,0.9220717400651065,0.9419047619047619,1.0,0,0,0.4,55,0,False,True,True,False
gbdt,none,0.75,0.6,0.9075651231206786,0.8961904761904762,0.8514285714285714,102,50,0.3405714285714286,1,131,False,False,False,False
gbdt,c_only,0.75,0.6,0.956775586510576,0.9457142857142857,1.0,0,0,0.4,1,79,False,True,False,False
gbdt,ordinal,0.75,0.6,0.9220717400651065,0.9419047619047619,1.0,0,0,0.4,55,0,False,True,True,False
gbdt,none,0.75,0.65,0.9075651231206786,0.8961904761904762,0.8514285714285714,102,50,0.3405714285714286,1,131,False,False,False,False
gbdt,c_only,0.75,0.65,0.956775586510576,0.9457142857142857,1.0,0,0,0.4,1,79,False,True,False,False
gbdt,ordinal,0.75,0.65,0.9220717400651065,0.9419047619047619,1.0,0,0,0.4,55,0,False,True,True,False
gbdt,none,0.75,0.7,0.9075651231206786,0.8961904761904762,0.8514285714285714,102,50,0.3405714285714286,1,131,False,False,False,False
gbdt,c_only,0.75,0.7,0.956775586510576,0.9457142857142857,1.0,0,0,0.4,1,79,False,True,False,False
gbdt,ordinal,0.75,0.7,0.9220717400651065,0.9419047619047619,1.0,0,0,0.4,55,0,False,True,True,False
gbdt,none,0.75,0.75,0.9075651231206786,0.8961904761904762,0.8514285714285714,102,50,0.3405714285714286,1,131,False,False,False,False
gbdt,c_only,0.75,0.75,0.956775586510576,0.9457142857142857,1.0,0,0,0.4,1,79,False,True,False,False
gbdt,ordinal,0.75,0.75,0.9220717400651065,0.9419047619047619,1.0,0,0,0.4,55,0,False,True,True,False
gbdt,none,0.75,0.8,0.9075651231206786,0.8961904761904762,0.8514285714285714,102,50,0.3405714285714286,1,131,False,False,False,False
gbdt,c_only,0.75,0.8,0.956775586510576,0.9457142857142857,1.0,0,0,0.4,1,79,False,True,False,False
gbdt,ordinal,0.75,0.8,0.9220717400651065,0.9419047619047619,1.0,0,0,0.4,55,0,False,True,True,False
gbdt,none,0.75,0.85,0.9075651231206786,0.8961904761904762,0.8514285714285714,102,50,0.3405714285714286,1,131,False,False,False,False
gbdt,c_only,0.75,0.85,0.956775586510576,0.9457142857142857,1.0,0,0,0.4,1,79,False,True,False,False
gbdt,ordinal,0.75,0.85,0.9220717400651065,0.9419047619047619,1.0,0,0,0.4,55,0,False,True,True,False
gbdt,none,0.75,0.9,0.9075651231206786,0.8961904761904762,0.8514285714285714,102,50,0.3405714285714286,1,131,False,False,False,False
gbdt,c_only,0.75,0.9,0.956775586510576,0.9457142857142857,1.0,0,0,0.4,1,79,False,True,False,False
gbdt,ordinal,0.75,0.9,0.9220717400651065,0.9419047619047619,1.0,0,0,0.4,55,0,False,True,True,False
gbdt,none,0.8,0.2,0.9061669312373813,0.8952380952380953,0.8514285714285714,102,50,0.3405714285714286,2,130,False,False,False,False
gbdt,c_only,0.8,0.2,0.9553616977859402,0.9447619047619048,1.0,0,0,0.4,2,78,False,True,False,False
gbdt,ordinal,0.8,0.2,0.9220717400651065,0.9419047619047619,1.0,0,0,0.4,55,0,False,True,True,False
gbdt,none,0.8,0.25,0.9061669312373813,0.8952380952380953,0.8514285714285714,102,50,0.3405714285714286,2,130,False,False,False,False
gbdt,c_only,0.8,0.25,0.9553616977859402,0.9447619047619048,1.0,0,0,0.4,2,78,False,True,False,False
gbdt,ordinal,0.8,0.25,0.9220717400651065,0.9419047619047619,1.0,0,0,0.4,55,0,False,True,True,False
gbdt,none,0.8,0.3,0.9061669312373813,0.8952380952380953,0.8514285714285714,102,50,0.3405714285714286,2,130,False,False,False,False
gbdt,c_only,0.8,0.3,0.9553616977859402,0.9447619047619048,1.0,0,0,0.4,2,78,False,True,False,False
gbdt,ordinal,0.8,0.3,0.9220717400651065,0.9419047619047619,1.0,0,0,0.4,55,0,False,True,True,False
gbdt,none,0.8,0.35,0.9061669312373813,0.8952380952380953,0.8514285714285714,102,50,0.3405714285714286,2,130,False,False,False,False
gbdt,c_only,0.8,0.35,0.9553616977859402,0.9447619047619048,1.0,0,0,0.4,2,78,False,True,False,False
gbdt,ordinal,0.8,0.35,0.9220717400651065,0.9419047619047619,1.0,0,0,0.4,55,0,False,True,True,False
gbdt,none,0.8,0.4,0.9061669312373813,0.8952380952380953,0.8514285714285714,102,50,0.3405714285714286,2,130,False,False,False,False
gbdt,c_only,0.8,0.4,0.9553616977859402,0.9447619047619048,1.0,0,0,0.4,2,78,False,True,False,False
gbdt,ordinal,0.8,0.4,0.9220717400651065,0.9419047619047619,1.0,0,0,0.4,55,0,False,True,True,False
gbdt,none,0.8,0.45,0.9061669312373813,0.8952380952380953,0.8514285714285714,102,50,0.3405714285714286,2,130,False,False,False,False
gbdt,c_only,0.8,0.45,0.9553616977859402,0.9447619047619048,1.0,0,0,0.4,2,78,False,True,False,False
gbdt,ordinal,0.8,0.45,0.9220717400651065,0.9419047619047619,1.0,0,0,0.4,55,0,False,True,True,False
gbdt,none,0.8,0.5,0.9075651231206786,0.8961904761904762,0.8514285714285714,102,50,0.3405714285714286,1,131,False,False,False,False
gbdt,c_only,0.8,0.5,0.956775586510576,0.9457142857142857,1.0,0,0,0.4,1,79,False,True,False,False
gbdt,ordinal,0.8,0.5,0.9220717400651065,0.9419047619047619,1.0,0,0,0.4,55,0,False,True,True,False
gbdt,none,0.8,0.55,0.9075651231206786,0.8961904761904762,0.8514285714285714,102,50,0.3405714285714286,1,131,False,False,False,False
gbdt,c_only,0.8,0.55,0.956775586510576,0.9457142857142857,1.0,0,0,0.4,1,79,False,True,False,False
gbdt,ordinal,0.8,0.55,0.9220717400651065,0.9419047619047619,1.0,0,0,0.4,55,0,False,True,True,False
gbdt,none,0.8,0.6,0.9075651231206786,0.8961904761904762,0.8514285714285714,102,50,0.3405714285714286,1,131,False,False,False,False
gbdt,c_only,0.8,0.6,0.956775586510576,0.9457142857142857,1.0,0,0,0.4,1,79,False,True,False,False
gbdt,ordinal,0.8,0.6,0.9220717400651065,0.9419047619047619,1.0,0,0,0.4,55,0,False,True,True,False
gbdt,none,0.8,0.65,0.9075651231206786,0.8961904761904762,0.8514285714285714,102,50,0.3405714285714286,1,131,False,False,False,False
gbdt,c_only,0.8,0.65,0.956775586510576,0.9457142857142857,1.0,0,0,0.4,1,79,False,True,False,False
gbdt,ordinal,0.8,0.65,0.9220717400651065,0.9419047619047619,1.0,0,0,0.4,55,0,False,True,True,False
gbdt,none,0.8,0.7,0.9075651231206786,0.8961904761904762,0.8514285714285714,102,50,0.3405714285714286,1,131,False,False,False,False
gbdt,c_only,0.8,0.7,0.956775586510576,0.9457142857142857,1.0,0,0,0.4,1,79,False,True,False,False
gbdt,ordinal,0.8,0.7,0.9220717400651065,0.9419047619047619,1.0,0,0,0.4,55,0,False,True,True,False
gbdt,none,0.8,0.75,0.9075651231206786,0.8961904761904762,0.8514285714285714,102,50,0.3405714285714286,1,131,False,False,False,False
gbdt,c_only,0.8,0.75,0.956775586510576,0.9457142857142857,1.0,0,0,0.4,1,79,False,True,False,False
gbdt,ordinal,0.8,0.75,0.9220717400651065,0.9419047619047619,1.0,0,0,0.4,55,0,False,True,True,False
gbdt,none,0.8,0.8,0.9075651231206786,0.8961904761904762,0.8514285714285714,102,50,0.3405714285714286,1,131,False,False,False,False
gbdt,c_only,0.8,0.8,0.956775586510576,0.9457142857142857,1.0,0,0,0.4,1,79,False,True,False,False
gbdt,ordinal,0.8,0.8,0.9220717400651065,0.9419047619047619,1.0,0,0,0.4,55,0,False,True,True,False
gbdt,none,0.8,0.85,0.9075651231206786,0.8961904761904762,0.8514285714285714,102,50,0.3405714285714286,1,131,False,False,False,False
gbdt,c_only,0.8,0.85,0.956775586510576,0.9457142857142857,1.0,0,0,0.4,1,79,False,True,False,False
gbdt,ordinal,0.8,0.85,0.9220717400651065,0.9419047619047619,1.0,0,0,0.4,55,0,False,True,True,False
gbdt,none,0.8,0.9,0.9075651231206786,0.8961904761904762,0.8514285714285714,102,50,0.3405714285714286,1,131,False,False,False,False
gbdt,c_only,0.8,0.9,0.956775586510576,0.9457142857142857,1.0,0,0,0.4,1,79,False,True,False,False
gbdt,ordinal,0.8,0.9,0.9220717400651065,0.9419047619047619,1.0,0,0,0.4,55,0,False,True,True,False
gbdt,none,0.85,0.2,0.9052256162277876,0.8942857142857142,0.8485714285714285,104,51,0.3394285714285714,2,131,False,False,False,False
gbdt,c_only,0.85,0.2,0.9553616977859402,0.9447619047619048,1.0,0,0,0.4,2,78,False,True,False,False
gbdt,ordinal,0.85,0.2,0.9220717400651065,0.9419047619047619,1.0,0,0,0.4,55,0,False,True,True,False
gbdt,none,0.85,0.25,0.9052256162277876,0.8942857142857142,0.8485714285714285,104,51,0.3394285714285714,2,131,False,False,False,False
gbdt,c_only,0.85,0.25,0.9553616977859402,0.9447619047619048,1.0,0,0,0.4,2,78,False,True,False,False
gbdt,ordinal,0.85,0.25,0.9220717400651065,0.9419047619047619,1.0,0,0,0.4,55,0,False,True,True,False
gbdt,none,0.85,0.3,0.9052256162277876,0.8942857142857142,0.8485714285714285,104,51,0.3394285714285714,2,131,False,False,False,False
gbdt,c_only,0.85,0.3,0.9553616977859402,0.9447619047619048,1.0,0,0,0.4,2,78,False,True,False,False
gbdt,ordinal,0.85,0.3,0.9220717400651065,0.9419047619047619,1.0,0,0,0.4,55,0,False,True,True,False
gbdt,none,0.85,0.35,0.9052256162277876,0.8942857142857142,0.8485714285714285,104,51,0.3394285714285714,2,131,False,False,False,False
gbdt,c_only,0.85,0.35,0.9553616977859402,0.9447619047619048,1.0,0,0,0.4,2,78,False,True,False,False
gbdt,ordinal,0.85,0.35,0.9220717400651065,0.9419047619047619,1.0,0,0,0.4,55,0,False,True,True,False
gbdt,none,0.85,0.4,0.9052256162277876,0.8942857142857142,0.8485714285714285,104,51,0.3394285714285714,2,131,False,False,False,False
gbdt,c_only,0.85,0.4,0.9553616977859402,0.9447619047619048,1.0,0,0,0.4,2,78,False,True,False,False
gbdt,ordinal,0.85,0.4,0.9220717400651065,0.9419047619047619,1.0,0,0,0.4,55,0,False,True,True,False
gbdt,none,0.85,0.45,0.9052256162277876,0.8942857142857142,0.8485714285714285,104,51,0.3394285714285714,2,131,False,False,False,False
gbdt,c_only,0.85,0.45,0.9553616977859402,0.9447619047619048,1.0,0,0,0.4,2,78,False,True,False,False
gbdt,ordinal,0.85,0.45,0.9220717400651065,0.9419047619047619,1.0,0,0,0.4,55,0,False,True,True,False
gbdt,none,0.85,0.5,0.9066236944173872,0.8952380952380953,0.8485714285714285,104,51,0.3394285714285714,1,132,False,False,False,False
gbdt,c_only,0.85,0.5,0.956775586510576,0.9457142857142857,1.0,0,0,0.4,1,79,False,True,False,False
gbdt,ordinal,0.85,0.5,0.9220717400651065,0.9419047619047619,1.0,0,0,0.4,55,0,False,True,True,False
gbdt,none,0.85,0.55,0.9066236944173872,0.8952380952380953,0.8485714285714285,104,51,0.3394285714285714,1,132,False,False,False,False
gbdt,c_only,0.85,0.55,0.956775586510576,0.9457142857142857,1.0,0,0,0.4,1,79,False,True,False,False
gbdt,ordinal,0.85,0.55,0.9220717400651065,0.9419047619047619,1.0,0,0,0.4,55,0,False,True,True,False
gbdt,none,0.85,0.6,0.9066236944173872,0.8952380952380953,0.8485714285714285,104,51,0.3394285714285714,1,132,False,False,False,False
gbdt,c_only,0.85,0.6,0.956775586510576,0.9457142857142857,1.0,0,0,0.4,1,79,False,True,False,False
gbdt,ordinal,0.85,0.6,0.9220717400651065,0.9419047619047619,1.0,0,0,0.4,55,0,False,True,True,False
gbdt,none,0.85,0.65,0.9066236944173872,0.8952380952380953,0.8485714285714285,104,51,0.3394285714285714,1,132,False,False,False,False
gbdt,c_only,0.85,0.65,0.956775586510576,0.9457142857142857,1.0,0,0,0.4,1,79,False,True,False,False
gbdt,ordinal,0.85,0.65,0.9220717400651065,0.9419047619047619,1.0,0,0,0.4,55,0,False,True,True,False
gbdt,none,0.85,0.7,0.9066236944173872,0.8952380952380953,0.8485714285714285,104,51,0.3394285714285714,1,132,False,False,False,False
gbdt,c_only,0.85,0.7,0.956775586510576,0.9457142857142857,1.0,0,0,0.4,1,79,False,True,False,False
gbdt,ordinal,0.85,0.7,0.9220717400651065,0.9419047619047619,1.0,0,0,0.4,55,0,False,True,True,False
gbdt,none,0.85,0.75,0.9066236944173872,0.8952380952380953,0.8485714285714285,104,51,0.3394285714285714,1,132,False,False,False,False
gbdt,c_only,0.85,0.75,0.956775586510576,0.9457142857142857,1.0,0,0,0.4,1,79,False,True,False,False
gbdt,ordinal,0.85,0.75,0.9220717400651065,0.9419047619047619,1.0,0,0,0.4,55,0,False,True,True,False
gbdt,none,0.85,0.8,0.9066236944173872,0.8952380952380953,0.8485714285714285,104,51,0.3394285714285714,1,132,False,False,False,False
gbdt,c_only,0.85,0.8,0.956775586510576,0.9457142857142857,1.0,0,0,0.4,1,79,False,True,False,False
gbdt,ordinal,0.85,0.8,0.9220717400651065,0.9419047619047619,1.0,0,0,0.4,55,0,False,True,True,False
gbdt,none,0.85,0.85,0.9066236944173872,0.8952380952380953,0.8485714285714285,104,51,0.3394285714285714,1,132,False,False,False,False
gbdt,c_only,0.85,0.85,0.956775586510576,0.9457142857142857,1.0,0,0,0.4,1,79,False,True,False,False
gbdt,ordinal,0.85,0.85,0.9220717400651065,0.9419047619047619,1.0,0,0,0.4,55,0,False,True,True,False
gbdt,none,0.85,0.9,0.9066236944173872,0.8952380952380953,0.8485714285714285,104,51,0.3394285714285714,1,132,False,False,False,False
gbdt,c_only,0.85,0.9,0.956775586510576,0.9457142857142857,1.0,0,0,0.4,1,79,False,True,False,False
gbdt,ordinal,0.85,0.9,0.9220717400651065,0.9419047619047619,1.0,0,0,0.4,55,0,False,True,True,False
gbdt,none,0.9,0.2,0.9052256162277876,0.8942857142857142,0.8485714285714285,104,51,0.3394285714285714,2,131,False,False,False,False
gbdt,c_only,0.9,0.2,0.9553616977859402,0.9447619047619048,1.0,0,0,0.4,2,78,False,True,False,False
gbdt,ordinal,0.9,0.2,0.9220717400651065,0.9419047619047619,1.0,0,0,0.4,55,0,False,True,True,False
gbdt,none,0.9,0.25,0.9052256162277876,0.8942857142857142,0.8485714285714285,104,51,0.3394285714285714,2,131,False,False,False,False
gbdt,c_only,0.9,0.25,0.9553616977859402,0.9447619047619048,1.0,0,0,0.4,2,78,False,True,False,False
gbdt,ordinal,0.9,0.25,0.9220717400651065,0.9419047619047619,1.0,0,0,0.4,55,0,False,True,True,False
gbdt,none,0.9,0.3,0.9052256162277876,0.8942857142857142,0.8485714285714285,104,51,0.3394285714285714,2,131,False,False,False,False
gbdt,c_only,0.9,0.3,0.9553616977859402,0.9447619047619048,1.0,0,0,0.4,2,78,False,True,False,False
gbdt,ordinal,0.9,0.3,0.9220717400651065,0.9419047619047619,1.0,0,0,0.4,55,0,False,True,True,False
gbdt,none,0.9,0.35,0.9052256162277876,0.8942857142857142,0.8485714285714285,104,51,0.3394285714285714,2,131,False,False,False,False
gbdt,c_only,0.9,0.35,0.9553616977859402,0.9447619047619048,1.0,0,0,0.4,2,78,False,True,False,False
gbdt,ordinal,0.9,0.35,0.9220717400651065,0.9419047619047619,1.0,0,0,0.4,55,0,False,True,True,False
gbdt,none,0.9,0.4,0.9052256162277876,0.8942857142857142,0.8485714285714285,104,51,0.3394285714285714,2,131,False,False,False,False
gbdt,c_only,0.9,0.4,0.9553616977859402,0.9447619047619048,1.0,0,0,0.4,2,78,False,True,False,False
gbdt,ordinal,0.9,0.4,0.9220717400651065,0.9419047619047619,1.0,0,0,0.4,55,0,False,True,True,False
gbdt,none,0.9,0.45,0.9052256162277876,0.8942857142857142,0.8485714285714285,104,51,0.3394285714285714,2,131,False,False,False,False
gbdt,c_only,0.9,0.45,0.9553616977859402,0.9447619047619048,1.0,0,0,0.4,2,78,False,True,False,False
gbdt,ordinal,0.9,0.45,0.9220717400651065,0.9419047619047619,1.0,0,0,0.4,55,0,False,True,True,False
gbdt,none,0.9,0.5,0.9066236944173872,0.8952380952380953,0.8485714285714285,104,51,0.3394285714285714,1,132,False,False,False,False
gbdt,c_only,0.9,0.5,0.956775586510576,0.9457142857142857,1.0,0,0,0.4,1,79,False,True,False,False
gbdt,ordinal,0.9,0.5,0.9220717400651065,0.9419047619047619,1.0,0,0,0.4,55,0,False,True,True,False
gbdt,none,0.9,0.55,0.9066236944173872,0.8952380952380953,0.8485714285714285,104,51,0.3394285714285714,1,132,False,False,False,False
gbdt,c_only,0.9,0.55,0.956775586510576,0.9457142857142857,1.0,0,0,0.4,1,79,False,True,False,False
gbdt,ordinal,0.9,0.55,0.9220717400651065,0.9419047619047619,1.0,0,0,0.4,55,0,False,True,True,False
gbdt,none,0.9,0.6,0.9066236944173872,0.8952380952380953,0.8485714285714285,104,51,0.3394285714285714,1,132,False,False,False,False
gbdt,c_only,0.9,0.6,0.956775586510576,0.9457142857142857,1.0,0,0,0.4,1,79,False,True,False,False
gbdt,ordinal,0.9,0.6,0.9220717400651065,0.9419047619047619,1.0,0,0,0.4,55,0,False,True,True,False
gbdt,none,0.9,0.65,0.9066236944173872,0.8952380952380953,0.8485714285714285,104,51,0.3394285714285714,1,132,False,False,False,False
gbdt,c_only,0.9,0.65,0.956775586510576,0.9457142857142857,1.0,0,0,0.4,1,79,False,True,False,False
gbdt,ordinal,0.9,0.65,0.9220717400651065,0.9419047619047619,1.0,0,0,0.4,55,0,False,True,True,False
gbdt,none,0.9,0.7,0.9066236944173872,0.8952380952380953,0.8485714285714285,104,51,0.3394285714285714,1,132,False,False,False,False
gbdt,c_only,0.9,0.7,0.956775586510576,0.9457142857142857,1.0,0,0,0.4,1,79,False,True,False,False
gbdt,ordinal,0.9,0.7,0.9220717400651065,0.9419047619047619,1.0,0,0,0.4,55,0,False,True,True,False
gbdt,none,0.9,0.75,0.9066236944173872,0.8952380952380953,0.8485714285714285,104,51,0.3394285714285714,1,132,False,False,False,False
gbdt,c_only,0.9,0.75,0.956775586510576,0.9457142857142857,1.0,0,0,0.4,1,79,False,True,False,False
gbdt,ordinal,0.9,0.75,0.9220717400651065,0.9419047619047619,1.0,0,0,0.4,55,0,False,True,True,False
gbdt,none,0.9,0.8,0.9066236944173872,0.8952380952380953,0.8485714285714285,104,51,0.3394285714285714,1,132,False,False,False,False
gbdt,c_only,0.9,0.8,0.956775586510576,0.9457142857142857,1.0,0,0,0.4,1,79,False,True,False,False
gbdt,ordinal,0.9,0.8,0.9220717400651065,0.9419047619047619,1.0,0,0,0.4,55,0,False,True,True,False
gbdt,none,0.9,0.85,0.9066236944173872,0.8952380952380953,0.8485714285714285,104,51,0.3394285714285714,1,132,False,False,False,False
gbdt,c_only,0.9,0.85,0.956775586510576,0.9457142857142857,1.0,0,0,0.4,1,79,False,True,False,False
gbdt,ordinal,0.9,0.85,0.9220717400651065,0.9419047619047619,1.0,0,0,0.4,55,0,False,True,True,False
gbdt,none,0.9,0.9,0.9066236944173872,0.8952380952380953,0.8485714285714285,104,51,0.3394285714285714,1,132,False,False,False,False
gbdt,c_only,0.9,0.9,0.956775586510576,0.9457142857142857,1.0,0,0,0.4,1,79,False,True,False,False
gbdt,ordinal,0.9,0.9,0.9220717400651065,0.9419047619047619,1.0,0,0,0.4,55,0,False,True,True,False
rf_rule,none,0.2,0.2,0.991476689776591,0.9933333333333333,1.0,0,0,0.40114285714285713,5,50,False,True,False,False
rf_rule,c_only,0.2,0.2,0.991476689776591,0.9933333333333333,1.0,0,0,0.40114285714285713,5,50,False,True,False,False
rf_rule,ordinal,0.2,0.2,0.924896095753622,0.9457142857142857,1.0,0,0,0.40114285714285713,55,0,False,True,True,False
rf_rule,none,0.2,0.25,0.9928873446968908,0.9942857142857143,1.0,0,0,0.40114285714285713,4,50,False,True,False,False
rf_rule,c_only,0.2,0.25,0.9928873446968908,0.9942857142857143,1.0,0,0,0.40114285714285713,4,50,False,True,False,False
rf_rule,ordinal,0.2,0.25,0.9261685694693683,0.9466666666666667,1.0,0,0,0.40114285714285713,54,0,False,True,True,False
rf_rule,none,0.2,0.3,0.9928873446968908,0.9942857142857143,1.0,0,0,0.40114285714285713,4,50,False,True,False,False
rf_rule,c_only,0.2,0.3,0.9928873446968908,0.9942857142857143,1.0,0,0,0.40114285714285713,4,50,False,True,False,False
rf_rule,ordinal,0.2,0.3,0.9261685694693683,0.9466666666666667,1.0,0,0,0.40114285714285713,54,0,False,True,True,False
rf_rule,none,0.2,0.35,0.9928873446968908,0.9942857142857143,1.0,0,0,0.40114285714285713,4,50,False,True,False,False
rf_rule,c_only,0.2,0.35,0.9928873446968908,0.9942857142857143,1.0,0,0,0.40114285714285713,4,50,False,True,False,False
rf_rule,ordinal,0.2,0.35,0.9261685694693683,0.9466666666666667,1.0,0,0,0.40114285714285713,54,0,False,True,True,False
rf_rule,none,0.2,0.4,0.9928873446968908,0.9942857142857143,1.0,0,0,0.40114285714285713,4,50,False,True,False,False
rf_rule,c_only,0.2,0.4,0.9928873446968908,0.9942857142857143,1.0,0,0,0.40114285714285713,4,50,False,True,False,False
rf_rule,ordinal,0.2,0.4,0.9261685694693683,0.9466666666666667,1.0,0,0,0.40114285714285713,54,0,False,True,True,False
rf_rule,none,0.2,0.45,0.9928873446968908,0.9942857142857143,1.0,0,0,0.40114285714285713,4,50,False,True,False,False
rf_rule,c_only,0.2,0.45,0.9928873446968908,0.9942857142857143,1.0,0,0,0.40114285714285713,4,50,False,True,False,False
rf_rule,ordinal,0.2,0.45,0.9261685694693683,0.9466666666666667,1.0,0,0,0.40114285714285713,54,0,False,True,True,False
rf_rule,none,0.2,0.5,0.9914514702610772,0.9923809523809523,1.0,0,0,0.40114285714285713,4,50,False,True,False,False
rf_rule,c_only,0.2,0.5,0.9914514702610772,0.9923809523809523,1.0,0,0,0.40114285714285713,4,50,False,True,False,False
rf_rule,ordinal,0.2,0.5,0.924754085304709,0.9447619047619048,1.0,0,0,0.40114285714285713,54,0,False,True,True,False
rf_rule,none,0.2,0.55,0.9554794255100018,0.9457142857142857,1.0,0,0,0.40114285714285713,3,76,False,True,False,False
rf_rule,c_only,0.2,0.55,0.9554794255100018,0.9457142857142857,1.0,0,0,0.40114285714285713,3,76,False,True,False,False
rf_rule,ordinal,0.2,0.55,0.924754085304709,0.9447619047619048,1.0,0,0,0.40114285714285713,54,0,False,True,True,False
rf_rule,none,0.2,0.6,0.9523498045626807,0.9419047619047619,1.0,0,0,0.40114285714285713,3,76,False,True,False,False
rf_rule,c_only,0.2,0.6,0.9523498045626807,0.9419047619047619,1.0,0,0,0.40114285714285713,3,76,False,True,False,False
rf_rule,ordinal,0.2,0.6,0.9219153465553283,0.940952380952381,1.0,0,0,0.40114285714285713,54,0,False,True,True,False
rf_rule,none,0.2,0.65,0.9221620796873773,0.9047619047619048,1.0,0,0,0.40114285714285713,0,93,False,True,False,False
rf_rule,c_only,0.2,0.65,0.9221620796873773,0.9047619047619048,1.0,0,0,0.40114285714285713,0,93,False,True,False,False
rf_rule,ordinal,0.2,0.65,0.9118726962770275,0.9276190476190477,1.0,0,0,0.40114285714285713,54,0,False,True,True,False
rf_rule,none,0.2,0.7,0.8974094784535963,0.8780952380952382,1.0,0,0,0.40114285714285713,0,99,False,True,False,False
rf_rule,c_only,0.2,0.7,0.8974094784535963,0.8780952380952382,1.0,0,0,0.40114285714285713,0,99,False,True,False,False
rf_rule,ordinal,0.2,0.7,0.9001764473087711,0.9123809523809524,1.0,0,0,0.40114285714285713,54,0,False,True,True,False
rf_rule,none,0.2,0.75,0.8649647074255573,0.8457142857142858,1.0,0,0,0.40114285714285713,0,109,False,True,False,False
rf_rule,c_only,0.2,0.75,0.8649647074255573,0.8457142857142858,1.0,0,0,0.40114285714285713,0,109,False,True,False,False
rf_rule,ordinal,0.2,0.75,0.8897328435147164,0.899047619047619,1.0,0,0,0.40114285714285713,54,0,False,True,True,False
rf_rule,none,0.2,0.8,0.8527867430397632,0.8342857142857142,1.0,0,0,0.40114285714285713,0,115,False,True,False,False
rf_rule,c_only,0.2,0.8,0.8527867430397632,0.8342857142857142,1.0,0,0,0.40114285714285713,0,115,False,True,False,False
rf_rule,ordinal,0.2,0.8,0.8897328435147164,0.899047619047619,1.0,0,0,0.40114285714285713,54,0,False,True,True,False
rf_rule,none,0.2,0.85,0.8065675452771278,0.7942857142857142,1.0,0,0,0.40114285714285713,0,136,False,True,False,False
rf_rule,c_only,0.2,0.85,0.8065675452771278,0.7942857142857142,1.0,0,0,0.40114285714285713,0,136,False,True,False,False
rf_rule,ordinal,0.2,0.85,0.8897328435147164,0.899047619047619,1.0,0,0,0.40114285714285713,54,0,False,True,True,False
rf_rule,none,0.2,0.9,0.7641774913425676,0.7619047619047619,1.0,0,0,0.40114285714285713,0,153,False,True,False,False
rf_rule,c_only,0.2,0.9,0.7641774913425676,0.7619047619047619,1.0,0,0,0.40114285714285713,0,153,False,True,False,False
rf_rule,ordinal,0.2,0.9,0.8897328435147164,0.899047619047619,1.0,0,0,0.40114285714285713,54,0,False,True,True,False
rf_rule,none,0.25,0.2,0.9929070827844767,0.9952380952380953,1.0,0,0,0.4,5,50,False,True,False,False
rf_rule,c_only,0.25,0.2,0.9929070827844767,0.9952380952380953,1.0,0,0,0.4,5,50,False,True,False,False
rf_rule,ordinal,0.25,0.2,0.9263087376782467,0.9476190476190477,1.0,0,0,0.4,55,0,False,True,True,False
rf_rule,none,0.25,0.25,0.99431781284499,0.9961904761904762,1.0,0,0,0.4,4,50,True,True,False,False
rf_rule,c_only,0.25,0.25,0.99431781284499,0.9961904761904762,1.0,0,0,0.4,4,50,True,True,False,False
rf_rule,ordinal,0.25,0.25,0.9275817674646722,0.9485714285714285,1.0,0,0,0.4,54,0,False,True,True,True
rf_rule,none,0.25,0.3,0.99431781284499,0.9961904761904762,1.0,0,0,0.4,4,50,True,True,False,False
rf_rule,c_only,0.25,0.3,0.99431781284499,0.9961904761904762,1.0,0,0,0.4,4,50,True,True,False,False
rf_rule,ordinal,0.25,0.3,0.9275817674646722,0.9485714285714285,1.0,0,0,0.4,54,0,False,True,True,True
rf_rule,none,0.25,0.35,0.99431781284499,0.9961904761904762,1.0,0,0,0.4,4,50,True,True,False,False
rf_rule,c_only,0.25,0.35,0.99431781284499,0.9961904761904762,1.0,0,0,0.4,4,50,True,True,False,False
rf_rule,ordinal,0.25,0.35,0.9275817674646722,0.9485714285714285,1.0,0,0,0.4,54,0,False,True,True,True
rf_rule,none,0.25,0.4,0.99431781284499,0.9961904761904762,1.0,0,0,0.4,4,50,True,True,False,False
rf_rule,c_only,0.25,0.4,0.99431781284499,0.9961904761904762,1.0,0,0,0.4,4,50,True,True,False,False
rf_rule,ordinal,0.25,0.4,0.9275817674646722,0.9485714285714285,1.0,0,0,0.4,54,0,False,True,True,True
rf_rule,none,0.25,0.45,0.99431781284499,0.9961904761904762,1.0,0,0,0.4,4,50,True,True,False,False
rf_rule,c_only,0.25,0.45,0.99431781284499,0.9961904761904762,1.0,0,0,0.4,4,50,True,True,False,False
rf_rule,ordinal,0.25,0.45,0.9275817674646722,0.9485714285714285,1.0,0,0,0.4,54,0,False,True,True,True
rf_rule,none,0.25,0.5,0.9928873643010717,0.9942857142857143,1.0,0,0,0.4,4,50,False,True,False,False
rf_rule,c_only,0.25,0.5,0.9928873643010717,0.9942857142857143,1.0,0,0,0.4,4,50,False,True,False,False
rf_rule,ordinal,0.25,0.5,0.926171948408574,0.9466666666666667,1.0,0,0,0.4,54,0,False,True,True,False
rf_rule,none,0.25,0.55,0.9570681115467746,0.9476190476190477,1.0,0,0,0.4,3,76,False,True,False,False
rf_rule,c_only,0.25,0.55,0.9570681115467746,0.9476190476190477,1.0,0,0,0.4,3,76,False,True,False,False
rf_rule,ordinal,0.25,0.55,0.926171948408574,0.9466666666666667,1.0,0,0,0.4,54,0,False,True,True,False
rf_rule,none,0.25,0.6,0.9539522546419098,0.9438095238095238,1.0,0,0,0.4,3,76,False,True,False,False
rf_rule,c_only,0.25,0.6,0.9539522546419098,0.9438095238095238,1.0,0,0,0.4,3,76,False,True,False,False
rf_rule,ordinal,0.25,0.6,0.9233426449285108,0.942857142857143,1.0,0,0,0.4,54,0,False,True,True,False
rf_rule,none,0.25,0.65,0.9239295805259725,0.9066666666666666,1.0,0,0,0.4,0,93,False,True,False,False
rf_rule,c_only,0.25,0.65,0.9239295805259725,0.9066666666666666,1.0,0,0,0.4,0,93,False,True,False,False
rf_rule,ordinal,0.25,0.65,0.9133341587222978,0.9295238095238095,1.0,0,0,0.4,54,0,False,True,True,False
rf_rule,none,0.25,0.7,0.8993063325128663,0.88,1.0,0,0,0.4,0,99,False,True,False,False
rf_rule,c_only,0.25,0.7,0.8993063325128663,0.88,1.0,0,0,0.4,0,99,False,True,False,False
rf_rule,ordinal,0.25,0.7,0.9016792558836381,0.9142857142857143,1.0,0,0,0.4,54,0,False,True,True,False
rf_rule,none,0.25,0.75,0.8670465337132004,0.8476190476190476,1.0,0,0,0.4,0,109,False,True,False,False
rf_rule,c_only,0.25,0.75,0.8670465337132004,0.8476190476190476,1.0,0,0,0.4,0,109,False,True,False,False
rf_rule,ordinal,0.25,0.75,0.8912740013133629,0.900952380952381,1.0,0,0,0.4,54,0,False,True,True,False
rf_rule,none,0.25,0.8,0.8528850474198114,0.8342857142857142,1.0,0,0,0.4,0,116,False,True,False,False
rf_rule,c_only,0.25,0.8,0.8528850474198114,0.8342857142857142,1.0,0,0,0.4,0,116,False,True,False,False
rf_rule,ordinal,0.25,0.8,0.8912740013133629,0.900952380952381,1.0,0,0,0.4,54,0,False,True,True,False
rf_rule,none,0.25,0.85,0.8066852139759431,0.7942857142857142,1.0,0,0,0.4,0,137,False,True,False,False
rf_rule,c_only,0.25,0.85,0.8066852139759431,0.7942857142857142,1.0,0,0,0.4,0,137,False,True,False,False
rf_rule,ordinal,0.25,0.85,0.8912740013133629,0.900952380952381,1.0,0,0,0.4,54,0,False,True,True,False
rf_rule,none,0.25,0.9,0.7643097643097643,0.7619047619047619,1.0,0,0,0.4,0,154,False,True,False,False
rf_rule,c_only,0.25,0.9,0.7643097643097643,0.7619047619047619,1.0,0,0,0.4,0,154,False,True,False,False
rf_rule,ordinal,0.25,0.9,0.8912740013133629,0.900952380952381,1.0,0,0,0.4,54,0,False,True,True,False
rf_rule,none,0.3,0.2,0.9929070827844767,0.9952380952380953,1.0,0,0,0.4,5,50,False,True,False,False
rf_rule,c_only,0.3,0.2,0.9929070827844767,0.9952380952380953,1.0,0,0,0.4,5,50,False,True,False,False
rf_rule,ordinal,0.3,0.2,0.9263087376782467,0.9476190476190477,1.0,0,0,0.4,55,0,False,True,True,False
rf_rule,none,0.3,0.25,0.99431781284499,0.9961904761904762,1.0,0,0,0.4,4,50,True,True,False,False
rf_rule,c_only,0.3,0.25,0.99431781284499,0.9961904761904762,1.0,0,0,0.4,4,50,True,True,False,False
rf_rule,ordinal,0.3,0.25,0.9275817674646722,0.9485714285714285,1.0,0,0,0.4,54,0,False,True,True,True
rf_rule,none,0.3,0.3,0.99431781284499,0.9961904761904762,1.0,0,0,0.4,4,50,True,True,False,False
rf_rule,c_only,0.3,0.3,0.99431781284499,0.9961904761904762,1.0,0,0,0.4,4,50,True,True,False,False
rf_rule,ordinal,0.3,0.3,0.9275817674646722,0.9485714285714285,1.0,0,0,0.4,54,0,False,True,True,True
rf_rule,none,0.3,0.35,0.99431781284499,0.9961904761904762,1.0,0,0,0.4,4,50,True,True,False,False
rf_rule,c_only,0.3,0.35,0.99431781284499,0.9961904761904762,1.0,0,0,0.4,4,50,True,True,False,False
rf_rule,ordinal,0.3,0.35,0.9275817674646722,0.9485714285714285,1.0,0,0,0.4,54,0,False,True,True,True
rf_rule,none,0.3,0.4,0.99431781284499,0.9961904761904762,1.0,0,0,0.4,4,50,True,True,False,False
rf_rule,c_only,0.3,0.4,0.99431781284499,0.9961904761904762,1.0,0,0,0.4,4,50,True,True,False,False
rf_rule,ordinal,0.3,0.4,0.9275817674646722,0.9485714285714285,1.0,0,0,0.4,54,0,False,True,True,True
rf_rule,none,0.3,0.45,0.99431781284499,0.9961904761904762,1.0,0,0,0.4,4,50,True,True,False,False
rf_rule,c_only,0.3,0.45,0.99431781284499,0.9961904761904762,1.0,0,0,0.4,4,50,True,True,False,False
rf_rule,ordinal,0.3,0.45,0.9275817674646722,0.9485714285714285,1.0,0,0,0.4,54,0,False,True,True,True
rf_rule,none,0.3,0.5,0.9928873643010717,0.9942857142857143,1.0,0,0,0.4,4,50,False,True,False,False
rf_rule,c_only,0.3,0.5,0.9928873643010717,0.9942857142857143,1.0,0,0,0.4,4,50,False,True,False,False
rf_rule,ordinal,0.3,0.5,0.926171948408574,0.9466666666666667,1.0,0,0,0.4,54,0,False,True,True,False
rf_rule,none,0.3,0.55,0.9570681115467746,0.9476190476190477,1.0,0,0,0.4,3,76,False,True,False,False
rf_rule,c_only,0.3,0.55,0.9570681115467746,0.9476190476190477,1.0,0,0,0.4,3,76,False,True,False,False
rf_rule,ordinal,0.3,0.55,0.926171948408574,0.9466666666666667,1.0,0,0,0.4,54,0,False,True,True,False
rf_rule,none,0.3,0.6,0.9539522546419098,0.9438095238095238,1.0,0,0,0.4,3,76,False,True,False,False
rf_rule,c_only,0.3,0.6,0.9539522546419098,0.9438095238095238,1.0,0,0,0.4,3,76,False,True,False,False
rf_rule,ordinal,0.3,0.6,0.9233426449285108,0.942857142857143,1.0,0,0,0.4,54,0,False,True,True,False
rf_rule,none,0.3,0.65,0.9239295805259725,0.9066666666666666,1.0,0,0,0.4,0,93,False,True,False,False
rf_rule,c_only,0.3,0.65,0.9239295805259725,0.9066666666666666,1.0,0,0,0.4,0,93,False,True,False,False
rf_rule,ordinal,0.3,0.65,0.9133341587222978,0.9295238095238095,1.0,0,0,0.4,54,0,False,True,True,False
rf_rule,none,0.3,0.7,0.8993063325128663,0.88,1.0,0,0,0.4,0,99,False,True,False,False
rf_rule,c_only,0.3,0.7,0.8993063325128663,0.88,1.0,0,0,0.4,0,99,False,True,False,False
rf_rule,ordinal,0.3,0.7,0.9016792558836381,0.9142857142857143,1.0,0,0,0.4,54,0,False,True,True,False
rf_rule,none,0.3,0.75,0.8670465337132004,0.8476190476190476,1.0,0,0,0.4,0,109,False,True,False,False
rf_rule,c_only,0.3,0.75,0.8670465337132004,0.8476190476190476,1.0,0,0,0.4,0,109,False,True,False,False
rf_rule,ordinal,0.3,0.75,0.8912740013133629,0.900952380952381,1.0,0,0,0.4,54,0,False,True,True,False
rf_rule,none,0.3,0.8,0.8528850474198114,0.8342857142857142,1.0,0,0,0.4,0,116,False,True,False,False
rf_rule,c_only,0.3,0.8,0.8528850474198114,0.8342857142857142,1.0,0,0,0.4,0,116,False,True,False,False
rf_rule,ordinal,0.3,0.8,0.8912740013133629,0.900952380952381,1.0,0,0,0.4,54,0,False,True,True,False
rf_rule,none,0.3,0.85,0.8066852139759431,0.7942857142857142,1.0,0,0,0.4,0,137,False,True,False,False
rf_rule,c_only,0.3,0.85,0.8066852139759431,0.7942857142857142,1.0,0,0,0.4,0,137,False,True,False,False
rf_rule,ordinal,0.3,0.85,0.8912740013133629,0.900952380952381,1.0,0,0,0.4,54,0,False,True,True,False
rf_rule,none,0.3,0.9,0.7643097643097643,0.7619047619047619,1.0,0,0,0.4,0,154,False,True,False,False
rf_rule,c_only,0.3,0.9,0.7643097643097643,0.7619047619047619,1.0,0,0,0.4,0,154,False,True,False,False
rf_rule,ordinal,0.3,0.9,0.8912740013133629,0.900952380952381,1.0,0,0,0.4,54,0,False,True,True,False
rf_rule,none,0.35,0.2,0.9929070827844767,0.9952380952380953,1.0,0,0,0.4,5,50,False,True,False,False
rf_rule,c_only,0.35,0.2,0.9929070827844767,0.9952380952380953,1.0,0,0,0.4,5,50,False,True,False,False
rf_rule,ordinal,0.35,0.2,0.9263087376782467,0.9476190476190477,1.0,0,0,0.4,55,0,False,True,True,False
rf_rule,none,0.35,0.25,0.99431781284499,0.9961904761904762,1.0,0,0,0.4,4,50,True,True,False,False
rf_rule,c_only,0.35,0.25,0.99431781284499,0.9961904761904762,1.0,0,0,0.4,4,50,True,True,False,False
rf_rule,ordinal,0.35,0.25,0.9275817674646722,0.9485714285714285,1.0,0,0,0.4,54,0,False,True,True,True
rf_rule,none,0.35,0.3,0.99431781284499,0.9961904761904762,1.0,0,0,0.4,4,50,True,True,False,False
rf_rule,c_only,0.35,0.3,0.99431781284499,0.9961904761904762,1.0,0,0,0.4,4,50,True,True,False,False
rf_rule,ordinal,0.35,0.3,0.9275817674646722,0.9485714285714285,1.0,0,0,0.4,54,0,False,True,True,True
rf_rule,none,0.35,0.35,0.99431781284499,0.9961904761904762,1.0,0,0,0.4,4,50,True,True,False,False
rf_rule,c_only,0.35,0.35,0.99431781284499,0.9961904761904762,1.0,0,0,0.4,4,50,True,True,False,False
rf_rule,ordinal,0.35,0.35,0.9275817674646722,0.9485714285714285,1.0,0,0,0.4,54,0,False,True,True,True
rf_rule,none,0.35,0.4,0.99431781284499,0.9961904761904762,1.0,0,0,0.4,4,50,True,True,False,False
rf_rule,c_only,0.35,0.4,0.99431781284499,0.9961904761904762,1.0,0,0,0.4,4,50,True,True,False,False
rf_rule,ordinal,0.35,0.4,0.9275817674646722,0.9485714285714285,1.0,0,0,0.4,54,0,False,True,True,True
rf_rule,none,0.35,0.45,0.99431781284499,0.9961904761904762,1.0,0,0,0.4,4,50,True,True,False,False
rf_rule,c_only,0.35,0.45,0.99431781284499,0.9961904761904762,1.0,0,0,0.4,4,50,True,True,False,False
rf_rule,ordinal,0.35,0.45,0.9275817674646722,0.9485714285714285,1.0,0,0,0.4,54,0,False,True,True,True
rf_rule,none,0.35,0.5,0.9928873643010717,0.9942857142857143,1.0,0,0,0.4,4,50,False,True,False,False
rf_rule,c_only,0.35,0.5,0.9928873643010717,0.9942857142857143,1.0,0,0,0.4,4,50,False,True,False,False
rf_rule,ordinal,0.35,0.5,0.926171948408574,0.9466666666666667,1.0,0,0,0.4,54,0,False,True,True,False
rf_rule,none,0.35,0.55,0.9570681115467746,0.9476190476190477,1.0,0,0,0.4,3,76,False,True,False,False
rf_rule,c_only,0.35,0.55,0.9570681115467746,0.9476190476190477,1.0,0,0,0.4,3,76,False,True,False,False
rf_rule,ordinal,0.35,0.55,0.926171948408574,0.9466666666666667,1.0,0,0,0.4,54,0,False,True,True,False
rf_rule,none,0.35,0.6,0.9539522546419098,0.9438095238095238,1.0,0,0,0.4,3,76,False,True,False,False
rf_rule,c_only,0.35,0.6,0.9539522546419098,0.9438095238095238,1.0,0,0,0.4,3,76,False,True,False,False
rf_rule,ordinal,0.35,0.6,0.9233426449285108,0.942857142857143,1.0,0,0,0.4,54,0,False,True,True,False
rf_rule,none,0.35,0.65,0.9239295805259725,0.9066666666666666,1.0,0,0,0.4,0,93,False,True,False,False
rf_rule,c_only,0.35,0.65,0.9239295805259725,0.9066666666666666,1.0,0,0,0.4,0,93,False,True,False,False
rf_rule,ordinal,0.35,0.65,0.9133341587222978,0.9295238095238095,1.0,0,0,0.4,54,0,False,True,True,False
rf_rule,none,0.35,0.7,0.8993063325128663,0.88,1.0,0,0,0.4,0,99,False,True,False,False
rf_rule,c_only,0.35,0.7,0.8993063325128663,0.88,1.0,0,0,0.4,0,99,False,True,False,False
rf_rule,ordinal,0.35,0.7,0.9016792558836381,0.9142857142857143,1.0,0,0,0.4,54,0,False,True,True,False
rf_rule,none,0.35,0.75,0.8670465337132004,0.8476190476190476,1.0,0,0,0.4,0,109,False,True,False,False
rf_rule,c_only,0.35,0.75,0.8670465337132004,0.8476190476190476,1.0,0,0,0.4,0,109,False,True,False,False
rf_rule,ordinal,0.35,0.75,0.8912740013133629,0.900952380952381,1.0,0,0,0.4,54,0,False,True,True,False
rf_rule,none,0.35,0.8,0.8528850474198114,0.8342857142857142,1.0,0,0,0.4,0,116,False,True,False,False
rf_rule,c_only,0.35,0.8,0.8528850474198114,0.8342857142857142,1.0,0,0,0.4,0,116,False,True,False,False
rf_rule,ordinal,0.35,0.8,0.8912740013133629,0.900952380952381,1.0,0,0,0.4,54,0,False,True,True,False
rf_rule,none,0.35,0.85,0.8066852139759431,0.7942857142857142,1.0,0,0,0.4,0,137,False,True,False,False
rf_rule,c_only,0.35,0.85,0.8066852139759431,0.7942857142857142,1.0,0,0,0.4,0,137,False,True,False,False
rf_rule,ordinal,0.35,0.85,0.8912740013133629,0.900952380952381,1.0,0,0,0.4,54,0,False,True,True,False
rf_rule,none,0.35,0.9,0.7643097643097643,0.7619047619047619,1.0,0,0,0.4,0,154,False,True,False,False
rf_rule,c_only,0.35,0.9,0.7643097643097643,0.7619047619047619,1.0,0,0,0.4,0,154,False,True,False,False
rf_rule,ordinal,0.35,0.9,0.8912740013133629,0.900952380952381,1.0,0,0,0.4,54,0,False,True,True,False
rf_rule,none,0.4,0.2,0.9929070827844767,0.9952380952380953,1.0,0,0,0.4,5,50,False,True,False,False
rf_rule,c_only,0.4,0.2,0.9929070827844767,0.9952380952380953,1.0,0,0,0.4,5,50,False,True,False,False
rf_rule,ordinal,0.4,0.2,0.9263087376782467,0.9476190476190477,1.0,0,0,0.4,55,0,False,True,True,False
rf_rule,none,0.4,0.25,0.99431781284499,0.9961904761904762,1.0,0,0,0.4,4,50,True,True,False,False
rf_rule,c_only,0.4,0.25,0.99431781284499,0.9961904761904762,1.0,0,0,0.4,4,50,True,True,False,False
rf_rule,ordinal,0.4,0.25,0.9275817674646722,0.9485714285714285,1.0,0,0,0.4,54,0,False,True,True,True
rf_rule,none,0.4,0.3,0.99431781284499,0.9961904761904762,1.0,0,0,0.4,4,50,True,True,False,False
rf_rule,c_only,0.4,0.3,0.99431781284499,0.9961904761904762,1.0,0,0,0.4,4,50,True,True,False,False
rf_rule,ordinal,0.4,0.3,0.9275817674646722,0.9485714285714285,1.0,0,0,0.4,54,0,False,True,True,True
rf_rule,none,0.4,0.35,0.99431781284499,0.9961904761904762,1.0,0,0,0.4,4,50,True,True,False,False
rf_rule,c_only,0.4,0.35,0.99431781284499,0.9961904761904762,1.0,0,0,0.4,4,50,True,True,False,False
rf_rule,ordinal,0.4,0.35,0.9275817674646722,0.9485714285714285,1.0,0,0,0.4,54,0,False,True,True,True
rf_rule,none,0.4,0.4,0.99431781284499,0.9961904761904762,1.0,0,0,0.4,4,50,True,True,False,False
rf_rule,c_only,0.4,0.4,0.99431781284499,0.9961904761904762,1.0,0,0,0.4,4,50,True,True,False,False
rf_rule,ordinal,0.4,0.4,0.9275817674646722,0.9485714285714285,1.0,0,0,0.4,54,0,False,True,True,True
rf_rule,none,0.4,0.45,0.99431781284499,0.9961904761904762,1.0,0,0,0.4,4,50,True,True,False,False
rf_rule,c_only,0.4,0.45,0.99431781284499,0.9961904761904762,1.0,0,0,0.4,4,50,True,True,False,False
rf_rule,ordinal,0.4,0.45,0.9275817674646722,0.9485714285714285,1.0,0,0,0.4,54,0,False,True,True,True
rf_rule,none,0.4,0.5,0.9928873643010717,0.9942857142857143,1.0,0,0,0.4,4,50,False,True,False,False
rf_rule,c_only,0.4,0.5,0.9928873643010717,0.9942857142857143,1.0,0,0,0.4,4,50,False,True,False,False
rf_rule,ordinal,0.4,0.5,0.926171948408574,0.9466666666666667,1.0,0,0,0.4,54,0,False,True,True,False
rf_rule,none,0.4,0.55,0.9570681115467746,0.9476190476190477,1.0,0,0,0.4,3,76,False,True,False,False
rf_rule,c_only,0.4,0.55,0.9570681115467746,0.9476190476190477,1.0,0,0,0.4,3,76,False,True,False,False
rf_rule,ordinal,0.4,0.55,0.926171948408574,0.9466666666666667,1.0,0,0,0.4,54,0,False,True,True,False
rf_rule,none,0.4,0.6,0.9539522546419098,0.9438095238095238,1.0,0,0,0.4,3,76,False,True,False,False
rf_rule,c_only,0.4,0.6,0.9539522546419098,0.9438095238095238,1.0,0,0,0.4,3,76,False,True,False,False
rf_rule,ordinal,0.4,0.6,0.9233426449285108,0.942857142857143,1.0,0,0,0.4,54,0,False,True,True,False
rf_rule,none,0.4,0.65,0.9239295805259725,0.9066666666666666,1.0,0,0,0.4,0,93,False,True,False,False
rf_rule,c_only,0.4,0.65,0.9239295805259725,0.9066666666666666,1.0,0,0,0.4,0,93,False,True,False,False
rf_rule,ordinal,0.4,0.65,0.9133341587222978,0.9295238095238095,1.0,0,0,0.4,54,0,False,True,True,False
rf_rule,none,0.4,0.7,0.8993063325128663,0.88,1.0,0,0,0.4,0,99,False,True,False,False
rf_rule,c_only,0.4,0.7,0.8993063325128663,0.88,1.0,0,0,0.4,0,99,False,True,False,False
rf_rule,ordinal,0.4,0.7,0.9016792558836381,0.9142857142857143,1.0,0,0,0.4,54,0,False,True,True,False
rf_rule,none,0.4,0.75,0.8670465337132004,0.8476190476190476,1.0,0,0,0.4,0,109,False,True,False,False
rf_rule,c_only,0.4,0.75,0.8670465337132004,0.8476190476190476,1.0,0,0,0.4,0,109,False,True,False,False
rf_rule,ordinal,0.4,0.75,0.8912740013133629,0.900952380952381,1.0,0,0,0.4,54,0,False,True,True,False
rf_rule,none,0.4,0.8,0.8528850474198114,0.8342857142857142,1.0,0,0,0.4,0,116,False,True,False,False
rf_rule,c_only,0.4,0.8,0.8528850474198114,0.8342857142857142,1.0,0,0,0.4,0,116,False,True,False,False
rf_rule,ordinal,0.4,0.8,0.8912740013133629,0.900952380952381,1.0,0,0,0.4,54,0,False,True,True,False
rf_rule,none,0.4,0.85,0.8066852139759431,0.7942857142857142,1.0,0,0,0.4,0,137,False,True,False,False
rf_rule,c_only,0.4,0.85,0.8066852139759431,0.7942857142857142,1.0,0,0,0.4,0,137,False,True,False,False
rf_rule,ordinal,0.4,0.85,0.8912740013133629,0.900952380952381,1.0,0,0,0.4,54,0,False,True,True,False
rf_rule,none,0.4,0.9,0.7643097643097643,0.7619047619047619,1.0,0,0,0.4,0,154,False,True,False,False
rf_rule,c_only,0.4,0.9,0.7643097643097643,0.7619047619047619,1.0,0,0,0.4,0,154,False,True,False,False
rf_rule,ordinal,0.4,0.9,0.8912740013133629,0.900952380952381,1.0,0,0,0.4,54,0,False,True,True,False
rf_rule,none,0.45,0.2,0.9929070827844767,0.9952380952380953,1.0,0,0,0.4,5,50,False,True,False,False
rf_rule,c_only,0.45,0.2,0.9929070827844767,0.9952380952380953,1.0,0,0,0.4,5,50,False,True,False,False
rf_rule,ordinal,0.45,0.2,0.9263087376782467,0.9476190476190477,1.0,0,0,0.4,55,0,False,True,True,False
rf_rule,none,0.45,0.25,0.99431781284499,0.9961904761904762,1.0,0,0,0.4,4,50,True,True,False,False
rf_rule,c_only,0.45,0.25,0.99431781284499,0.9961904761904762,1.0,0,0,0.4,4,50,True,True,False,False
rf_rule,ordinal,0.45,0.25,0.9275817674646722,0.9485714285714285,1.0,0,0,0.4,54,0,False,True,True,True
rf_rule,none,0.45,0.3,0.99431781284499,0.9961904761904762,1.0,0,0,0.4,4,50,True,True,False,False
rf_rule,c_only,0.45,0.3,0.99431781284499,0.9961904761904762,1.0,0,0,0.4,4,50,True,True,False,False
rf_rule,ordinal,0.45,0.3,0.9275817674646722,0.9485714285714285,1.0,0,0,0.4,54,0,False,True,True,True
rf_rule,none,0.45,0.35,0.99431781284499,0.9961904761904762,1.0,0,0,0.4,4,50,True,True,False,False
rf_rule,c_only,0.45,0.35,0.99431781284499,0.9961904761904762,1.0,0,0,0.4,4,50,True,True,False,False
rf_rule,ordinal,0.45,0.35,0.9275817674646722,0.9485714285714285,1.0,0,0,0.4,54,0,False,True,True,True
rf_rule,none,0.45,0.4,0.99431781284499,0.9961904761904762,1.0,0,0,0.4,4,50,True,True,False,False
rf_rule,c_only,0.45,0.4,0.99431781284499,0.9961904761904762,1.0,0,0,0.4,4,50,True,True,False,False
rf_rule,ordinal,0.45,0.4,0.9275817674646722,0.9485714285714285,1.0,0,0,0.4,54,0,False,True,True,True
rf_rule,none,0.45,0.45,0.99431781284499,0.9961904761904762,1.0,0,0,0.4,4,50,True,True,False,False
rf_rule,c_only,0.45,0.45,0.99431781284499,0.9961904761904762,1.0,0,0,0.4,4,50,True,True,False,False
rf_rule,ordinal,0.45,0.45,0.9275817674646722,0.9485714285714285,1.0,0,0,0.4,54,0,False,True,True,True
rf_rule,none,0.45,0.5,0.9928873643010717,0.9942857142857143,1.0,0,0,0.4,4,50,False,True,False,False
rf_rule,c_only,0.45,0.5,0.9928873643010717,0.9942857142857143,1.0,0,0,0.4,4,50,False,True,False,False
rf_rule,ordinal,0.45,0.5,0.926171948408574,0.9466666666666667,1.0,0,0,0.4,54,0,False,True,True,False
rf_rule,none,0.45,0.55,0.9570681115467746,0.9476190476190477,1.0,0,0,0.4,3,76,False,True,False,False
rf_rule,c_only,0.45,0.55,0.9570681115467746,0.9476190476190477,1.0,0,0,0.4,3,76,False,True,False,False
rf_rule,ordinal,0.45,0.55,0.926171948408574,0.9466666666666667,1.0,0,0,0.4,54,0,False,True,True,False
rf_rule,none,0.45,0.6,0.9539522546419098,0.9438095238095238,1.0,0,0,0.4,3,76,False,True,False,False
rf_rule,c_only,0.45,0.6,0.9539522546419098,0.9438095238095238,1.0,0,0,0.4,3,76,False,True,False,False
rf_rule,ordinal,0.45,0.6,0.9233426449285108,0.942857142857143,1.0,0,0,0.4,54,0,False,True,True,False
rf_rule,none,0.45,0.65,0.9239295805259725,0.9066666666666666,1.0,0,0,0.4,0,93,False,True,False,False
rf_rule,c_only,0.45,0.65,0.9239295805259725,0.9066666666666666,1.0,0,0,0.4,0,93,False,True,False,False
rf_rule,ordinal,0.45,0.65,0.9133341587222978,0.9295238095238095,1.0,0,0,0.4,54,0,False,True,True,False
rf_rule,none,0.45,0.7,0.8993063325128663,0.88,1.0,0,0,0.4,0,99,False,True,False,False
rf_rule,c_only,0.45,0.7,0.8993063325128663,0.88,1.0,0,0,0.4,0,99,False,True,False,False
rf_rule,ordinal,0.45,0.7,0.9016792558836381,0.9142857142857143,1.0,0,0,0.4,54,0,False,True,True,False
rf_rule,none,0.45,0.75,0.8670465337132004,0.8476190476190476,1.0,0,0,0.4,0,109,False,True,False,False
rf_rule,c_only,0.45,0.75,0.8670465337132004,0.8476190476190476,1.0,0,0,0.4,0,109,False,True,False,False
rf_rule,ordinal,0.45,0.75,0.8912740013133629,0.900952380952381,1.0,0,0,0.4,54,0,False,True,True,False
rf_rule,none,0.45,0.8,0.8528850474198114,0.8342857142857142,1.0,0,0,0.4,0,116,False,True,False,False
rf_rule,c_only,0.45,0.8,0.8528850474198114,0.8342857142857142,1.0,0,0,0.4,0,116,False,True,False,False
rf_rule,ordinal,0.45,0.8,0.8912740013133629,0.900952380952381,1.0,0,0,0.4,54,0,False,True,True,False
rf_rule,none,0.45,0.85,0.8066852139759431,0.7942857142857142,1.0,0,0,0.4,0,137,False,True,False,False
rf_rule,c_only,0.45,0.85,0.8066852139759431,0.7942857142857142,1.0,0,0,0.4,0,137,False,True,False,False
rf_rule,ordinal,0.45,0.85,0.8912740013133629,0.900952380952381,1.0,0,0,0.4,54,0,False,True,True,False
rf_rule,none,0.45,0.9,0.7643097643097643,0.7619047619047619,1.0,0,0,0.4,0,154,False,True,False,False
rf_rule,c_only,0.45,0.9,0.7643097643097643,0.7619047619047619,1.0,0,0,0.4,0,154,False,True,False,False
rf_rule,ordinal,0.45,0.9,0.8912740013133629,0.900952380952381,1.0,0,0,0.4,54,0,False,True,True,False
rf_rule,none,0.5,0.2,0.9929070827844767,0.9952380952380953,1.0,0,0,0.4,5,50,False,True,False,False
rf_rule,c_only,0.5,0.2,0.9929070827844767,0.9952380952380953,1.0,0,0,0.4,5,50,False,True,False,False
rf_rule,ordinal,0.5,0.2,0.9263087376782467,0.9476190476190477,1.0,0,0,0.4,55,0,False,True,True,False
rf_rule,none,0.5,0.25,0.99431781284499,0.9961904761904762,1.0,0,0,0.4,4,50,True,True,False,False
rf_rule,c_only,0.5,0.25,0.99431781284499,0.9961904761904762,1.0,0,0,0.4,4,50,True,True,False,False
rf_rule,ordinal,0.5,0.25,0.9275817674646722,0.9485714285714285,1.0,0,0,0.4,54,0,False,True,True,True
rf_rule,none,0.5,0.3,0.99431781284499,0.9961904761904762,1.0,0,0,0.4,4,50,True,True,False,False
rf_rule,c_only,0.5,0.3,0.99431781284499,0.9961904761904762,1.0,0,0,0.4,4,50,True,True,False,False
rf_rule,ordinal,0.5,0.3,0.9275817674646722,0.9485714285714285,1.0,0,0,0.4,54,0,False,True,True,True
rf_rule,none,0.5,0.35,0.99431781284499,0.9961904761904762,1.0,0,0,0.4,4,50,True,True,False,False
rf_rule,c_only,0.5,0.35,0.99431781284499,0.9961904761904762,1.0,0,0,0.4,4,50,True,True,False,False
rf_rule,ordinal,0.5,0.35,0.9275817674646722,0.9485714285714285,1.0,0,0,0.4,54,0,False,True,True,True
rf_rule,none,0.5,0.4,0.99431781284499,0.9961904761904762,1.0,0,0,0.4,4,50,True,True,False,False
rf_rule,c_only,0.5,0.4,0.99431781284499,0.9961904761904762,1.0,0,0,0.4,4,50,True,True,False,False
rf_rule,ordinal,0.5,0.4,0.9275817674646722,0.9485714285714285,1.0,0,0,0.4,54,0,False,True,True,True
rf_rule,none,0.5,0.45,0.99431781284499,0.9961904761904762,1.0,0,0,0.4,4,50,True,True,False,False
rf_rule,c_only,0.5,0.45,0.99431781284499,0.9961904761904762,1.0,0,0,0.4,4,50,True,True,False,False
rf_rule,ordinal,0.5,0.45,0.9275817674646722,0.9485714285714285,1.0,0,0,0.4,54,0,False,True,True,True
rf_rule,none,0.5,0.5,0.9928873643010717,0.9942857142857143,1.0,0,0,0.4,4,50,False,True,False,False
rf_rule,c_only,0.5,0.5,0.9928873643010717,0.9942857142857143,1.0,0,0,0.4,4,50,False,True,False,False
rf_rule,ordinal,0.5,0.5,0.926171948408574,0.9466666666666667,1.0,0,0,0.4,54,0,False,True,True,False
rf_rule,none,0.5,0.55,0.9570681115467746,0.9476190476190477,1.0,0,0,0.4,3,76,False,True,False,False
rf_rule,c_only,0.5,0.55,0.9570681115467746,0.9476190476190477,1.0,0,0,0.4,3,76,False,True,False,False
rf_rule,ordinal,0.5,0.55,0.926171948408574,0.9466666666666667,1.0,0,0,0.4,54,0,False,True,True,False
rf_rule,none,0.5,0.6,0.9539522546419098,0.9438095238095238,1.0,0,0,0.4,3,76,False,True,False,False
rf_rule,c_only,0.5,0.6,0.9539522546419098,0.9438095238095238,1.0,0,0,0.4,3,76,False,True,False,False
rf_rule,ordinal,0.5,0.6,0.9233426449285108,0.942857142857143,1.0,0,0,0.4,54,0,False,True,True,False
rf_rule,none,0.5,0.65,0.9239295805259725,0.9066666666666666,1.0,0,0,0.4,0,93,False,True,False,False
rf_rule,c_only,0.5,0.65,0.9239295805259725,0.9066666666666666,1.0,0,0,0.4,0,93,False,True,False,False
rf_rule,ordinal,0.5,0.65,0.9133341587222978,0.9295238095238095,1.0,0,0,0.4,54,0,False,True,True,False
rf_rule,none,0.5,0.7,0.8993063325128663,0.88,1.0,0,0,0.4,0,99,False,True,False,False
rf_rule,c_only,0.5,0.7,0.8993063325128663,0.88,1.0,0,0,0.4,0,99,False,True,False,False
rf_rule,ordinal,0.5,0.7,0.9016792558836381,0.9142857142857143,1.0,0,0,0.4,54,0,False,True,True,False
rf_rule,none,0.5,0.75,0.8670465337132004,0.8476190476190476,1.0,0,0,0.4,0,109,False,True,False,False
rf_rule,c_only,0.5,0.75,0.8670465337132004,0.8476190476190476,1.0,0,0,0.4,0,109,False,True,False,False
rf_rule,ordinal,0.5,0.75,0.8912740013133629,0.900952380952381,1.0,0,0,0.4,54,0,False,True,True,False
rf_rule,none,0.5,0.8,0.8528850474198114,0.8342857142857142,1.0,0,0,0.4,0,116,False,True,False,False
rf_rule,c_only,0.5,0.8,0.8528850474198114,0.8342857142857142,1.0,0,0,0.4,0,116,False,True,False,False
rf_rule,ordinal,0.5,0.8,0.8912740013133629,0.900952380952381,1.0,0,0,0.4,54,0,False,True,True,False
rf_rule,none,0.5,0.85,0.8066852139759431,0.7942857142857142,1.0,0,0,0.4,0,137,False,True,False,False
rf_rule,c_only,0.5,0.85,0.8066852139759431,0.7942857142857142,1.0,0,0,0.4,0,137,False,True,False,False
rf_rule,ordinal,0.5,0.85,0.8912740013133629,0.900952380952381,1.0,0,0,0.4,54,0,False,True,True,False
rf_rule,none,0.5,0.9,0.7643097643097643,0.7619047619047619,1.0,0,0,0.4,0,154,False,True,False,False
rf_rule,c_only,0.5,0.9,0.7643097643097643,0.7619047619047619,1.0,0,0,0.4,0,154,False,True,False,False
rf_rule,ordinal,0.5,0.9,0.8912740013133629,0.900952380952381,1.0,0,0,0.4,54,0,False,True,True,False
rf_rule,none,0.55,0.2,0.9818107965259188,0.9876190476190475,0.9771428571428571,8,0,0.39085714285714285,5,50,False,True,False,False
rf_rule,c_only,0.55,0.2,0.9818107965259188,0.9876190476190475,0.9771428571428571,8,0,0.39085714285714285,5,50,False,True,False,False
rf_rule,ordinal,0.55,0.2,0.9168752052158561,0.9400000000000001,0.9771428571428571,8,0,0.39085714285714285,55,0,False,True,True,False
rf_rule,none,0.55,0.25,0.9831810028836272,0.9885714285714284,0.9771428571428571,8,0,0.39085714285714285,4,50,False,True,False,False
rf_rule,c_only,0.55,0.25,0.9831810028836272,0.9885714285714284,0.9771428571428571,8,0,0.39085714285714285,4,50,False,True,False,False
rf_rule,ordinal,0.55,0.25,0.918120846065276,0.940952380952381,0.9771428571428571,8,0,0.39085714285714285,54,0,False,True,True,False
rf_rule,none,0.55,0.3,0.9831810028836272,0.9885714285714284,0.9771428571428571,8,0,0.39085714285714285,4,50,False,True,False,False
rf_rule,c_only,0.55,0.3,0.9831810028836272,0.9885714285714284,0.9771428571428571,8,0,0.39085714285714285,4,50,False,True,False,False
rf_rule,ordinal,0.55,0.3,0.918120846065276,0.940952380952381,0.9771428571428571,8,0,0.39085714285714285,54,0,False,True,True,False
rf_rule,none,0.55,0.35,0.9831810028836272,0.9885714285714284,0.9771428571428571,8,0,0.39085714285714285,4,50,False,True,False,False
rf_rule,c_only,0.55,0.35,0.9831810028836272,0.9885714285714284,0.9771428571428571,8,0,0.39085714285714285,4,50,False,True,False,False
rf_rule,ordinal,0.55,0.35,0.918120846065276,0.940952380952381,0.9771428571428571,8,0,0.39085714285714285,54,0,False,True,True,False
rf_rule,none,0.55,0.4,0.986698138928226,0.9885714285714284,0.9771428571428571,16,8,0.39085714285714285,4,58,False,False,False,False
rf_rule,c_only,0.55,0.4,0.986698138928226,0.9885714285714284,0.9771428571428571,16,8,0.39085714285714285,4,58,False,False,False,False
rf_rule,ordinal,0.55,0.4,0.918120846065276,0.940952380952381,0.9771428571428571,8,0,0.39085714285714285,54,0,False,True,True,False
rf_rule,none,0.55,0.45,0.986698138928226,0.9885714285714284,0.9771428571428571,16,8,0.39085714285714285,4,58,False,False,False,False
rf_rule,c_only,0.55,0.45,0.986698138928226,0.9885714285714284,0.9771428571428571,16,8,0.39085714285714285,4,58,False,False,False,False
rf_rule,ordinal,0.55,0.45,0.918120846065276,0.940952380952381,0.9771428571428571,8,0,0.39085714285714285,54,0,False,True,True,False
rf_rule,none,0.55,0.5,0.9852784280324388,0.9866666666666667,0.9771428571428571,16,8,0.39085714285714285,4,58,False,False,False,False
rf_rule,c_only,0.55,0.5,0.9852784280324388,0.9866666666666667,0.9771428571428571,16,8,0.39085714285714285,4,58,False,False,False,False
rf_rule,ordinal,0.55,0.5,0.9167156356167547,0.939047619047619,0.9771428571428571,8,0,0.39085714285714285,54,0,False,True,True,False
rf_rule,none,0.55,0.55,0.9497128986642074,0.9400000000000001,0.9771428571428571,16,8,0.39085714285714285,3,84,False,False,False,False
rf_rule,c_only,0.55,0.55,0.9497128986642074,0.9400000000000001,0.9771428571428571,16,8,0.39085714285714285,3,84,False,False,False,False
rf_rule,ordinal,0.55,0.55,0.9167156356167547,0.939047619047619,0.9771428571428571,8,0,0.39085714285714285,54,0,False,True,True,False
rf_rule,none,0.55,0.6,0.9466162294150844,0.9361904761904762,0.9771428571428571,16,8,0.39085714285714285,3,84,False,False,False,False
rf_rule,c_only,0.55,0.6,0.9466162294150844,0.9361904761904762,0.9771428571428571,16,8,0.39085714285714285,3,84,False,False,False,False
rf_rule,ordinal,0.55,0.6,0.9138958913896436,0.9352380952380953,0.9771428571428571,8,0,0.39085714285714285,54,0,False,True,True,False
rf_rule,none,0.55,0.65,0.9167837942640951,0.899047619047619,0.9771428571428571,16,8,0.39085714285714285,0,101,False,False,False,False
rf_rule,c_only,0.55,0.65,0.9167837942640951,0.899047619047619,0.9771428571428571,16,8,0.39085714285714285,0,101,False,False,False,False
rf_rule,ordinal,0.55,0.65,0.9039246177122284,0.921904761904762,0.9771428571428571,8,0,0.39085714285714285,54,0,False,True,True,False
rf_rule,none,0.55,0.7,0.8922796380299558,0.8723809523809525,0.9771428571428571,16,8,0.39085714285714285,0,107,False,False,False,False
rf_rule,c_only,0.55,0.7,0.8922796380299558,0.8723809523809525,0.9771428571428571,16,8,0.39085714285714285,0,107,False,False,False,False
rf_rule,ordinal,0.55,0.7,0.8923199620464781,0.9066666666666666,0.9771428571428571,8,0,0.39085714285714285,54,0,False,True,True,False
rf_rule,none,0.55,0.75,0.8601559610528439,0.8399999999999999,0.9771428571428571,16,8,0.39085714285714285,0,117,False,False,False,False
rf_rule,c_only,0.55,0.75,0.8601559610528439,0.8399999999999999,0.9771428571428571,16,8,0.39085714285714285,0,117,False,False,False,False
rf_rule,ordinal,0.55,0.75,0.8819661268386308,0.8933333333333332,0.9771428571428571,8,0,0.39085714285714285,54,0,False,True,True,False
rf_rule,none,0.55,0.8,0.8460479906416724,0.8266666666666667,0.9771428571428571,16,8,0.39085714285714285,0,124,False,False,False,False
rf_rule,c_only,0.55,0.8,0.8460479906416724,0.8266666666666667,0.9771428571428571,16,8,0.39085714285714285,0,124,False,False,False,False
rf_rule,ordinal,0.55,0.8,0.8819661268386308,0.8933333333333332,0.9771428571428571,8,0,0.39085714285714285,54,0,False,True,True,False
rf_rule,none,0.55,0.85,0.8000004839592488,0.7866666666666666,0.9771428571428571,16,8,0.39085714285714285,0,145,False,False,False,False
rf_rule,c_only,0.55,0.85,0.8000004839592488,0.7866666666666666,0.9771428571428571,16,8,0.39085714285714285,0,145,False,False,False,False
rf_rule,ordinal,0.55,0.85,0.8819661268386308,0.8933333333333332,0.9771428571428571,8,0,0.39085714285714285,54,0,False,True,True,False
rf_rule,none,0.55,0.9,0.7577399617522024,0.7542857142857141,0.9771428571428571,16,8,0.39085714285714285,0,162,False,False,False,False
rf_rule,c_only,0.55,0.9,0.7577399617522024,0.7542857142857141,0.9771428571428571,16,8,0.39085714285714285,0,162,False,False,False,False
rf_rule,ordinal,0.55,0.9,0.8819661268386308,0.8933333333333332,0.9771428571428571,8,0,0.39085714285714285,54,0,False,True,True,False
rf_rule,none,0.6,0.2,0.977708247164195,0.9847619047619047,0.9685714285714285,11,0,0.38742857142857146,5,50,False,True,False,False
rf_rule,c_only,0.6,0.2,0.977708247164195,0.9847619047619047,0.9685714285714285,11,0,0.38742857142857146,5,50,False,True,False,False
rf_rule,ordinal,0.6,0.2,0.913369889702711,0.9371428571428572,0.9685714285714285,11,0,0.38742857142857146,55,0,False,True,True,False
rf_rule,none,0.6,0.25,0.9790639387478989,0.9857142857142857,0.9685714285714285,11,0,0.38742857142857146,4,50,False,True,False,False
rf_rule,c_only,0.6,0.25,0.9790639387478989,0.9857142857142857,0.9685714285714285,11,0,0.38742857142857146,4,50,False,True,False,False
rf_rule,ordinal,0.6,0.25,0.914605665265997,0.938095238095238,0.9685714285714285,11,0,0.38742857142857146,54,0,False,True,True,False
rf_rule,none,0.6,0.3,0.9790639387478989,0.9857142857142857,0.9685714285714285,11,0,0.38742857142857146,4,50,False,True,False,False
rf_rule,c_only,0.6,0.3,0.9790639387478989,0.9857142857142857,0.9685714285714285,11,0,0.38742857142857146,4,50,False,True,False,False
rf_rule,ordinal,0.6,0.3,0.914605665265997,0.938095238095238,0.9685714285714285,11,0,0.38742857142857146,54,0,False,True,True,False
rf_rule,none,0.6,0.35,0.9790639387478989,0.9857142857142857,0.9685714285714285,11,0,0.38742857142857146,4,50,False,True,False,False
rf_rule,c_only,0.6,0.35,0.9790639387478989,0.9857142857142857,0.9685714285714285,11,0,0.38742857142857146,4,50,False,True,False,False
rf_rule,ordinal,0.6,0.35,0.914605665265997,0.938095238095238,0.9685714285714285,11,0,0.38742857142857146,54,0,False,True,True,False
rf_rule,none,0.6,0.4,0.983839663569389,0.9857142857142857,0.9685714285714285,22,11,0.38742857142857146,4,61,False,False,False,False
rf_rule,c_only,0.6,0.4,0.983839663569389,0.9857142857142857,0.9685714285714285,22,11,0.38742857142857146,4,61,False,False,False,False
rf_rule,ordinal,0.6,0.4,0.914605665265997,0.938095238095238,0.9685714285714285,11,0,0.38742857142857146,54,0,False,True,True,False
rf_rule,none,0.6,0.45,0.983839663569389,0.9857142857142857,0.9685714285714285,22,11,0.38742857142857146,4,61,False,False,False,False
rf_rule,c_only,0.6,0.45,0.983839663569389,0.9857142857142857,0.9685714285714285,22,11,0.38742857142857146,4,61,False,False,False,False
rf_rule,ordinal,0.6,0.45,0.914605665265997,0.938095238095238,0.9685714285714285,11,0,0.38742857142857146,54,0,False,True,True,False
rf_rule,none,0.6,0.5,0.9824238856953104,0.9838095238095238,0.9685714285714285,22,11,0.38742857142857146,4,61,False,False,False,False
rf_rule,c_only,0.6,0.5,0.9824238856953104,0.9838095238095238,0.9685714285714285,22,11,0.38742857142857146,4,61,False,False,False,False
rf_rule,ordinal,0.6,0.5,0.913202271753698,0.9361904761904762,0.9685714285714285,11,0,0.38742857142857146,54,0,False,True,True,False
rf_rule,none,0.6,0.55,0.9469513016647926,0.9371428571428572,0.9685714285714285,22,11,0.38742857142857146,3,87,False,False,False,False
rf_rule,c_only,0.6,0.55,0.9469513016647926,0.9371428571428572,0.9685714285714285,22,11,0.38742857142857146,3,87,False,False,False,False
rf_rule,ordinal,0.6,0.55,0.913202271753698,0.9361904761904762,0.9685714285714285,11,0,0.38742857142857146,54,0,False,True,True,False
rf_rule,none,0.6,0.6,0.9438616667718391,0.9333333333333332,0.9685714285714285,22,11,0.38742857142857146,3,87,False,False,False,False
rf_rule,c_only,0.6,0.6,0.9438616667718391,0.9333333333333332,0.9685714285714285,22,11,0.38742857142857146,3,87,False,False,False,False
rf_rule,ordinal,0.6,0.6,0.9103862875305464,0.9323809523809524,0.9685714285714285,11,0,0.38742857142857146,54,0,False,True,True,False
rf_rule,none,0.6,0.65,0.9140989223319886,0.8961904761904762,0.9685714285714285,22,11,0.38742857142857146,0,104,False,False,False,False
rf_rule,c_only,0.6,0.65,0.9140989223319886,0.8961904761904762,0.9685714285714285,22,11,0.38742857142857146,0,104,False,False,False,False
rf_rule,ordinal,0.6,0.65,0.9004295574321652,0.919047619047619,0.9685714285714285,11,0,0.38742857142857146,54,0,False,True,True,False
rf_rule,none,0.6,0.7,0.8896384676091222,0.8695238095238095,0.9685714285714285,22,11,0.38742857142857146,0,110,False,False,False,False
rf_rule,c_only,0.6,0.7,0.8896384676091222,0.8695238095238095,0.9685714285714285,22,11,0.38742857142857146,0,110,False,False,False,False
rf_rule,ordinal,0.6,0.7,0.888844362692037,0.9038095238095237,0.9685714285714285,11,0,0.38742857142857146,54,0,False,True,True,False
rf_rule,none,0.6,0.75,0.85756476300251,0.8371428571428571,0.9685714285714285,22,11,0.38742857142857146,0,120,False,False,False,False
rf_rule,c_only,0.6,0.75,0.85756476300251,0.8371428571428571,0.9685714285714285,22,11,0.38742857142857146,0,120,False,False,False,False
rf_rule,ordinal,0.6,0.75,0.8785102926767016,0.8904761904761904,0.9685714285714285,11,0,0.38742857142857146,54,0,False,True,True,False
rf_rule,none,0.6,0.8,0.8434764454867083,0.8238095238095239,0.9685714285714285,22,11,0.38742857142857146,0,127,False,False,False,False
rf_rule,c_only,0.6,0.8,0.8434764454867083,0.8238095238095239,0.9685714285714285,22,11,0.38742857142857146,0,127,False,False,False,False
rf_rule,ordinal,0.6,0.8,0.8785102926767016,0.8904761904761904,0.9685714285714285,11,0,0.38742857142857146,54,0,False,True,True,False
rf_rule,none,0.6,0.85,0.7974848986855849,0.7838095238095238,0.9685714285714285,22,11,0.38742857142857146,0,148,False,False,False,False
rf_rule,c_only,0.6,0.85,0.7974848986855849,0.7838095238095238,0.9685714285714285,22,11,0.38742857142857146,0,148,False,False,False,False
rf_rule,ordinal,0.6,0.85,0.8785102926767016,0.8904761904761904,0.9685714285714285,11,0,0.38742857142857146,54,0,False,True,True,False
rf_rule,none,0.6,0.9,0.7552666172328536,0.7514285714285713,0.9685714285714285,22,11,0.38742857142857146,0,165,False,False,False,False
rf_rule,c_only,0.6,0.9,0.7552666172328536,0.7514285714285713,0.9685714285714285,22,11,0.38742857142857146,0,165,False,False,False,False
rf_rule,ordinal,0.6,0.9,0.8785102926767016,0.8904761904761904,0.9685714285714285,11,0,0.38742857142857146,54,0,False,True,True,False
rf_rule,none,0.65,0.2,0.9576217527811907,0.9704761904761905,0.9257142857142857,26,0,0.3702857142857143,5,50,False,False,False,False
rf_rule,c_only,0.65,0.2,0.9576217527811907,0.9704761904761905,0.9257142857142857,26,0,0.3702857142857143,5,50,False,False,False,False
rf_rule,ordinal,0.65,0.2,0.8960726599039907,0.9228571428571429,0.9257142857142857,26,0,0.3702857142857143,55,0,False,False,False,False
rf_rule,none,0.65,0.25,0.9592445269335529,0.9714285714285714,0.9257142857142857,27,1,0.3702857142857143,4,51,False,False,False,False
rf_rule,c_only,0.65,0.25,0.9592445269335529,0.9714285714285714,0.9257142857142857,27,1,0.3702857142857143,4,51,False,False,False,False
rf_rule,ordinal,0.65,0.25,0.8972621631489855,0.9238095238095237,0.9257142857142857,26,0,0.3702857142857143,54,0,False,False,False,False
rf_rule,none,0.65,0.3,0.9592445269335529,0.9714285714285714,0.9257142857142857,27,1,0.3702857142857143,4,51,False,False,False,False
rf_rule,c_only,0.65,0.3,0.9592445269335529,0.9714285714285714,0.9257142857142857,27,1,0.3702857142857143,4,51,False,False,False,False
rf_rule,ordinal,0.65,0.3,0.8972621631489855,0.9238095238095237,0.9257142857142857,26,0,0.3702857142857143,54,0,False,False,False,False
rf_rule,none,0.65,0.35,0.9645351721587173,0.9714285714285714,0.9257142857142857,41,15,0.3702857142857143,4,65,False,False,False,False
rf_rule,c_only,0.65,0.35,0.9645351721587173,0.9714285714285714,0.9257142857142857,41,15,0.3702857142857143,4,65,False,False,False,False
rf_rule,ordinal,0.65,0.35,0.8972621631489855,0.9238095238095237,0.9257142857142857,26,0,0.3702857142857143,54,0,False,False,False,False
rf_rule,none,0.65,0.4,0.969524550259523,0.9714285714285714,0.9257142857142857,52,26,0.3702857142857143,4,76,False,False,False,False
rf_rule,c_only,0.65,0.4,0.969524550259523,0.9714285714285714,0.9257142857142857,52,26,0.3702857142857143,4,76,False,False,False,False
rf_rule,ordinal,0.65,0.4,0.8972621631489855,0.9238095238095237,0.9257142857142857,26,0,0.3702857142857143,54,0,False,False,False,False
rf_rule,none,0.65,0.45,0.969524550259523,0.9714285714285714,0.9257142857142857,52,26,0.3702857142857143,4,76,False,False,False,False
rf_rule,c_only,0.65,0.45,0.969524550259523,0.9714285714285714,0.9257142857142857,52,26,0.3702857142857143,4,76,False,False,False,False
rf_rule,ordinal,0.65,0.45,0.8972621631489855,0.9238095238095237,0.9257142857142857,26,0,0.3702857142857143,54,0,False,False,False,False
rf_rule,none,0.65,0.5,0.9681277081990473,0.9695238095238095,0.9257142857142857,52,26,0.3702857142857143,4,76,False,False,False,False
rf_rule,c_only,0.65,0.5,0.9681277081990473,0.9695238095238095,0.9257142857142857,52,26,0.3702857142857143,4,76,False,False,False,False
rf_rule,ordinal,0.65,0.5,0.8958684718525848,0.921904761904762,0.9257142857142857,26,0,0.3702857142857143,54,0,False,False,False,False
rf_rule,none,0.65,0.55,0.9331026917993843,0.9228571428571429,0.9257142857142857,52,26,0.3702857142857143,3,102,False,False,False,False
rf_rule,c_only,0.65,0.55,0.9331026917993843,0.9228571428571429,0.9257142857142857,52,26,0.3702857142857143,3,102,False,False,False,False
rf_rule,ordinal,0.65,0.55,0.8958684718525848,0.921904761904762,0.9257142857142857,26,0,0.3702857142857143,54,0,False,False,False,False
rf_rule,none,0.65,0.6,0.9300469717872429,0.919047619047619,0.9257142857142857,52,26,0.3702857142857143,3,102,False,False,False,False
rf_rule,c_only,0.65,0.6,0.9300469717872429,0.919047619047619,0.9257142857142857,52,26,0.3702857142857143,3,102,False,False,False,False
rf_rule,ordinal,0.65,0.6,0.8930725048110112,0.9180952380952382,0.9257142857142857,26,0,0.3702857142857143,54,0,False,False,False,False
rf_rule,none,0.65,0.65,0.9006198137071358,0.881904761904762,0.9257142857142857,52,26,0.3702857142857143,0,119,False,False,False,False
rf_rule,c_only,0.65,0.65,0.9006198137071358,0.881904761904762,0.9257142857142857,52,26,0.3702857142857143,0,119,False,False,False,False
rf_rule,ordinal,0.65,0.65,0.8831925474829144,0.9047619047619048,0.9257142857142857,26,0,0.3702857142857143,54,0,False,False,False,False
rf_rule,none,0.65,0.7,0.8763703744268546,0.8552380952380952,0.9257142857142857,52,26,0.3702857142857143,0,125,False,False,False,False
rf_rule,c_only,0.65,0.7,0.8763703744268546,0.8552380952380952,0.9257142857142857,52,26,0.3702857142857143,0,125,False,False,False,False
rf_rule,ordinal,0.65,0.7,0.8717088399115172,0.8895238095238095,0.9257142857142857,26,0,0.3702857142857143,54,0,False,False,False,False
rf_rule,none,0.65,0.75,0.8445381294684124,0.8228571428571428,0.9257142857142857,52,26,0.3702857142857143,0,135,False,False,False,False
rf_rule,c_only,0.65,0.75,0.8445381294684124,0.8228571428571428,0.9257142857142857,52,26,0.3702857142857143,0,135,False,False,False,False
rf_rule,ordinal,0.65,0.75,0.861476782930951,0.8761904761904762,0.9257142857142857,26,0,0.3702857142857143,54,0,False,False,False,False
rf_rule,none,0.65,0.8,0.8305448211142874,0.8095238095238096,0.9257142857142857,52,26,0.3702857142857143,0,142,False,False,False,False
rf_rule,c_only,0.65,0.8,0.8305448211142874,0.8095238095238096,0.9257142857142857,52,26,0.3702857142857143,0,142,False,False,False,False
rf_rule,ordinal,0.65,0.8,0.861476782930951,0.8761904761904762,0.9257142857142857,26,0,0.3702857142857143,54,0,False,False,False,False
rf_rule,none,0.65,0.85,0.7848239592596468,0.7695238095238096,0.9257142857142857,52,26,0.3702857142857143,0,163,False,False,False,False
rf_rule,c_only,0.65,0.85,0.7848239592596468,0.7695238095238096,0.9257142857142857,52,26,0.3702857142857143,0,163,False,False,False,False
rf_rule,ordinal,0.65,0.85,0.861476782930951,0.8761904761904762,0.9257142857142857,26,0,0.3702857142857143,54,0,False,False,False,False
rf_rule,none,0.65,0.9,0.7428101563051892,0.7371428571428571,0.9257142857142857,52,26,0.3702857142857143,0,180,False,False,False,False
rf_rule,c_only,0.65,0.9,0.7428101563051892,0.7371428571428571,0.9257142857142857,52,26,0.3702857142857143,0,180,False,False,False,False
rf_rule,ordinal,0.65,0.9,0.861476782930951,0.8761904761904762,0.9257142857142857,26,0,0.3702857142857143,54,0,False,False,False,False
rf_rule,none,0.7,0.2,0.9473912052859422,0.9619047619047619,0.9,40,5,0.36,5,55,False,False,False,False
rf_rule,c_only,0.7,0.2,0.9473912052859422,0.9619047619047619,0.9,40,5,0.36,5,55,False,False,False,False
rf_rule,ordinal,0.7,0.2,0.8858505495592398,0.9142857142857143,0.9,35,0,0.36,55,0,False,False,False,False
rf_rule,none,0.7,0.25,0.9503404141094137,0.9628571428571427,0.9,45,10,0.36,4,60,False,False,False,False
rf_rule,c_only,0.7,0.25,0.9503404141094137,0.9628571428571427,0.9,45,10,0.36,4,60,False,False,False,False
rf_rule,ordinal,0.7,0.25,0.88701453486322,0.9152380952380952,0.9,35,0,0.36,54,0,False,False,False,False
rf_rule,none,0.7,0.3,0.9503404141094137,0.9628571428571427,0.9,45,10,0.36,4,60,False,False,False,False
rf_rule,c_only,0.7,0.3,0.9503404141094137,0.9628571428571427,0.9,45,10,0.36,4,60,False,False,False,False
rf_rule,ordinal,0.7,0.3,0.88701453486322,0.9152380952380952,0.9,35,0,0.36,54,0,False,False,False,False
rf_rule,none,0.7,0.35,0.9557945472509278,0.9628571428571427,0.9,59,24,0.36,4,74,False,False,False,False
rf_rule,c_only,0.7,0.35,0.9557945472509278,0.9628571428571427,0.9,59,24,0.36,4,74,False,False,False,False
rf_rule,ordinal,0.7,0.35,0.88701453486322,0.9152380952380952,0.9,35,0,0.36,54,0,False,False,False,False
rf_rule,none,0.7,0.4,0.9609058042789895,0.9628571428571427,0.9,70,35,0.36,4,85,False,False,False,False
rf_rule,c_only,0.7,0.4,0.9609058042789895,0.9628571428571427,0.9,70,35,0.36,4,85,False,False,False,False
rf_rule,ordinal,0.7,0.4,0.88701453486322,0.9152380952380952,0.9,35,0,0.36,54,0,False,False,False,False
rf_rule,none,0.7,0.45,0.9609058042789895,0.9628571428571427,0.9,70,35,0.36,4,85,False,False,False,False
rf_rule,c_only,0.7,0.45,0.9609058042789895,0.9628571428571427,0.9,70,35,0.36,4,85,False,False,False,False
rf_rule,ordinal,0.7,0.45,0.88701453486322,0.9152380952380952,0.9,35,0,0.36,54,0,False,False,False,False
rf_rule,none,0.7,0.5,0.9595197687868179,0.960952380952381,0.9,70,35,0.36,4,85,False,False,False,False
rf_rule,c_only,0.7,0.5,0.9595197687868179,0.960952380952381,0.9,70,35,0.36,4,85,False,False,False,False
rf_rule,ordinal,0.7,0.5,0.8856270803408556,0.9133333333333334,0.9,35,0,0.36,54,0,False,False,False,False
rf_rule,none,0.7,0.55,0.9247502293613371,0.9142857142857143,0.9,70,35,0.36,3,111,False,False,False,False
rf_rule,c_only,0.7,0.55,0.9247502293613371,0.9142857142857143,0.9,70,35,0.36,3,111,False,False,False,False
rf_rule,ordinal,0.7,0.55,0.8856270803408556,0.9133333333333334,0.9,35,0,0.36,54,0,False,False,False,False
rf_rule,none,0.7,0.6,0.9217139001349528,0.9104761904761904,0.9,70,35,0.36,3,111,False,False,False,False
rf_rule,c_only,0.7,0.6,0.9217139001349528,0.9104761904761904,0.9,70,35,0.36,3,111,False,False,False,False
rf_rule,ordinal,0.7,0.6,0.8828439399767425,0.9095238095238095,0.9,35,0,0.36,54,0,False,False,False,False
rf_rule,none,0.7,0.65,0.8924782887451186,0.8733333333333334,0.9,70,35,0.36,0,128,False,False,False,False
rf_rule,c_only,0.7,0.65,0.8924782887451186,0.8733333333333334,0.9,70,35,0.36,0,128,False,False,False,False
rf_rule,ordinal,0.7,0.65,0.8730127382245483,0.8961904761904762,0.9,35,0,0.36,54,0,False,False,False,False
rf_rule,none,0.7,0.7,0.8683497361289403,0.8466666666666667,0.9,70,35,0.36,0,134,False,False,False,False
rf_rule,c_only,0.7,0.7,0.8683497361289403,0.8466666666666667,0.9,70,35,0.36,0,134,False,False,False,False
rf_rule,ordinal,0.7,0.7,0.861592638838891,0.8809523809523809,0.9,35,0,0.36,54,0,False,False,False,False
rf_rule,none,0.7,0.75,0.836655943425936,0.8142857142857142,0.9,70,35,0.36,0,144,False,False,False,False
rf_rule,c_only,0.7,0.75,0.836655943425936,0.8142857142857142,0.9,70,35,0.36,0,144,False,False,False,False
rf_rule,ordinal,0.7,0.75,0.8514237926399835,0.8676190476190476,0.9,35,0,0.36,54,0,False,False,False,False
rf_rule,none,0.7,0.8,0.8227171501603315,0.800952380952381,0.9,70,35,0.36,0,151,False,False,False,False
rf_rule,c_only,0.7,0.8,0.8227171501603315,0.800952380952381,0.9,70,35,0.36,0,151,False,False,False,False
rf_rule,ordinal,0.7,0.8,0.8514237926399835,0.8676190476190476,0.9,35,0,0.36,54,0,False,False,False,False
rf_rule,none,0.7,0.85,0.7771517211998065,0.7609523809523809,0.9,70,35,0.36,0,172,False,False,False,False
rf_rule,c_only,0.7,0.85,0.7771517211998065,0.7609523809523809,0.9,70,35,0.36,0,172,False,False,False,False
rf_rule,ordinal,0.7,0.85,0.8514237926399835,0.8676190476190476,0.9,35,0,0.36,54,0,False,False,False,False
rf_rule,none,0.7,0.9,0.735255451289723,0.7285714285714285,0.9,70,35,0.36,0,189,False,False,False,False
rf_rule,c_only,0.7,0.9,0.735255451289723,0.7285714285714285,0.9,70,35,0.36,0,189,False,False,False,False
rf_rule,ordinal,0.7,0.9,0.8514237926399835,0.8676190476190476,0.9,35,0,0.36,54,0,False,False,False,False
rf_rule,none,0.75,0.2,0.9329077934636688,0.9504761904761905,0.8657142857142858,56,9,0.3462857142857143,5,59,False,False,False,False
rf_rule,c_only,0.75,0.2,0.9329077934636688,0.9504761904761905,0.8657142857142858,56,9,0.3462857142857143,5,59,False,False,False,False
rf_rule,ordinal,0.75,0.2,0.8723631558844912,0.9028571428571429,0.8657142857142858,47,0,0.3462857142857143,55,0,False,False,False,False
rf_rule,none,0.75,0.25,0.9370167658238523,0.9514285714285714,0.8657142857142858,65,18,0.3462857142857143,4,68,False,False,False,False
rf_rule,c_only,0.75,0.25,0.9370167658238523,0.9514285714285714,0.8657142857142858,65,18,0.3462857142857143,4,68,False,False,False,False
rf_rule,ordinal,0.75,0.25,0.8734954620351153,0.9038095238095237,0.8657142857142858,47,0,0.3462857142857143,54,0,False,False,False,False
rf_rule,none,0.75,0.3,0.9384318842456555,0.9514285714285714,0.8657142857142858,69,22,0.3462857142857143,4,72,False,False,False,False
rf_rule,c_only,0.75,0.3,0.9384318842456555,0.9514285714285714,0.8657142857142858,69,22,0.3462857142857143,4,72,False,False,False,False
rf_rule,ordinal,0.75,0.3,0.8734954620351153,0.9038095238095237,0.8657142857142858,47,0,0.3462857142857143,54,0,False,False,False,False
rf_rule,none,0.75,0.35,0.9440946010476541,0.9514285714285714,0.8657142857142858,83,36,0.3462857142857143,4,86,False,False,False,False
rf_rule,c_only,0.75,0.35,0.9440946010476541,0.9514285714285714,0.8657142857142858,83,36,0.3462857142857143,4,86,False,False,False,False
rf_rule,ordinal,0.75,0.35,0.8734954620351153,0.9038095238095237,0.8657142857142858,47,0,0.3462857142857143,54,0,False,False,False,False
rf_rule,none,0.75,0.4,0.9493614737464107,0.9514285714285714,0.8657142857142858,94,47,0.3462857142857143,4,97,False,False,False,False
rf_rule,c_only,0.75,0.4,0.9493614737464107,0.9514285714285714,0.8657142857142858,94,47,0.3462857142857143,4,97,False,False,False,False
rf_rule,ordinal,0.75,0.4,0.8734954620351153,0.9038095238095237,0.8657142857142858,47,0,0.3462857142857143,54,0,False,False,False,False
rf_rule,none,0.75,0.45,0.9493614737464107,0.9514285714285714,0.8657142857142858,94,47,0.3462857142857143,4,97,False,False,False,False
rf_rule,c_only,0.75,0.45,0.9493614737464107,0.9514285714285714,0.8657142857142858,94,47,0.3462857142857143,4,97,False,False,False,False
rf_rule,ordinal,0.75,0.45,0.8734954620351153,0.9038095238095237,0.8657142857142858,47,0,0.3462857142857143,54,0,False,False,False,False
rf_rule,none,0.75,0.5,0.9479892410766008,0.9495238095238095,0.8657142857142858,94,47,0.3462857142857143,4,97,False,False,False,False
rf_rule,c_only,0.75,0.5,0.9479892410766008,0.9495238095238095,0.8657142857142858,94,47,0.3462857142857143,4,97,False,False,False,False
rf_rule,ordinal,0.75,0.5,0.8721167025517178,0.901904761904762,0.8657142857142858,47,0,0.3462857142857143,54,0,False,False,False,False
rf_rule,none,0.75,0.55,0.913546062768424,0.9028571428571429,0.8657142857142858,94,47,0.3462857142857143,3,123,False,False,False,False
rf_rule,c_only,0.75,0.55,0.913546062768424,0.9028571428571429,0.8657142857142858,94,47,0.3462857142857143,3,123,False,False,False,False
rf_rule,ordinal,0.75,0.55,0.8721167025517178,0.901904761904762,0.8657142857142858,47,0,0.3462857142857143,54,0,False,False,False,False
rf_rule,none,0.75,0.6,0.9105345391608077,0.899047619047619,0.8657142857142858,94,47,0.3462857142857143,3,123,False,False,False,False
rf_rule,c_only,0.75,0.6,0.9105345391608077,0.899047619047619,0.8657142857142858,94,47,0.3462857142857143,3,123,False,False,False,False
rf_rule,ordinal,0.75,0.6,0.8693514061145852,0.8980952380952382,0.8657142857142858,47,0,0.3462857142857143,54,0,False,False,False,False
rf_rule,none,0.75,0.65,0.881543596515765,0.861904761904762,0.8657142857142858,94,47,0.3462857142857143,0,140,False,False,False,False
rf_rule,c_only,0.75,0.65,0.881543596515765,0.861904761904762,0.8657142857142858,94,47,0.3462857142857143,0,140,False,False,False,False
rf_rule,ordinal,0.75,0.65,0.8595876154717418,0.8847619047619047,0.8657142857142858,47,0,0.3462857142857143,54,0,False,False,False,False
rf_rule,none,0.75,0.7,0.8575699460131122,0.8352380952380952,0.8657142857142858,94,47,0.3462857142857143,0,146,False,False,False,False
rf_rule,c_only,0.75,0.7,0.8575699460131122,0.8352380952380952,0.8657142857142858,94,47,0.3462857142857143,0,146,False,False,False,False
rf_rule,ordinal,0.75,0.7,0.8482546591729981,0.8695238095238095,0.8657142857142858,47,0,0.3462857142857143,54,0,False,False,False,False
rf_rule,none,0.75,0.75,0.8260536986548394,0.8028571428571428,0.8657142857142858,94,47,0.3462857142857143,0,156,False,False,False,False
rf_rule,c_only,0.75,0.75,0.8260536986548394,0.8028571428571428,0.8657142857142858,94,47,0.3462857142857143,0,156,False,False,False,False
rf_rule,ordinal,0.75,0.75,0.8381717100392216,0.8561904761904762,0.8657142857142858,47,0,0.3462857142857143,54,0,False,False,False,False
rf_rule,none,0.75,0.8,0.8121848534599673,0.7895238095238096,0.8657142857142858,94,47,0.3462857142857143,0,163,False,False,False,False
rf_rule,c_only,0.75,0.8,0.8121848534599673,0.7895238095238096,0.8657142857142858,94,47,0.3462857142857143,0,163,False,False,False,False
rf_rule,ordinal,0.75,0.8,0.8381717100392216,0.8561904761904762,0.8657142857142858,47,0,0.3462857142857143,54,0,False,False,False,False
rf_rule,none,0.75,0.85,0.7668189869513169,0.7495238095238096,0.8657142857142858,94,47,0.3462857142857143,0,184,False,False,False,False
rf_rule,c_only,0.75,0.85,0.7668189869513169,0.7495238095238096,0.8657142857142858,94,47,0.3462857142857143,0,184,False,False,False,False
rf_rule,ordinal,0.75,0.85,0.8381717100392216,0.8561904761904762,0.8657142857142858,47,0,0.3462857142857143,54,0,False,False,False,False
rf_rule,none,0.75,0.9,0.7250737467731723,0.7171428571428571,0.8657142857142858,94,47,0.3462857142857143,0,201,False,False,False,False
rf_rule,c_only,0.75,0.9,0.7250737467731723,0.7171428571428571,0.8657142857142858,94,47,0.3462857142857143,0,201,False,False,False,False
rf_rule,ordinal,0.75,0.9,0.8381717100392216,0.8561904761904762,0.8657142857142858,47,0,0.3462857142857143,54,0,False,False,False,False
rf_rule,none,0.8,0.2,0.8728519977132446,0.8952380952380953,0.7,171,66,0.28,5,116,False,False,False,False
rf_rule,c_only,0.8,0.2,0.9245058967626955,0.942857142857143,0.8428571428571429,71,16,0.33714285714285713,5,66,False,False,False,False
rf_rule,ordinal,0.8,0.2,0.8634423098528256,0.8952380952380953,0.8428571428571429,55,0,0.33714285714285713,55,0,False,False,False,False
rf_rule,none,0.8,0.25,0.8779135296213211,0.8961904761904762,0.7,181,76,0.28,4,126,False,False,False,False
rf_rule,c_only,0.8,0.25,0.9290051852458617,0.9438095238095238,0.8428571428571429,81,26,0.33714285714285713,4,76,False,False,False,False
rf_rule,ordinal,0.8,0.25,0.864554861338887,0.8961904761904762,0.8428571428571429,55,0,0.33714285714285713,54,0,False,False,False,False
rf_rule,none,0.8,0.3,0.8795882795628384,0.8961904761904762,0.7,185,80,0.28,4,130,False,False,False,False
rf_rule,c_only,0.8,0.3,0.9304598586172997,0.9438095238095238,0.8428571428571429,85,30,0.33714285714285713,4,80,False,False,False,False
rf_rule,ordinal,0.8,0.3,0.864554861338887,0.8961904761904762,0.8428571428571429,55,0,0.33714285714285713,54,0,False,False,False,False
rf_rule,none,0.8,0.35,0.8861276294807849,0.8961904761904762,0.7,199,94,0.28,4,144,False,False,False,False
rf_rule,c_only,0.8,0.35,0.9362559756315729,0.9438095238095238,0.8428571428571429,99,44,0.33714285714285713,4,94,False,False,False,False
rf_rule,ordinal,0.8,0.35,0.864554861338887,0.8961904761904762,0.8428571428571429,55,0,0.33714285714285713,54,0,False,False,False,False
rf_rule,none,0.8,0.4,0.8920500255372045,0.8961904761904762,0.7,210,105,0.28,4,155,False,False,False,False
rf_rule,c_only,0.8,0.4,0.9416224432329616,0.9438095238095238,0.8428571428571429,110,55,0.33714285714285713,4,105,False,False,False,False
rf_rule,ordinal,0.8,0.4,0.864554861338887,0.8961904761904762,0.8428571428571429,55,0,0.33714285714285713,54,0,False,False,False,False
rf_rule,none,0.8,0.45,0.8920500255372045,0.8961904761904762,0.7,210,105,0.28,4,155,False,False,False,False
rf_rule,c_only,0.8,0.45,0.9416224432329616,0.9438095238095238,0.8428571428571429,110,55,0.33714285714285713,4,105,False,False,False,False
rf_rule,ordinal,0.8,0.45,0.864554861338887,0.8961904761904762,0.8428571428571429,55,0,0.33714285714285713,54,0,False,False,False,False
rf_rule,none,0.8,0.5,0.8907359995279259,0.8942857142857142,0.7,210,105,0.28,4,155,False,False,False,False
rf_rule,c_only,0.8,0.5,0.9402590473929936,0.9419047619047619,0.8428571428571429,110,55,0.33714285714285713,4,105,False,False,False,False
rf_rule,ordinal,0.8,0.5,0.8631820939020631,0.8942857142857142,0.8428571428571429,55,0,0.33714285714285713,54,0,False,False,False,False
rf_rule,none,0.8,0.55,0.8576695492273053,0.8476190476190476,0.7,210,105,0.28,3,181,False,False,False,False
rf_rule,c_only,0.8,0.55,0.9060248384030238,0.8952380952380953,0.8428571428571429,110,55,0.33714285714285713,3,131,False,False,False,False
rf_rule,ordinal,0.8,0.55,0.8631820939020631,0.8942857142857142,0.8428571428571429,55,0,0.33714285714285713,54,0,False,False,False,False
rf_rule,none,0.8,0.6,0.8547631248977812,0.8438095238095237,0.7,210,105,0.28,3,181,False,False,False,False
rf_rule,c_only,0.8,0.6,0.9030292188431722,0.8914285714285715,0.8428571428571429,110,55,0.33714285714285713,3,131,False,False,False,False
rf_rule,ordinal,0.8,0.6,0.8604290734241152,0.8904761904761905,0.8428571428571429,55,0,0.33714285714285713,54,0,False,False,False,False
rf_rule,none,0.8,0.65,0.826803615079276,0.8066666666666666,0.7,210,105,0.28,0,198,False,False,False,False
rf_rule,c_only,0.8,0.65,0.8741949168884261,0.8542857142857142,0.8428571428571429,110,55,0.33714285714285713,0,148,False,False,False,False
rf_rule,ordinal,0.8,0.65,0.8507114329961345,0.8771428571428572,0.8428571428571429,55,0,0.33714285714285713,54,0,False,False,False,False
rf_rule,none,0.8,0.7,0.80348960984866,0.7799999999999999,0.7,210,105,0.28,0,204,False,False,False,False
rf_rule,c_only,0.8,0.7,0.8503207361066617,0.8276190476190477,0.8428571428571429,110,55,0.33714285714285713,0,154,False,False,False,False
rf_rule,ordinal,0.8,0.7,0.8394376959401174,0.861904761904762,0.8428571428571429,55,0,0.33714285714285713,54,0,False,False,False,False
rf_rule,none,0.8,0.75,0.7727311891486036,0.7476190476190476,0.7,210,105,0.28,0,214,False,False,False,False
rf_rule,c_only,0.8,0.75,0.8189185797225531,0.7952380952380952,0.8428571428571429,110,55,0.33714285714285713,0,164,False,False,False,False
rf_rule,ordinal,0.8,0.75,0.8294127325032593,0.8485714285714286,0.8428571428571429,55,0,0.33714285714285713,54,0,False,False,False,False
rf_rule,none,0.8,0.8,0.7591614319686512,0.7342857142857143,0.7,210,105,0.28,0,221,False,False,False,False
rf_rule,c_only,0.8,0.8,0.8050947074409983,0.7819047619047619,0.8428571428571429,110,55,0.33714285714285713,0,171,False,False,False,False
rf_rule,ordinal,0.8,0.8,0.8294127325032593,0.8485714285714286,0.8428571428571429,55,0,0.33714285714285713,54,0,False,False,False,False
rf_rule,none,0.8,0.85,0.714650532123633,0.6942857142857143,0.7,210,105,0.28,0,242,False,False,False,False
rf_rule,c_only,0.8,0.85,0.7598572255100077,0.7419047619047618,0.8428571428571429,110,55,0.33714285714285713,0,192,False,False,False,False
rf_rule,ordinal,0.8,0.85,0.8294127325032593,0.8485714285714286,0.8428571428571429,55,0,0.33714285714285713,54,0,False,False,False,False
rf_rule,none,0.8,0.9,0.6735540094173871,0.6619047619047619,0.7,210,105,0.28,0,259,False,False,False,False
rf_rule,c_only,0.8,0.9,0.7182092240231776,0.7095238095238096,0.8428571428571429,110,55,0.33714285714285713,0,209,False,False,False,False
rf_rule,ordinal,0.8,0.9,0.8294127325032593,0.8485714285714286,0.8428571428571429,55,0,0.33714285714285713,54,0,False,False,False,False
rf_rule,none,0.85,0.2,0.8717951685562969,0.8942857142857142,0.6971428571428572,173,67,0.27885714285714286,5,117,False,False,False,False
rf_rule,c_only,0.85,0.2,0.9234898249842739,0.9419047619047619,0.84,73,17,0.336,5,67,False,False,False,False
rf_rule,ordinal,0.85,0.2,0.8623304164561686,0.8942857142857142,0.84,56,0,0.336,55,0,False,False,False,False
rf_rule,none,0.85,0.25,0.8768667985760974,0.8952380952380952,0.6971428571428572,183,77,0.27885714285714286,4,127,False,False,False,False
rf_rule,c_only,0.85,0.25,0.9280015655224149,0.9428571428571427,0.84,83,27,0.336,4,77,False,False,False,False
rf_rule,ordinal,0.85,0.25,0.8634405707363036,0.8952380952380952,0.84,56,0,0.336,54,0,False,False,False,False
rf_rule,none,0.85,0.3,0.8785455205859779,0.8952380952380952,0.6971428571428572,187,81,0.27885714285714286,4,131,False,False,False,False
rf_rule,c_only,0.85,0.3,0.9294610914066581,0.9428571428571427,0.84,87,31,0.336,4,81,False,False,False,False
rf_rule,ordinal,0.85,0.3,0.8634405707363036,0.8952380952380952,0.84,56,0,0.336,54,0,False,False,False,False
rf_rule,none,0.85,0.35,0.8850983011083224,0.8952380952380952,0.6971428571428572,201,95,0.27885714285714286,4,145,False,False,False,False
rf_rule,c_only,0.85,0.35,0.935273577416457,0.9428571428571427,0.84,101,45,0.336,4,95,False,False,False,False
rf_rule,ordinal,0.85,0.35,0.8634405707363036,0.8952380952380952,0.84,56,0,0.336,54,0,False,False,False,False
rf_rule,none,0.85,0.4,0.8910307597628844,0.8952380952380952,0.6971428571428572,212,106,0.27885714285714286,4,156,False,False,False,False
rf_rule,c_only,0.85,0.4,0.9406522697300227,0.9428571428571427,0.84,112,56,0.336,4,106,False,False,False,False
rf_rule,ordinal,0.85,0.4,0.8634405707363036,0.8952380952380952,0.84,56,0,0.336,54,0,False,False,False,False
rf_rule,none,0.85,0.45,0.8910307597628844,0.8952380952380952,0.6971428571428572,212,106,0.27885714285714286,4,156,False,False,False,False
rf_rule,c_only,0.85,0.45,0.9406522697300227,0.9428571428571427,0.84,112,56,0.336,4,106,False,False,False,False
rf_rule,ordinal,0.85,0.45,0.8634405707363036,0.8952380952380952,0.84,56,0,0.336,54,0,False,False,False,False
rf_rule,none,0.85,0.5,0.889717628072499,0.8933333333333334,0.6971428571428572,212,106,0.27885714285714286,4,156,False,False,False,False
rf_rule,c_only,0.85,0.5,0.9392899587210409,0.940952380952381,0.84,112,56,0.336,4,106,False,False,False,False
rf_rule,ordinal,0.85,0.5,0.8620685616420407,0.8933333333333334,0.84,56,0,0.336,54,0,False,False,False,False
rf_rule,none,0.85,0.55,0.8566723342935795,0.8466666666666667,0.6971428571428572,212,106,0.27885714285714286,3,182,False,False,False,False
rf_rule,c_only,0.85,0.55,0.9050814046443741,0.8942857142857142,0.84,112,56,0.336,3,132,False,False,False,False
rf_rule,ordinal,0.85,0.55,0.8620685616420407,0.8933333333333334,0.84,56,0,0.336,54,0,False,False,False,False
rf_rule,none,0.85,0.6,0.853767531216388,0.8428571428571429,0.6971428571428572,212,106,0.27885714285714286,3,182,False,False,False,False
rf_rule,c_only,0.85,0.6,0.9020877387564467,0.8904761904761904,0.84,112,56,0.336,3,132,False,False,False,False
rf_rule,ordinal,0.85,0.6,0.8593170937365638,0.8895238095238095,0.84,56,0,0.336,54,0,False,False,False,False
rf_rule,none,0.85,0.65,0.8258238580556002,0.8057142857142857,0.6971428571428572,212,106,0.27885714285714286,0,199,False,False,False,False
rf_rule,c_only,0.85,0.65,0.8732726659925851,0.8533333333333334,0.84,112,56,0.336,0,149,False,False,False,False
rf_rule,ordinal,0.85,0.65,0.8496052786614823,0.8761904761904762,0.84,56,0,0.336,54,0,False,False,False,False
rf_rule,none,0.85,0.7,0.8025200722535292,0.7790476190476191,0.6971428571428572,212,106,0.27885714285714286,0,205,False,False,False,False
rf_rule,c_only,0.85,0.7,0.8494107126132576,0.8266666666666667,0.84,112,56,0.336,0,155,False,False,False,False
rf_rule,ordinal,0.85,0.7,0.8383389943800384,0.8609523809523809,0.84,56,0,0.336,54,0,False,False,False,False
rf_rule,none,0.85,0.75,0.7717734151142729,0.7466666666666666,0.6971428571428572,212,106,0.27885714285714286,0,215,False,False,False,False
rf_rule,c_only,0.85,0.75,0.8180225853757509,0.7942857142857142,0.84,112,56,0.336,0,165,False,False,False,False
rf_rule,ordinal,0.85,0.75,0.8283213087941871,0.8476190476190476,0.84,56,0,0.336,54,0,False,False,False,False
rf_rule,none,0.85,0.8,0.7582083075095195,0.7333333333333334,0.6971428571428572,212,106,0.27885714285714286,0,222,False,False,False,False
rf_rule,c_only,0.85,0.8,0.8042042444852474,0.780952380952381,0.84,112,56,0.336,0,172,False,False,False,False
rf_rule,ordinal,0.85,0.8,0.8283213087941871,0.8476190476190476,0.84,56,0,0.336,54,0,False,False,False,False
rf_rule,none,0.85,0.85,0.713710720805741,0.6933333333333334,0.6971428571428572,212,106,0.27885714285714286,0,243,False,False,False,False
rf_rule,c_only,0.85,0.85,0.7589825572368393,0.7409523809523809,0.84,112,56,0.336,0,193,False,False,False,False
rf_rule,ordinal,0.85,0.85,0.8283213087941871,0.8476190476190476,0.84,56,0,0.336,54,0,False,False,False,False
rf_rule,none,0.85,0.9,0.6726243217471288,0.6609523809523808,0.6971428571428572,212,106,0.27885714285714286,0,260,False,False,False,False
rf_rule,c_only,0.85,0.9,0.7173465228540983,0.7085714285714285,0.84,112,56,0.336,0,210,False,False,False,False
rf_rule,ordinal,0.85,0.9,0.8283213087941871,0.8476190476190476,0.84,56,0,0.336,54,0,False,False,False,False
rf_rule,none,0.9,0.2,0.8686174977605255,0.8914285714285715,0.6885714285714286,179,70,0.2754285714285714,5,120,False,False,False,False
rf_rule,c_only,0.9,0.2,0.9224732804132422,0.940952380952381,0.8371428571428572,75,18,0.33485714285714285,5,68,False,False,False,False
rf_rule,ordinal,0.9,0.2,0.8612191574685696,0.8933333333333334,0.8371428571428572,57,0,0.33485714285714285,55,0,False,False,False,False
rf_rule,none,0.9,0.25,0.8737191777651435,0.8923809523809524,0.6885714285714286,189,80,0.2754285714285714,4,130,False,False,False,False
rf_rule,c_only,0.9,0.25,0.9269974192454078,0.9419047619047619,0.8371428571428572,85,28,0.33485714285714285,4,78,False,False,False,False
rf_rule,ordinal,0.9,0.25,0.8623269301090509,0.8942857142857142,0.8371428571428572,57,0,0.33485714285714285,54,0,False,False,False,False
rf_rule,none,0.9,0.3,0.875409724218371,0.8923809523809524,0.6885714285714286,193,84,0.2754285714285714,4,134,False,False,False,False
rf_rule,c_only,0.9,0.3,0.9284617776043604,0.9419047619047619,0.8371428571428572,89,32,0.33485714285714285,4,82,False,False,False,False
rf_rule,ordinal,0.9,0.3,0.8623269301090509,0.8942857142857142,0.8371428571428572,57,0,0.33485714285714285,54,0,False,False,False,False
rf_rule,none,0.9,0.35,0.8820024897966389,0.8923809523809524,0.6885714285714286,207,98,0.2754285714285714,4,148,False,False,False,False
rf_rule,c_only,0.9,0.35,0.9342905658348383,0.9419047619047619,0.8371428571428572,103,46,0.33485714285714285,4,96,False,False,False,False
rf_rule,ordinal,0.9,0.35,0.8623269301090509,0.8942857142857142,0.8371428571428572,57,0,0.33485714285714285,54,0,False,False,False,False
rf_rule,none,0.9,0.4,0.8879649100119008,0.8923809523809524,0.6885714285714286,218,109,0.2754285714285714,4,159,False,False,False,False
rf_rule,c_only,0.9,0.4,0.939681433827474,0.9419047619047619,0.8371428571428572,114,57,0.33485714285714285,4,107,False,False,False,False
rf_rule,ordinal,0.9,0.4,0.8623269301090509,0.8942857142857142,0.8371428571428572,57,0,0.33485714285714285,54,0,False,False,False,False
rf_rule,none,0.9,0.45,0.8879649100119008,0.8923809523809524,0.6885714285714286,218,109,0.2754285714285714,4,159,False,False,False,False
rf_rule,c_only,0.9,0.45,0.939681433827474,0.9419047619047619,0.8371428571428572,114,57,0.33485714285714285,4,107,False,False,False,False
rf_rule,ordinal,0.9,0.45,0.8623269301090509,0.8942857142857142,0.8371428571428572,57,0,0.33485714285714285,54,0,False,False,False,False
rf_rule,none,0.9,0.5,0.8866544413223537,0.8904761904761905,0.6885714285714286,218,109,0.2754285714285714,4,159,False,False,False,False
rf_rule,c_only,0.9,0.5,0.9383202033331751,0.9400000000000001,0.8371428571428572,114,57,0.33485714285714285,4,107,False,False,False,False
rf_rule,ordinal,0.9,0.5,0.8609556812715246,0.8923809523809524,0.8371428571428572,57,0,0.33485714285714285,54,0,False,False,False,False
rf_rule,none,0.9,0.55,0.8536721453218333,0.8438095238095239,0.6885714285714286,218,109,0.2754285714285714,3,185,False,False,False,False
rf_rule,c_only,0.9,0.55,0.9041372023708263,0.8933333333333334,0.8371428571428572,114,57,0.33485714285714285,3,133,False,False,False,False
rf_rule,ordinal,0.9,0.55,0.8609556812715246,0.8923809523809524,0.8371428571428572,57,0,0.33485714285714285,54,0,False,False,False,False
rf_rule,none,0.9,0.6,0.8507721710175788,0.84,0.6885714285714286,218,109,0.2754285714285714,3,185,False,False,False,False
rf_rule,c_only,0.9,0.6,0.9011454826551102,0.8895238095238095,0.8371428571428572,114,57,0.33485714285714285,3,133,False,False,False,False
rf_rule,ordinal,0.9,0.6,0.8582057696352333,0.8885714285714287,0.8371428571428572,57,0,0.33485714285714285,54,0,False,False,False,False
rf_rule,none,0.9,0.65,0.8228756513492672,0.8028571428571428,0.6885714285714286,218,109,0.2754285714285714,0,202,False,False,False,False
rf_rule,c_only,0.9,0.65,0.8723495624474369,0.8523809523809524,0.8371428571428572,114,57,0.33485714285714285,0,150,False,False,False,False
rf_rule,ordinal,0.9,0.65,0.8484997913742746,0.8752380952380953,0.8371428571428572,57,0,0.33485714285714285,54,0,False,False,False,False
rf_rule,none,0.9,0.7,0.7996023114424783,0.7761904761904762,0.6885714285714286,218,109,0.2754285714285714,0,208,False,False,False,False
rf_rule,c_only,0.9,0.7,0.8484997913742744,0.8257142857142857,0.8371428571428572,114,57,0.33485714285714285,0,156,False,False,False,False
rf_rule,ordinal,0.9,0.7,0.8372409698192662,0.86,0.8371428571428572,57,0,0.33485714285714285,54,0,False,False,False,False
rf_rule,none,0.9,0.75,0.7688907047927526,0.7438095238095238,0.6885714285714286,218,109,0.2754285714285714,0,218,False,False,False,False
rf_rule,c_only,0.9,0.75,0.8171256425073379,0.7933333333333333,0.8371428571428572,114,57,0.33485714285714285,0,166,False,False,False,False
rf_rule,ordinal,0.9,0.75,0.8272305676209069,0.8466666666666667,0.8371428571428572,57,0,0.33485714285714285,54,0,False,False,False,False
rf_rule,none,0.9,0.8,0.7553394522613174,0.7304761904761904,0.6885714285714286,218,109,0.2754285714285714,0,225,False,False,False,False
rf_rule,c_only,0.9,0.8,0.8033128132759604,0.7799999999999999,0.8371428571428572,114,57,0.33485714285714285,0,173,False,False,False,False
rf_rule,ordinal,0.9,0.8,0.8272305676209069,0.8466666666666667,0.8371428571428572,57,0,0.33485714285714285,54,0,False,False,False,False
rf_rule,none,0.9,0.85,0.7108815409206072,0.6904761904761904,0.6885714285714286,218,109,0.2754285714285714,0,246,False,False,False,False
rf_rule,c_only,0.9,0.85,0.7581068652790556,0.7399999999999999,0.8371428571428572,114,57,0.33485714285714285,0,194,False,False,False,False
rf_rule,ordinal,0.9,0.85,0.8272305676209069,0.8466666666666667,0.8371428571428572,57,0,0.33485714285714285,54,0,False,False,False,False
rf_rule,none,0.9,0.9,0.6698253161366892,0.6580952380952381,0.6885714285714286,218,109,0.2754285714285714,0,263,False,False,False,False
rf_rule,c_only,0.9,0.9,0.7164827569182157,0.7076190476190476,0.8371428571428572,114,57,0.33485714285714285,0,211,False,False,False,False
rf_rule,ordinal,0.9,0.9,0.8272305676209069,0.8466666666666667,0.8371428571428572,57,0,0.33485714285714285,54,0,False,False,False,False
