sample_id,target_mode,severity,arm,score,raw_grade,uav_grade,final_grade,dominant_mode,C3_score
0+001,safe_reference,safe,full,96.0493,A级_安全,A级_安全,A级_安全,渗流破坏,100.0
0+001,safe_reference,safe,cap_off,96.0493,A级_安全,A级_安全,A级_安全,渗流破坏,100.0
0+001,safe_reference,safe,C3_anchor100,96.0493,A级_安全,A级_安全,A级_安全,渗流破坏,100.0
0+001,safe_reference,safe,C3_anchor100_cap_off,96.0493,A级_安全,A级_安全,A级_安全,渗流破坏,100.0
0+002,safe_reference,safe,full,96.0493,A级_安全,A级_安全,A级_安全,渗流破坏,100.0
0+002,safe_reference,safe,cap_off,96.0493,A级_安全,A级_安全,A级_安全,渗流破坏,100.0
0+002,safe_reference,safe,C3_anchor100,96.0493,A级_安全,A级_安全,A级_安全,渗流破坏,100.0
0+002,safe_reference,safe,C3_anchor100_cap_off,96.0493,A级_安全,A级_安全,A级_安全,渗流破坏,100.0
0+003,safe_reference,safe,full,96.0493,A级_安全,A级_安全,A级_安全,渗流破坏,100.0
0+003,safe_reference,safe,cap_off,96.0493,A级_安全,A级_安全,A级_安全,渗流破坏,100.0
0+003,safe_reference,safe,C3_anchor100,96.0493,A级_安全,A级_安全,A级_安全,渗流破坏,100.0
0+003,safe_reference,safe,C3_anchor100_cap_off,96.0493,A级_安全,A级_安全,A级_安全,渗流破坏,100.0
0+004,safe_reference,safe,full,96.0493,A级_安全,A级_安全,A级_安全,渗流破坏,100.0
0+004,safe_reference,safe,cap_off,96.0493,A级_安全,A级_安全,A级_安全,渗流破坏,100.0
0+004,safe_reference,safe,C3_anchor100,96.0493,A级_安全,A级_安全,A级_安全,渗流破坏,100.0
0+004,safe_reference,safe,C3_anchor100_cap_off,96.0493,A级_安全,A级_安全,A级_安全,渗流破坏,100.0
0+005,safe_reference,safe,full,96.0493,A级_安全,A级_安全,A级_安全,渗流破坏,100.0
0+005,safe_reference,safe,cap_off,96.0493,A级_安全,A级_安全,A级_安全,渗流破坏,100.0
0+005,safe_reference,safe,C3_anchor100,96.0493,A级_安全,A级_安全,A级_安全,渗流破坏,100.0
0+005,safe_reference,safe,C3_anchor100_cap_off,96.0493,A级_安全,A级_安全,A级_安全,渗流破坏,100.0
0+006,safe_reference,safe,full,96.0493,A级_安全,A级_安全,A级_安全,渗流破坏,100.0
0+006,safe_reference,safe,cap_off,96.0493,A级_安全,A级_安全,A级_安全,渗流破坏,100.0
0+006,safe_reference,safe,C3_anchor100,96.0493,A级_安全,A级_安全,A级_安全,渗流破坏,100.0
0+006,safe_reference,safe,C3_anchor100_cap_off,96.0493,A级_安全,A级_安全,A级_安全,渗流破坏,100.0
0+007,safe_reference,safe,full,96.0493,A级_安全,A级_安全,A级_安全,渗流破坏,100.0
0+007,safe_reference,safe,cap_off,96.0493,A级_安全,A级_安全,A级_安全,渗流破坏,100.0
0+007,safe_reference,safe,C3_anchor100,96.0493,A级_安全,A级_安全,A级_安全,渗流破坏,100.0
0+007,safe_reference,safe,C3_anchor100_cap_off,96.0493,A级_安全,A级_安全,A级_安全,渗流破坏,100.0
0+008,safe_reference,safe,full,96.0493,A级_安全,A级_安全,A级_安全,渗流破坏,100.0
0+008,safe_reference,safe,cap_off,96.0493,A级_安全,A级_安全,A级_安全,渗流破坏,100.0
0+008,safe_reference,safe,C3_anchor100,96.0493,A级_安全,A级_安全,A级_安全,渗流破坏,100.0
0+008,safe_reference,safe,C3_anchor100_cap_off,96.0493,A级_安全,A级_安全,A级_安全,渗流破坏,100.0
0+009,safe_reference,safe,full,96.0493,A级_安全,A级_安全,A级_安全,渗流破坏,100.0
0+009,safe_reference,safe,cap_off,96.0493,A级_安全,A级_安全,A级_安全,渗流破坏,100.0
0+009,safe_reference,safe,C3_anchor100,96.0493,A级_安全,A级_安全,A级_安全,渗流破坏,100.0
0+009,safe_reference,safe,C3_anchor100_cap_off,96.0493,A级_安全,A级_安全,A级_安全,渗流破坏,100.0
0+010,safe_reference,safe,full,96.0493,A级_安全,A级_安全,A级_安全,渗流破坏,100.0
0+010,safe_reference,safe,cap_off,96.0493,A级_安全,A级_安全,A级_安全,渗流破坏,100.0
0+010,safe_reference,safe,C3_anchor100,96.0493,A级_安全,A级_安全,A级_安全,渗流破坏,100.0
0+010,safe_reference,safe,C3_anchor100_cap_off,96.0493,A级_安全,A级_安全,A级_安全,渗流破坏,100.0
0+011,safe_reference,safe,full,96.0493,A级_安全,A级_安全,A级_安全,渗流破坏,100.0
0+011,safe_reference,safe,cap_off,96.0493,A级_安全,A级_安全,A级_安全,渗流破坏,100.0
0+011,safe_reference,safe,C3_anchor100,96.0493,A级_安全,A级_安全,A级_安全,渗流破坏,100.0
0+011,safe_reference,safe,C3_anchor100_cap_off,96.0493,A级_安全,A级_安全,A级_安全,渗流破坏,100.0
0+012,safe_reference,safe,full,96.0493,A级_安全,A级_安全,A级_安全,渗流破坏,100.0
0+012,safe_reference,safe,cap_off,96.0493,A级_安全,A级_安全,A级_安全,渗流破坏,100.0
0+012,safe_reference,safe,C3_anchor100,96.0493,A级_安全,A级_安全,A级_安全,渗流破坏,100.0
0+012,safe_reference,safe,C3_anchor100_cap_off,96.0493,A级_安全,A级_安全,A级_安全,渗流破坏,100.0
0+013,safe_reference,safe,full,96.0493,A级_安全,A级_安全,A级_安全,渗流破坏,100.0
0+013,safe_reference,safe,cap_off,96.0493,A级_安全,A级_安全,A级_安全,渗流破坏,100.0
0+013,safe_reference,safe,C3_anchor100,96.0493,A级_安全,A级_安全,A级_安全,渗流破坏,100.0
0+013,safe_reference,safe,C3_anchor100_cap_off,96.0493,A级_安全,A级_安全,A级_安全,渗流破坏,100.0
0+014,safe_reference,safe,full,96.0493,A级_安全,A级_安全,A级_安全,渗流破坏,100.0
0+014,safe_reference,safe,cap_off,96.0493,A级_安全,A级_安全,A级_安全,渗流破坏,100.0
0+014,safe_reference,safe,C3_anchor100,96.0493,A级_安全,A级_安全,A级_安全,渗流破坏,100.0
0+014,safe_reference,safe,C3_anchor100_cap_off,96.0493,A级_安全,A级_安全,A级_安全,渗流破坏,100.0
0+015,safe_reference,safe,full,96.0493,A级_安全,A级_安全,A级_安全,渗流破坏,100.0
0+015,safe_reference,safe,cap_off,96.0493,A级_安全,A级_安全,A级_安全,渗流破坏,100.0
0+015,safe_reference,safe,C3_anchor100,96.0493,A级_安全,A级_安全,A级_安全,渗流破坏,100.0
0+015,safe_reference,safe,C3_anchor100_cap_off,96.0493,A级_安全,A级_安全,A级_安全,渗流破坏,100.0
0+016,safe_reference,safe,full,96.0493,A级_安全,A级_安全,A级_安全,渗流破坏,100.0
0+016,safe_reference,safe,cap_off,96.0493,A级_安全,A级_安全,A级_安全,渗流破坏,100.0
0+016,safe_reference,safe,C3_anchor100,96.0493,A级_安全,A级_安全,A级_安全,渗流破坏,100.0
0+016,safe_reference,safe,C3_anchor100_cap_off,96.0493,A级_安全,A级_安全,A级_安全,渗流破坏,100.0
0+017,safe_reference,safe,full,96.0493,A级_安全,A级_安全,A级_安全,渗流破坏,100.0
0+017,safe_reference,safe,cap_off,96.0493,A级_安全,A级_安全,A级_安全,渗流破坏,100.0
0+017,safe_reference,safe,C3_anchor100,96.0493,A级_安全,A级_安全,A级_安全,渗流破坏,100.0
0+017,safe_reference,safe,C3_anchor100_cap_off,96.0493,A级_安全,A级_安全,A级_安全,渗流破坏,100.0
0+018,safe_reference,safe,full,96.0493,A级_安全,A级_安全,A级_安全,渗流破坏,100.0
0+018,safe_reference,safe,cap_off,96.0493,A级_安全,A级_安全,A级_安全,渗流破坏,100.0
0+018,safe_reference,safe,C3_anchor100,96.0493,A级_安全,A级_安全,A级_安全,渗流破坏,100.0
0+018,safe_reference,safe,C3_anchor100_cap_off,96.0493,A级_安全,A级_安全,A级_安全,渗流破坏,100.0
0+019,safe_reference,safe,full,96.0493,A级_安全,A级_安全,A级_安全,渗流破坏,100.0
0+019,safe_reference,safe,cap_off,96.0493,A级_安全,A级_安全,A级_安全,渗流破坏,100.0
0+019,safe_reference,safe,C3_anchor100,96.0493,A级_安全,A级_安全,A级_安全,渗流破坏,100.0
0+019,safe_reference,safe,C3_anchor100_cap_off,96.0493,A级_安全,A级_安全,A级_安全,渗流破坏,100.0
0+020,safe_reference,safe,full,96.0493,A级_安全,A级_安全,A级_安全,渗流破坏,100.0
0+020,safe_reference,safe,cap_off,96.0493,A级_安全,A级_安全,A级_安全,渗流破坏,100.0
0+020,safe_reference,safe,C3_anchor100,96.0493,A级_安全,A级_安全,A级_安全,渗流破坏,100.0
0+020,safe_reference,safe,C3_anchor100_cap_off,96.0493,A级_安全,A级_安全,A级_安全,渗流破坏,100.0
0+021,safe_reference,safe,full,96.0493,A级_安全,A级_安全,A级_安全,渗流破坏,100.0
0+021,safe_reference,safe,cap_off,96.0493,A级_安全,A级_安全,A级_安全,渗流破坏,100.0
0+021,safe_reference,safe,C3_anchor100,96.0493,A级_安全,A级_安全,A级_安全,渗流破坏,100.0
0+021,safe_reference,safe,C3_anchor100_cap_off,96.0493,A级_安全,A级_安全,A级_安全,渗流破坏,100.0
0+022,safe_reference,safe,full,96.0493,A级_安全,A级_安全,A级_安全,渗流破坏,100.0
0+022,safe_reference,safe,cap_off,96.0493,A级_安全,A级_安全,A级_安全,渗流破坏,100.0
0+022,safe_reference,safe,C3_anchor100,96.0493,A级_安全,A级_安全,A级_安全,渗流破坏,100.0
0+022,safe_reference,safe,C3_anchor100_cap_off,96.0493,A级_安全,A级_安全,A级_安全,渗流破坏,100.0
0+023,safe_reference,safe,full,96.0493,A级_安全,A级_安全,A级_安全,渗流破坏,100.0
0+023,safe_reference,safe,cap_off,96.0493,A级_安全,A级_安全,A级_安全,渗流破坏,100.0
0+023,safe_reference,safe,C3_anchor100,96.0493,A级_安全,A级_安全,A级_安全,渗流破坏,100.0
0+023,safe_reference,safe,C3_anchor100_cap_off,96.0493,A级_安全,A级_安全,A级_安全,渗流破坏,100.0
0+024,safe_reference,safe,full,96.0493,A级_安全,A级_安全,A级_安全,渗流破坏,100.0
0+024,safe_reference,safe,cap_off,96.0493,A级_安全,A级_安全,A级_安全,渗流破坏,100.0
0+024,safe_reference,safe,C3_anchor100,96.0493,A级_安全,A级_安全,A级_安全,渗流破坏,100.0
0+024,safe_reference,safe,C3_anchor100_cap_off,96.0493,A级_安全,A级_安全,A级_安全,渗流破坏,100.0
0+025,safe_reference,safe,full,96.0493,A级_安全,A级_安全,A级_安全,渗流破坏,100.0
0+025,safe_reference,safe,cap_off,96.0493,A级_安全,A级_安全,A级_安全,渗流破坏,100.0
0+025,safe_reference,safe,C3_anchor100,96.0493,A级_安全,A级_安全,A级_安全,渗流破坏,100.0
0+025,safe_reference,safe,C3_anchor100_cap_off,96.0493,A级_安全,A级_安全,A级_安全,渗流破坏,100.0
0+026,safe_reference,slight,full,93.1958,A级_安全,A级_安全,A级_安全,渗流破坏,100.0
0+026,safe_reference,slight,cap_off,93.1958,A级_安全,A级_安全,A级_安全,渗流破坏,100.0
0+026,safe_reference,slight,C3_anchor100,93.1958,A级_安全,A级_安全,A级_安全,渗流破坏,100.0
0+026,safe_reference,slight,C3_anchor100_cap_off,93.1958,A级_安全,A级_安全,A级_安全,渗流破坏,100.0
0+027,safe_reference,slight,full,93.2726,A级_安全,A级_安全,A级_安全,渗流破坏,100.0
0+027,safe_reference,slight,cap_off,93.2726,A级_安全,A级_安全,A级_安全,渗流破坏,100.0
0+027,safe_reference,slight,C3_anchor100,93.2726,A级_安全,A级_安全,A级_安全,渗流破坏,100.0
0+027,safe_reference,slight,C3_anchor100_cap_off,93.2726,A级_安全,A级_安全,A级_安全,渗流破坏,100.0
0+028,safe_reference,slight,full,93.2611,A级_安全,A级_安全,A级_安全,渗流破坏,100.0
0+028,safe_reference,slight,cap_off,93.2611,A级_安全,A级_安全,A级_安全,渗流破坏,100.0
0+028,safe_reference,slight,C3_anchor100,93.2611,A级_安全,A级_安全,A级_安全,渗流破坏,100.0
0+028,safe_reference,slight,C3_anchor100_cap_off,93.2611,A级_安全,A级_安全,A级_安全,渗流破坏,100.0
0+029,safe_reference,slight,full,93.2252,A级_安全,A级_安全,A级_安全,渗流破坏,100.0
0+029,safe_reference,slight,cap_off,93.2252,A级_安全,A级_安全,A级_安全,渗流破坏,100.0
0+029,safe_reference,slight,C3_anchor100,93.2252,A级_安全,A级_安全,A级_安全,渗流破坏,100.0
0+029,safe_reference,slight,C3_anchor100_cap_off,93.2252,A级_安全,A级_安全,A级_安全,渗流破坏,100.0
0+030,safe_reference,slight,full,93.4016,A级_安全,A级_安全,A级_安全,渗流破坏,100.0
0+030,safe_reference,slight,cap_off,93.4016,A级_安全,A级_安全,A级_安全,渗流破坏,100.0
0+030,safe_reference,slight,C3_anchor100,93.4016,A级_安全,A级_安全,A级_安全,渗流破坏,100.0
0+030,safe_reference,slight,C3_anchor100_cap_off,93.4016,A级_安全,A级_安全,A级_安全,渗流破坏,100.0
0+031,safe_reference,slight,full,93.2464,A级_安全,A级_安全,A级_安全,渗流破坏,100.0
0+031,safe_reference,slight,cap_off,93.2464,A级_安全,A级_安全,A级_安全,渗流破坏,100.0
0+031,safe_reference,slight,C3_anchor100,93.2464,A级_安全,A级_安全,A级_安全,渗流破坏,100.0
0+031,safe_reference,slight,C3_anchor100_cap_off,93.2464,A级_安全,A级_安全,A级_安全,渗流破坏,100.0
0+032,safe_reference,slight,full,93.3102,A级_安全,A级_安全,A级_安全,渗流破坏,100.0
0+032,safe_reference,slight,cap_off,93.3102,A级_安全,A级_安全,A级_安全,渗流破坏,100.0
0+032,safe_reference,slight,C3_anchor100,93.3102,A级_安全,A级_安全,A级_安全,渗流破坏,100.0
0+032,safe_reference,slight,C3_anchor100_cap_off,93.3102,A级_安全,A级_安全,A级_安全,渗流破坏,100.0
0+033,safe_reference,slight,full,93.2203,A级_安全,A级_安全,A级_安全,渗流破坏,100.0
0+033,safe_reference,slight,cap_off,93.2203,A级_安全,A级_安全,A级_安全,渗流破坏,100.0
0+033,safe_reference,slight,C3_anchor100,93.2203,A级_安全,A级_安全,A级_安全,渗流破坏,100.0
0+033,safe_reference,slight,C3_anchor100_cap_off,93.2203,A级_安全,A级_安全,A级_安全,渗流破坏,100.0
0+034,safe_reference,slight,full,93.1239,A级_安全,A级_安全,A级_安全,渗流破坏,100.0
0+034,safe_reference,slight,cap_off,93.1239,A级_安全,A级_安全,A级_安全,渗流破坏,100.0
0+034,safe_reference,slight,C3_anchor100,93.1239,A级_安全,A级_安全,A级_安全,渗流破坏,100.0
0+034,safe_reference,slight,C3_anchor100_cap_off,93.1239,A级_安全,A级_安全,A级_安全,渗流破坏,100.0
0+035,safe_reference,slight,full,93.3673,A级_安全,A级_安全,A级_安全,渗流破坏,100.0
0+035,safe_reference,slight,cap_off,93.3673,A级_安全,A级_安全,A级_安全,渗流破坏,100.0
0+035,safe_reference,slight,C3_anchor100,93.3673,A级_安全,A级_安全,A级_安全,渗流破坏,100.0
0+035,safe_reference,slight,C3_anchor100_cap_off,93.3673,A级_安全,A级_安全,A级_安全,渗流破坏,100.0
0+036,safe_reference,slight,full,93.3869,A级_安全,A级_安全,A级_安全,渗流破坏,100.0
0+036,safe_reference,slight,cap_off,93.3869,A级_安全,A级_安全,A级_安全,渗流破坏,100.0
0+036,safe_reference,slight,C3_anchor100,93.3869,A级_安全,A级_安全,A级_安全,渗流破坏,100.0
0+036,safe_reference,slight,C3_anchor100_cap_off,93.3869,A级_安全,A级_安全,A级_安全,渗流破坏,100.0
0+037,safe_reference,slight,full,93.1255,A级_安全,A级_安全,A级_安全,渗流破坏,100.0
0+037,safe_reference,slight,cap_off,93.1255,A级_安全,A级_安全,A级_安全,渗流破坏,100.0
0+037,safe_reference,slight,C3_anchor100,93.1255,A级_安全,A级_安全,A级_安全,渗流破坏,100.0
0+037,safe_reference,slight,C3_anchor100_cap_off,93.1255,A级_安全,A级_安全,A级_安全,渗流破坏,100.0
0+038,safe_reference,slight,full,93.2628,A级_安全,A级_安全,A级_安全,渗流破坏,100.0
0+038,safe_reference,slight,cap_off,93.2628,A级_安全,A级_安全,A级_安全,渗流破坏,100.0
0+038,safe_reference,slight,C3_anchor100,93.2628,A级_安全,A级_安全,A级_安全,渗流破坏,100.0
0+038,safe_reference,slight,C3_anchor100_cap_off,93.2628,A级_安全,A级_安全,A级_安全,渗流破坏,100.0
0+039,safe_reference,slight,full,93.3183,A级_安全,A级_安全,A级_安全,渗流破坏,100.0
0+039,safe_reference,slight,cap_off,93.3183,A级_安全,A级_安全,A级_安全,渗流破坏,100.0
0+039,safe_reference,slight,C3_anchor100,93.3183,A级_安全,A级_安全,A级_安全,渗流破坏,100.0
0+039,safe_reference,slight,C3_anchor100_cap_off,93.3183,A级_安全,A级_安全,A级_安全,渗流破坏,100.0
0+040,safe_reference,slight,full,93.4294,A级_安全,A级_安全,A级_安全,渗流破坏,100.0
0+040,safe_reference,slight,cap_off,93.4294,A级_安全,A级_安全,A级_安全,渗流破坏,100.0
0+040,safe_reference,slight,C3_anchor100,93.4294,A级_安全,A级_安全,A级_安全,渗流破坏,100.0
0+040,safe_reference,slight,C3_anchor100_cap_off,93.4294,A级_安全,A级_安全,A级_安全,渗流破坏,100.0
0+041,safe_reference,slight,full,93.1696,A级_安全,A级_安全,A级_安全,渗流破坏,100.0
0+041,safe_reference,slight,cap_off,93.1696,A级_安全,A级_安全,A级_安全,渗流破坏,100.0
0+041,safe_reference,slight,C3_anchor100,93.1696,A级_安全,A级_安全,A级_安全,渗流破坏,100.0
0+041,safe_reference,slight,C3_anchor100_cap_off,93.1696,A级_安全,A级_安全,A级_安全,渗流破坏,100.0
0+042,safe_reference,slight,full,93.2807,A级_安全,A级_安全,A级_安全,渗流破坏,100.0
0+042,safe_reference,slight,cap_off,93.2807,A级_安全,A级_安全,A级_安全,渗流破坏,100.0
0+042,safe_reference,slight,C3_anchor100,93.2807,A级_安全,A级_安全,A级_安全,渗流破坏,100.0
0+042,safe_reference,slight,C3_anchor100_cap_off,93.2807,A级_安全,A级_安全,A级_安全,渗流破坏,100.0
0+043,safe_reference,slight,full,93.2415,A级_安全,A级_安全,A级_安全,渗流破坏,100.0
0+043,safe_reference,slight,cap_off,93.2415,A级_安全,A级_安全,A级_安全,渗流破坏,100.0
0+043,safe_reference,slight,C3_anchor100,93.2415,A级_安全,A级_安全,A级_安全,渗流破坏,100.0
0+043,safe_reference,slight,C3_anchor100_cap_off,93.2415,A级_安全,A级_安全,A级_安全,渗流破坏,100.0
0+044,safe_reference,slight,full,93.2546,A级_安全,A级_安全,A级_安全,渗流破坏,100.0
0+044,safe_reference,slight,cap_off,93.2546,A级_安全,A级_安全,A级_安全,渗流破坏,100.0
0+044,safe_reference,slight,C3_anchor100,93.2546,A级_安全,A级_安全,A级_安全,渗流破坏,100.0
0+044,safe_reference,slight,C3_anchor100_cap_off,93.2546,A级_安全,A级_安全,A级_安全,渗流破坏,100.0
0+045,safe_reference,slight,full,93.2399,A级_安全,A级_安全,A级_安全,渗流破坏,100.0
0+045,safe_reference,slight,cap_off,93.2399,A级_安全,A级_安全,A级_安全,渗流破坏,100.0
0+045,safe_reference,slight,C3_anchor100,93.2399,A级_安全,A级_安全,A级_安全,渗流破坏,100.0
0+045,safe_reference,slight,C3_anchor100_cap_off,93.2399,A级_安全,A级_安全,A级_安全,渗流破坏,100.0
0+046,safe_reference,slight,full,93.2023,A级_安全,A级_安全,A级_安全,渗流破坏,100.0
0+046,safe_reference,slight,cap_off,93.2023,A级_安全,A级_安全,A级_安全,渗流破坏,100.0
0+046,safe_reference,slight,C3_anchor100,93.2023,A级_安全,A级_安全,A级_安全,渗流破坏,100.0
0+046,safe_reference,slight,C3_anchor100_cap_off,93.2023,A级_安全,A级_安全,A级_安全,渗流破坏,100.0
0+047,safe_reference,slight,full,93.119,A级_安全,A级_安全,A级_安全,渗流破坏,100.0
0+047,safe_reference,slight,cap_off,93.119,A级_安全,A级_安全,A级_安全,渗流破坏,100.0
0+047,safe_reference,slight,C3_anchor100,93.119,A级_安全,A级_安全,A级_安全,渗流破坏,100.0
0+047,safe_reference,slight,C3_anchor100_cap_off,93.119,A级_安全,A级_安全,A级_安全,渗流破坏,100.0
0+048,safe_reference,slight,full,93.2856,A级_安全,A级_安全,A级_安全,渗流破坏,100.0
0+048,safe_reference,slight,cap_off,93.2856,A级_安全,A级_安全,A级_安全,渗流破坏,100.0
0+048,safe_reference,slight,C3_anchor100,93.2856,A级_安全,A级_安全,A级_安全,渗流破坏,100.0
0+048,safe_reference,slight,C3_anchor100_cap_off,93.2856,A级_安全,A级_安全,A级_安全,渗流破坏,100.0
0+049,safe_reference,slight,full,93.2252,A级_安全,A级_安全,A级_安全,渗流破坏,100.0
0+049,safe_reference,slight,cap_off,93.2252,A级_安全,A级_安全,A级_安全,渗流破坏,100.0
0+049,safe_reference,slight,C3_anchor100,93.2252,A级_安全,A级_安全,A级_安全,渗流破坏,100.0
0+049,safe_reference,slight,C3_anchor100_cap_off,93.2252,A级_安全,A级_安全,A级_安全,渗流破坏,100.0
0+050,safe_reference,slight,full,93.3461,A级_安全,A级_安全,A级_安全,渗流破坏,100.0
0+050,safe_reference,slight,cap_off,93.3461,A级_安全,A级_安全,A级_安全,渗流破坏,100.0
0+050,safe_reference,slight,C3_anchor100,93.3461,A级_安全,A级_安全,A级_安全,渗流破坏,100.0
0+050,safe_reference,slight,C3_anchor100_cap_off,93.3461,A级_安全,A级_安全,A级_安全,渗流破坏,100.0
0+051,safe_reference,moderate,full,90.0814,A级_安全,A级_安全,A级_安全,渗流破坏,100.0
0+051,safe_reference,moderate,cap_off,90.0814,A级_安全,A级_安全,A级_安全,渗流破坏,100.0
0+051,safe_reference,moderate,C3_anchor100,90.0814,A级_安全,A级_安全,A级_安全,渗流破坏,100.0
0+051,safe_reference,moderate,C3_anchor100_cap_off,90.0814,A级_安全,A级_安全,A级_安全,渗流破坏,100.0
0+052,safe_reference,moderate,full,90.0896,A级_安全,A级_安全,A级_安全,渗流破坏,100.0
0+052,safe_reference,moderate,cap_off,90.0896,A级_安全,A级_安全,A级_安全,渗流破坏,100.0
0+052,safe_reference,moderate,C3_anchor100,90.0896,A级_安全,A级_安全,A级_安全,渗流破坏,100.0
0+052,safe_reference,moderate,C3_anchor100_cap_off,90.0896,A级_安全,A级_安全,A级_安全,渗流破坏,100.0
0+053,safe_reference,moderate,full,90.0063,A级_安全,A级_安全,A级_安全,渗流破坏,100.0
0+053,safe_reference,moderate,cap_off,90.0063,A级_安全,A级_安全,A级_安全,渗流破坏,100.0
0+053,safe_reference,moderate,C3_anchor100,90.0063,A级_安全,A级_安全,A级_安全,渗流破坏,100.0
0+053,safe_reference,moderate,C3_anchor100_cap_off,90.0063,A级_安全,A级_安全,A级_安全,渗流破坏,100.0
0+054,safe_reference,moderate,full,89.972,A级_安全,A级_安全,A级_安全,渗流破坏,100.0
0+054,safe_reference,moderate,cap_off,89.972,A级_安全,A级_安全,A级_安全,渗流破坏,100.0
0+054,safe_reference,moderate,C3_anchor100,89.972,A级_安全,A级_安全,A级_安全,渗流破坏,100.0
0+054,safe_reference,moderate,C3_anchor100_cap_off,89.972,A级_安全,A级_安全,A级_安全,渗流破坏,100.0
0+055,safe_reference,moderate,full,90.0193,A级_安全,A级_安全,A级_安全,渗流破坏,100.0
0+055,safe_reference,moderate,cap_off,90.0193,A级_安全,A级_安全,A级_安全,渗流破坏,100.0
0+055,safe_reference,moderate,C3_anchor100,90.0193,A级_安全,A级_安全,A级_安全,渗流破坏,100.0
0+055,safe_reference,moderate,C3_anchor100_cap_off,90.0193,A级_安全,A级_安全,A级_安全,渗流破坏,100.0
0+056,safe_reference,moderate,full,89.9425,A级_安全,A级_安全,A级_安全,渗流破坏,100.0
0+056,safe_reference,moderate,cap_off,89.9425,A级_安全,A级_安全,A级_安全,渗流破坏,100.0
0+056,safe_reference,moderate,C3_anchor100,89.9425,A级_安全,A级_安全,A级_安全,渗流破坏,100.0
0+056,safe_reference,moderate,C3_anchor100_cap_off,89.9425,A级_安全,A级_安全,A级_安全,渗流破坏,100.0
0+057,safe_reference,moderate,full,89.9099,A级_安全,A级_安全,A级_安全,渗流破坏,100.0
0+057,safe_reference,moderate,cap_off,89.9099,A级_安全,A级_安全,A级_安全,渗流破坏,100.0
0+057,safe_reference,moderate,C3_anchor100,89.9099,A级_安全,A级_安全,A级_安全,渗流破坏,100.0
0+057,safe_reference,moderate,C3_anchor100_cap_off,89.9099,A级_安全,A级_安全,A级_安全,渗流破坏,100.0
0+058,safe_reference,moderate,full,89.8821,A级_安全,A级_安全,A级_安全,渗流破坏,100.0
0+058,safe_reference,moderate,cap_off,89.8821,A级_安全,A级_安全,A级_安全,渗流破坏,100.0
0+058,safe_reference,moderate,C3_anchor100,89.8821,A级_安全,A级_安全,A级_安全,渗流破坏,100.0
0+058,safe_reference,moderate,C3_anchor100_cap_off,89.8821,A级_安全,A级_安全,A级_安全,渗流破坏,100.0
0+059,safe_reference,moderate,full,89.9164,A级_安全,A级_安全,A级_安全,渗流破坏,100.0
0+059,safe_reference,moderate,cap_off,89.9164,A级_安全,A级_安全,A级_安全,渗流破坏,100.0
0+059,safe_reference,moderate,C3_anchor100,89.9164,A级_安全,A级_安全,A级_安全,渗流破坏,100.0
0+059,safe_reference,moderate,C3_anchor100_cap_off,89.9164,A级_安全,A级_安全,A级_安全,渗流破坏,100.0
0+060,safe_reference,moderate,full,90.0618,A级_安全,A级_安全,A级_安全,渗流破坏,100.0
0+060,safe_reference,moderate,cap_off,90.0618,A级_安全,A级_安全,A级_安全,渗流破坏,100.0
0+060,safe_reference,moderate,C3_anchor100,90.0618,A级_安全,A级_安全,A级_安全,渗流破坏,100.0
0+060,safe_reference,moderate,C3_anchor100_cap_off,90.0618,A级_安全,A级_安全,A级_安全,渗流破坏,100.0
0+061,safe_reference,moderate,full,90.0536,A级_安全,A级_安全,A级_安全,渗流破坏,100.0
0+061,safe_reference,moderate,cap_off,90.0536,A级_安全,A级_安全,A级_安全,渗流破坏,100.0
0+061,safe_reference,moderate,C3_anchor100,90.0536,A级_安全,A级_安全,A级_安全,渗流破坏,100.0
0+061,safe_reference,moderate,C3_anchor100_cap_off,90.0536,A级_安全,A级_安全,A级_安全,渗流破坏,100.0
0+062,safe_reference,moderate,full,89.9834,A级_安全,A级_安全,A级_安全,渗流破坏,100.0
0+062,safe_reference,moderate,cap_off,89.9834,A级_安全,A级_安全,A级_安全,渗流破坏,100.0
0+062,safe_reference,moderate,C3_anchor100,89.9834,A级_安全,A级_安全,A级_安全,渗流破坏,100.0
0+062,safe_reference,moderate,C3_anchor100_cap_off,89.9834,A级_安全,A级_安全,A级_安全,渗流破坏,100.0
0+063,safe_reference,moderate,full,89.9409,A级_安全,A级_安全,A级_安全,渗流破坏,100.0
0+063,safe_reference,moderate,cap_off,89.9409,A级_安全,A级_安全,A级_安全,渗流破坏,100.0
0+063,safe_reference,moderate,C3_anchor100,89.9409,A级_安全,A级_安全,A级_安全,渗流破坏,100.0
0+063,safe_reference,moderate,C3_anchor100_cap_off,89.9409,A级_安全,A级_安全,A级_安全,渗流破坏,100.0
0+064,safe_reference,moderate,full,90.0863,A级_安全,A级_安全,A级_安全,渗流破坏,100.0
0+064,safe_reference,moderate,cap_off,90.0863,A级_安全,A级_安全,A级_安全,渗流破坏,100.0
0+064,safe_reference,moderate,C3_anchor100,90.0863,A级_安全,A级_安全,A级_安全,渗流破坏,100.0
0+064,safe_reference,moderate,C3_anchor100_cap_off,90.0863,A级_安全,A级_安全,A级_安全,渗流破坏,100.0
0+065,safe_reference,moderate,full,89.8347,A级_安全,A级_安全,A级_安全,渗流破坏,100.0
0+065,safe_reference,moderate,cap_off,89.8347,A级_安全,A级_安全,A级_安全,渗流破坏,100.0
0+065,safe_reference,moderate,C3_anchor100,89.8347,A级_安全,A级_安全,A级_安全,渗流破坏,100.0
0+065,safe_reference,moderate,C3_anchor100_cap_off,89.8347,A级_安全,A级_安全,A级_安全,渗流破坏,100.0
0+066,safe_reference,moderate,full,89.9589,A级_安全,A级_安全,A级_安全,渗流破坏,100.0
0+066,safe_reference,moderate,cap_off,89.9589,A级_安全,A级_安全,A级_安全,渗流破坏,100.0
0+066,safe_reference,moderate,C3_anchor100,89.9589,A级_安全,A级_安全,A级_安全,渗流破坏,100.0
0+066,safe_reference,moderate,C3_anchor100_cap_off,89.9589,A级_安全,A级_安全,A级_安全,渗流破坏,100.0
0+067,safe_reference,moderate,full,89.82,A级_安全,A级_安全,A级_安全,渗流破坏,100.0
0+067,safe_reference,moderate,cap_off,89.82,A级_安全,A级_安全,A级_安全,渗流破坏,100.0
0+067,safe_reference,moderate,C3_anchor100,89.82,A级_安全,A级_安全,A级_安全,渗流破坏,100.0
0+067,safe_reference,moderate,C3_anchor100_cap_off,89.82,A级_安全,A级_安全,A级_安全,渗流破坏,100.0
0+068,safe_reference,moderate,full,89.8821,A级_安全,A级_安全,A级_安全,渗流破坏,100.0
0+068,safe_reference,moderate,cap_off,89.8821,A级_安全,A级_安全,A级_安全,渗流破坏,100.0
0+068,safe_reference,moderate,C3_anchor100,89.8821,A级_安全,A级_安全,A级_安全,渗流破坏,100.0
0+068,safe_reference,moderate,C3_anchor100_cap_off,89.8821,A级_安全,A级_安全,A级_安全,渗流破坏,100.0
0+069,safe_reference,moderate,full,89.8069,A级_安全,A级_安全,A级_安全,渗流破坏,100.0
0+069,safe_reference,moderate,cap_off,89.8069,A级_安全,A级_安全,A级_安全,渗流破坏,100.0
0+069,safe_reference,moderate,C3_anchor100,89.8069,A级_安全,A级_安全,A级_安全,渗流破坏,100.0
0+069,safe_reference,moderate,C3_anchor100_cap_off,89.8069,A级_安全,A级_安全,A级_安全,渗流破坏,100.0
0+070,safe_reference,moderate,full,89.9818,A级_安全,A级_安全,A级_安全,渗流破坏,100.0
0+070,safe_reference,moderate,cap_off,89.9818,A级_安全,A级_安全,A级_安全,渗流破坏,100.0
0+070,safe_reference,moderate,C3_anchor100,89.9818,A级_安全,A级_安全,A级_安全,渗流破坏,100.0
0+070,safe_reference,moderate,C3_anchor100_cap_off,89.9818,A级_安全,A级_安全,A级_安全,渗流破坏,100.0
0+071,safe_reference,moderate,full,89.9671,A级_安全,A级_安全,A级_安全,渗流破坏,100.0
0+071,safe_reference,moderate,cap_off,89.9671,A级_安全,A级_安全,A级_安全,渗流破坏,100.0
0+071,safe_reference,moderate,C3_anchor100,89.9671,A级_安全,A级_安全,A级_安全,渗流破坏,100.0
0+071,safe_reference,moderate,C3_anchor100_cap_off,89.9671,A级_安全,A级_安全,A级_安全,渗流破坏,100.0
0+072,safe_reference,moderate,full,89.7873,A级_安全,A级_安全,A级_安全,渗流破坏,100.0
0+072,safe_reference,moderate,cap_off,89.7873,A级_安全,A级_安全,A级_安全,渗流破坏,100.0
0+072,safe_reference,moderate,C3_anchor100,89.7873,A级_安全,A级_安全,A级_安全,渗流破坏,100.0
0+072,safe_reference,moderate,C3_anchor100_cap_off,89.7873,A级_安全,A级_安全,A级_安全,渗流破坏,100.0
0+073,safe_reference,moderate,full,90.1027,A级_安全,A级_安全,A级_安全,渗流破坏,100.0
0+073,safe_reference,moderate,cap_off,90.1027,A级_安全,A级_安全,A级_安全,渗流破坏,100.0
0+073,safe_reference,moderate,C3_anchor100,90.1027,A级_安全,A级_安全,A级_安全,渗流破坏,100.0
0+073,safe_reference,moderate,C3_anchor100_cap_off,90.1027,A级_安全,A级_安全,A级_安全,渗流破坏,100.0
0+074,safe_reference,moderate,full,90.0324,A级_安全,A级_安全,A级_安全,渗流破坏,100.0
0+074,safe_reference,moderate,cap_off,90.0324,A级_安全,A级_安全,A级_安全,渗流破坏,100.0
0+074,safe_reference,moderate,C3_anchor100,90.0324,A级_安全,A级_安全,A级_安全,渗流破坏,100.0
0+074,safe_reference,moderate,C3_anchor100_cap_off,90.0324,A级_安全,A级_安全,A级_安全,渗流破坏,100.0
0+075,safe_reference,moderate,full,89.802,A级_安全,A级_安全,A级_安全,渗流破坏,100.0
0+075,safe_reference,moderate,cap_off,89.802,A级_安全,A级_安全,A级_安全,渗流破坏,100.0
0+075,safe_reference,moderate,C3_anchor100,89.802,A级_安全,A级_安全,A级_安全,渗流破坏,100.0
0+075,safe_reference,moderate,C3_anchor100_cap_off,89.802,A级_安全,A级_安全,A级_安全,渗流破坏,100.0
0+076,safe_reference,severe,full,80.1072,A级_安全,A级_安全,B级_基本安全,边坡失稳,100.0
0+076,safe_reference,severe,cap_off,80.1072,A级_安全,A级_安全,B级_基本安全,边坡失稳,100.0
0+076,safe_reference,severe,C3_anchor100,80.1072,A级_安全,A级_安全,B级_基本安全,边坡失稳,100.0
0+076,safe_reference,severe,C3_anchor100_cap_off,80.1072,A级_安全,A级_安全,B级_基本安全,边坡失稳,100.0
0+077,safe_reference,severe,full,80.0871,A级_安全,A级_安全,B级_基本安全,边坡失稳,100.0
0+077,safe_reference,severe,cap_off,80.0871,A级_安全,A级_安全,B级_基本安全,边坡失稳,100.0
0+077,safe_reference,severe,C3_anchor100,80.0871,A级_安全,A级_安全,B级_基本安全,边坡失稳,100.0
0+077,safe_reference,severe,C3_anchor100_cap_off,80.0871,A级_安全,A级_安全,B级_基本安全,边坡失稳,100.0
0+078,safe_reference,severe,full,80.0877,A级_安全,A级_安全,B级_基本安全,边坡失稳,100.0
0+078,safe_reference,severe,cap_off,80.0877,A级_安全,A级_安全,B级_基本安全,边坡失稳,100.0
0+078,safe_reference,severe,C3_anchor100,80.0877,A级_安全,A级_安全,B级_基本安全,边坡失稳,100.0
0+078,safe_reference,severe,C3_anchor100_cap_off,80.0877,A级_安全,A级_安全,B级_基本安全,边坡失稳,100.0
0+079,safe_reference,severe,full,80.1361,A级_安全,A级_安全,B级_基本安全,边坡失稳,100.0
0+079,safe_reference,severe,cap_off,80.1361,A级_安全,A级_安全,B级_基本安全,边坡失稳,100.0
0+079,safe_reference,severe,C3_anchor100,80.1361,A级_安全,A级_安全,B级_基本安全,边坡失稳,100.0
0+079,safe_reference,severe,C3_anchor100_cap_off,80.1361,A级_安全,A级_安全,B级_基本安全,边坡失稳,100.0
0+080,safe_reference,severe,full,80.1192,A级_安全,A级_安全,B级_基本安全,边坡失稳,100.0
0+080,safe_reference,severe,cap_off,80.1192,A级_安全,A级_安全,B级_基本安全,边坡失稳,100.0
0+080,safe_reference,severe,C3_anchor100,80.1192,A级_安全,A级_安全,B级_基本安全,边坡失稳,100.0
0+080,safe_reference,severe,C3_anchor100_cap_off,80.1192,A级_安全,A级_安全,B级_基本安全,边坡失稳,100.0
0+081,safe_reference,severe,full,80.1263,A级_安全,A级_安全,B级_基本安全,边坡失稳,100.0
0+081,safe_reference,severe,cap_off,80.1263,A级_安全,A级_安全,B级_基本安全,边坡失稳,100.0
0+081,safe_reference,severe,C3_anchor100,80.1263,A级_安全,A级_安全,B级_基本安全,边坡失稳,100.0
0+081,safe_reference,severe,C3_anchor100_cap_off,80.1263,A级_安全,A级_安全,B级_基本安全,边坡失稳,100.0
0+082,safe_reference,severe,full,80.0697,A级_安全,A级_安全,B级_基本安全,边坡失稳,100.0
0+082,safe_reference,severe,cap_off,80.0697,A级_安全,A级_安全,B级_基本安全,边坡失稳,100.0
0+082,safe_reference,severe,C3_anchor100,80.0697,A级_安全,A级_安全,B级_基本安全,边坡失稳,100.0
0+082,safe_reference,severe,C3_anchor100_cap_off,80.0697,A级_安全,A级_安全,B级_基本安全,边坡失稳,100.0
0+083,safe_reference,severe,full,80.1279,A级_安全,A级_安全,B级_基本安全,边坡失稳,100.0
0+083,safe_reference,severe,cap_off,80.1279,A级_安全,A级_安全,B级_基本安全,边坡失稳,100.0
0+083,safe_reference,severe,C3_anchor100,80.1279,A级_安全,A级_安全,B级_基本安全,边坡失稳,100.0
0+083,safe_reference,severe,C3_anchor100_cap_off,80.1279,A级_安全,A级_安全,B级_基本安全,边坡失稳,100.0
0+084,safe_reference,severe,full,80.0985,A级_安全,A级_安全,B级_基本安全,边坡失稳,100.0
0+084,safe_reference,severe,cap_off,80.0985,A级_安全,A级_安全,B级_基本安全,边坡失稳,100.0
0+084,safe_reference,severe,C3_anchor100,80.0985,A级_安全,A级_安全,B级_基本安全,边坡失稳,100.0
0+084,safe_reference,severe,C3_anchor100_cap_off,80.0985,A级_安全,A级_安全,B级_基本安全,边坡失稳,100.0
0+085,safe_reference,severe,full,80.1002,A级_安全,A级_安全,B级_基本安全,边坡失稳,100.0
0+085,safe_reference,severe,cap_off,80.1002,A级_安全,A级_安全,B级_基本安全,边坡失稳,100.0
0+085,safe_reference,severe,C3_anchor100,80.1002,A级_安全,A级_安全,B级_基本安全,边坡失稳,100.0
0+085,safe_reference,severe,C3_anchor100_cap_off,80.1002,A级_安全,A级_安全,B级_基本安全,边坡失稳,100.0
0+086,safe_reference,severe,full,80.1301,A级_安全,A级_安全,B级_基本安全,边坡失稳,100.0
0+086,safe_reference,severe,cap_off,80.1301,A级_安全,A级_安全,B级_基本安全,边坡失稳,100.0
0+086,safe_reference,severe,C3_anchor100,80.1301,A级_安全,A级_安全,B级_基本安全,边坡失稳,100.0
0+086,safe_reference,severe,C3_anchor100_cap_off,80.1301,A级_安全,A级_安全,B级_基本安全,边坡失稳,100.0
0+087,safe_reference,severe,full,80.1459,A级_安全,A级_安全,B级_基本安全,边坡失稳,100.0
0+087,safe_reference,severe,cap_off,80.1459,A级_安全,A级_安全,B级_基本安全,边坡失稳,100.0
0+087,safe_reference,severe,C3_anchor100,80.1459,A级_安全,A级_安全,B级_基本安全,边坡失稳,100.0
0+087,safe_reference,severe,C3_anchor100_cap_off,80.1459,A级_安全,A级_安全,B级_基本安全,边坡失稳,100.0
0+088,safe_reference,severe,full,80.0741,A级_安全,A级_安全,B级_基本安全,边坡失稳,100.0
0+088,safe_reference,severe,cap_off,80.0741,A级_安全,A级_安全,B级_基本安全,边坡失稳,100.0
0+088,safe_reference,severe,C3_anchor100,80.0741,A级_安全,A级_安全,B级_基本安全,边坡失稳,100.0
0+088,safe_reference,severe,C3_anchor100_cap_off,80.0741,A级_安全,A级_安全,B级_基本安全,边坡失稳,100.0
0+089,safe_reference,severe,full,80.1655,A级_安全,A级_安全,B级_基本安全,边坡失稳,100.0
0+089,safe_reference,severe,cap_off,80.1655,A级_安全,A级_安全,B级_基本安全,边坡失稳,100.0
0+089,safe_reference,severe,C3_anchor100,80.1655,A级_安全,A级_安全,B级_基本安全,边坡失稳,100.0
0+089,safe_reference,severe,C3_anchor100_cap_off,80.1655,A级_安全,A级_安全,B级_基本安全,边坡失稳,100.0
0+090,safe_reference,severe,full,80.1317,A级_安全,A级_安全,B级_基本安全,边坡失稳,100.0
0+090,safe_reference,severe,cap_off,80.1317,A级_安全,A级_安全,B级_基本安全,边坡失稳,100.0
0+090,safe_reference,severe,C3_anchor100,80.1317,A级_安全,A级_安全,B级_基本安全,边坡失稳,100.0
0+090,safe_reference,severe,C3_anchor100_cap_off,80.1317,A级_安全,A级_安全,B级_基本安全,边坡失稳,100.0
0+091,safe_reference,severe,full,80.0806,A级_安全,A级_安全,B级_基本安全,边坡失稳,100.0
0+091,safe_reference,severe,cap_off,80.0806,A级_安全,A级_安全,B级_基本安全,边坡失稳,100.0
0+091,safe_reference,severe,C3_anchor100,80.0806,A级_安全,A级_安全,B级_基本安全,边坡失稳,100.0
0+091,safe_reference,severe,C3_anchor100_cap_off,80.0806,A级_安全,A级_安全,B级_基本安全,边坡失稳,100.0
0+092,safe_reference,severe,full,80.0811,A级_安全,A级_安全,B级_基本安全,边坡失稳,100.0
0+092,safe_reference,severe,cap_off,80.0811,A级_安全,A级_安全,B级_基本安全,边坡失稳,100.0
0+092,safe_reference,severe,C3_anchor100,80.0811,A级_安全,A级_安全,B级_基本安全,边坡失稳,100.0
0+092,safe_reference,severe,C3_anchor100_cap_off,80.0811,A级_安全,A级_安全,B级_基本安全,边坡失稳,100.0
0+093,safe_reference,severe,full,80.1187,A级_安全,A级_安全,B级_基本安全,边坡失稳,100.0
0+093,safe_reference,severe,cap_off,80.1187,A级_安全,A级_安全,B级_基本安全,边坡失稳,100.0
0+093,safe_reference,severe,C3_anchor100,80.1187,A级_安全,A级_安全,B级_基本安全,边坡失稳,100.0
0+093,safe_reference,severe,C3_anchor100_cap_off,80.1187,A级_安全,A级_安全,B级_基本安全,边坡失稳,100.0
0+094,safe_reference,severe,full,80.0762,A级_安全,A级_安全,B级_基本安全,边坡失稳,100.0
0+094,safe_reference,severe,cap_off,80.0762,A级_安全,A级_安全,B级_基本安全,边坡失稳,100.0
0+094,safe_reference,severe,C3_anchor100,80.0762,A级_安全,A级_安全,B级_基本安全,边坡失稳,100.0
0+094,safe_reference,severe,C3_anchor100_cap_off,80.0762,A级_安全,A级_安全,B级_基本安全,边坡失稳,100.0
0+095,safe_reference,severe,full,80.1421,A级_安全,A级_安全,B级_基本安全,边坡失稳,100.0
0+095,safe_reference,severe,cap_off,80.1421,A级_安全,A级_安全,B级_基本安全,边坡失稳,100.0
0+095,safe_reference,severe,C3_anchor100,80.1421,A级_安全,A级_安全,B级_基本安全,边坡失稳,100.0
0+095,safe_reference,severe,C3_anchor100_cap_off,80.1421,A级_安全,A级_安全,B级_基本安全,边坡失稳,100.0
0+096,safe_reference,severe,full,80.1002,A级_安全,A级_安全,B级_基本安全,边坡失稳,100.0
0+096,safe_reference,severe,cap_off,80.1002,A级_安全,A级_安全,B级_基本安全,边坡失稳,100.0
0+096,safe_reference,severe,C3_anchor100,80.1002,A级_安全,A级_安全,B级_基本安全,边坡失稳,100.0
0+096,safe_reference,severe,C3_anchor100_cap_off,80.1002,A级_安全,A级_安全,B级_基本安全,边坡失稳,100.0
0+097,safe_reference,severe,full,80.0784,A级_安全,A级_安全,B级_基本安全,边坡失稳,100.0
0+097,safe_reference,severe,cap_off,80.0784,A级_安全,A级_安全,B级_基本安全,边坡失稳,100.0
0+097,safe_reference,severe,C3_anchor100,80.0784,A级_安全,A级_安全,B级_基本安全,边坡失稳,100.0
0+097,safe_reference,severe,C3_anchor100_cap_off,80.0784,A级_安全,A级_安全,B级_基本安全,边坡失稳,100.0
0+098,safe_reference,severe,full,80.1437,A级_安全,A级_安全,B级_基本安全,边坡失稳,100.0
0+098,safe_reference,severe,cap_off,80.1437,A级_安全,A级_安全,B级_基本安全,边坡失稳,100.0
0+098,safe_reference,severe,C3_anchor100,80.1437,A级_安全,A级_安全,B级_基本安全,边坡失稳,100.0
0+098,safe_reference,severe,C3_anchor100_cap_off,80.1437,A级_安全,A级_安全,B级_基本安全,边坡失稳,100.0
0+099,safe_reference,severe,full,80.1062,A级_安全,A级_安全,B级_基本安全,边坡失稳,100.0
0+099,safe_reference,severe,cap_off,80.1062,A级_安全,A级_安全,B级_基本安全,边坡失稳,100.0
0+099,safe_reference,severe,C3_anchor100,80.1062,A级_安全,A级_安全,B级_基本安全,边坡失稳,100.0
0+099,safe_reference,severe,C3_anchor100_cap_off,80.1062,A级_安全,A级_安全,B级_基本安全,边坡失稳,100.0
0+100,safe_reference,severe,full,80.16,A级_安全,A级_安全,B级_基本安全,边坡失稳,100.0
0+100,safe_reference,severe,cap_off,80.16,A级_安全,A级_安全,B级_基本安全,边坡失稳,100.0
0+100,safe_reference,severe,C3_anchor100,80.16,A级_安全,A级_安全,B级_基本安全,边坡失稳,100.0
0+100,safe_reference,severe,C3_anchor100_cap_off,80.16,A级_安全,A级_安全,B级_基本安全,边坡失稳,100.0
0+101,safe_reference,critical,full,79.8398,B级_基本安全,B级_基本安全,C级_不安全,边坡失稳,100.0
0+101,safe_reference,critical,cap_off,79.8398,B级_基本安全,B级_基本安全,C级_不安全,边坡失稳,100.0
0+101,safe_reference,critical,C3_anchor100,79.8398,B级_基本安全,B级_基本安全,C级_不安全,边坡失稳,100.0
0+101,safe_reference,critical,C3_anchor100_cap_off,79.8398,B级_基本安全,B级_基本安全,C级_不安全,边坡失稳,100.0
0+102,safe_reference,critical,full,79.8752,B级_基本安全,B级_基本安全,C级_不安全,边坡失稳,100.0
0+102,safe_reference,critical,cap_off,79.8752,B级_基本安全,B级_基本安全,C级_不安全,边坡失稳,100.0
0+102,safe_reference,critical,C3_anchor100,79.8752,B级_基本安全,B级_基本安全,C级_不安全,边坡失稳,100.0
0+102,safe_reference,critical,C3_anchor100_cap_off,79.8752,B级_基本安全,B级_基本安全,C级_不安全,边坡失稳,100.0
0+103,safe_reference,critical,full,79.8333,B级_基本安全,B级_基本安全,C级_不安全,边坡失稳,100.0
0+103,safe_reference,critical,cap_off,79.8333,B级_基本安全,B级_基本安全,C级_不安全,边坡失稳,100.0
0+103,safe_reference,critical,C3_anchor100,79.8333,B级_基本安全,B级_基本安全,C级_不安全,边坡失稳,100.0
0+103,safe_reference,critical,C3_anchor100_cap_off,79.8333,B级_基本安全,B级_基本安全,C级_不安全,边坡失稳,100.0
0+104,safe_reference,critical,full,79.8926,B级_基本安全,B级_基本安全,C级_不安全,边坡失稳,100.0
0+104,safe_reference,critical,cap_off,79.8926,B级_基本安全,B级_基本安全,C级_不安全,边坡失稳,100.0
0+104,safe_reference,critical,C3_anchor100,79.8926,B级_基本安全,B级_基本安全,C级_不安全,边坡失稳,100.0
0+104,safe_reference,critical,C3_anchor100_cap_off,79.8926,B级_基本安全,B级_基本安全,C级_不安全,边坡失稳,100.0
0+105,safe_reference,critical,full,79.9095,B级_基本安全,B级_基本安全,C级_不安全,边坡失稳,100.0
0+105,safe_reference,critical,cap_off,79.9095,B级_基本安全,B级_基本安全,C级_不安全,边坡失稳,100.0
0+105,safe_reference,critical,C3_anchor100,79.9095,B级_基本安全,B级_基本安全,C级_不安全,边坡失稳,100.0
0+105,safe_reference,critical,C3_anchor100_cap_off,79.9095,B级_基本安全,B级_基本安全,C级_不安全,边坡失稳,100.0
0+106,safe_reference,critical,full,79.8746,B级_基本安全,B级_基本安全,C级_不安全,边坡失稳,100.0
0+106,safe_reference,critical,cap_off,79.8746,B级_基本安全,B级_基本安全,C级_不安全,边坡失稳,100.0
0+106,safe_reference,critical,C3_anchor100,79.8746,B级_基本安全,B级_基本安全,C级_不安全,边坡失稳,100.0
0+106,safe_reference,critical,C3_anchor100_cap_off,79.8746,B级_基本安全,B级_基本安全,C级_不安全,边坡失稳,100.0
0+107,safe_reference,critical,full,79.8589,B级_基本安全,B级_基本安全,C级_不安全,边坡失稳,100.0
0+107,safe_reference,critical,cap_off,79.8589,B级_基本安全,B级_基本安全,C级_不安全,边坡失稳,100.0
0+107,safe_reference,critical,C3_anchor100,79.8589,B级_基本安全,B级_基本安全,C级_不安全,边坡失稳,100.0
0+107,safe_reference,critical,C3_anchor100_cap_off,79.8589,B级_基本安全,B级_基本安全,C级_不安全,边坡失稳,100.0
0+108,safe_reference,critical,full,79.8681,B级_基本安全,B级_基本安全,C级_不安全,边坡失稳,100.0
0+108,safe_reference,critical,cap_off,79.8681,B级_基本安全,B级_基本安全,C级_不安全,边坡失稳,100.0
0+108,safe_reference,critical,C3_anchor100,79.8681,B级_基本安全,B级_基本安全,C级_不安全,边坡失稳,100.0
0+108,safe_reference,critical,C3_anchor100_cap_off,79.8681,B级_基本安全,B级_基本安全,C级_不安全,边坡失稳,100.0
0+109,safe_reference,critical,full,79.8463,B级_基本安全,B级_基本安全,C级_不安全,边坡失稳,100.0
0+109,safe_reference,critical,cap_off,79.8463,B级_基本安全,B级_基本安全,C级_不安全,边坡失稳,100.0
0+109,safe_reference,critical,C3_anchor100,79.8463,B级_基本安全,B级_基本安全,C级_不安全,边坡失稳,100.0
0+109,safe_reference,critical,C3_anchor100_cap_off,79.8463,B级_基本安全,B级_基本安全,C级_不安全,边坡失稳,100.0
0+110,safe_reference,critical,full,79.8148,B级_基本安全,B级_基本安全,C级_不安全,边坡失稳,100.0
0+110,safe_reference,critical,cap_off,79.8148,B级_基本安全,B级_基本安全,C级_不安全,边坡失稳,100.0
0+110,safe_reference,critical,C3_anchor100,79.8148,B级_基本安全,B级_基本安全,C级_不安全,边坡失稳,100.0
0+110,safe_reference,critical,C3_anchor100_cap_off,79.8148,B级_基本安全,B级_基本安全,C级_不安全,边坡失稳,100.0
0+111,safe_reference,critical,full,79.8561,B级_基本安全,B级_基本安全,C级_不安全,边坡失稳,100.0
0+111,safe_reference,critical,cap_off,79.8561,B级_基本安全,B级_基本安全,C级_不安全,边坡失稳,100.0
0+111,safe_reference,critical,C3_anchor100,79.8561,B级_基本安全,B级_基本安全,C级_不安全,边坡失稳,100.0
0+111,safe_reference,critical,C3_anchor100_cap_off,79.8561,B级_基本安全,B级_基本安全,C级_不安全,边坡失稳,100.0
0+112,safe_reference,critical,full,79.8322,B级_基本安全,B级_基本安全,C级_不安全,边坡失稳,100.0
0+112,safe_reference,critical,cap_off,79.8322,B级_基本安全,B级_基本安全,C级_不安全,边坡失稳,100.0
0+112,safe_reference,critical,C3_anchor100,79.8322,B级_基本安全,B级_基本安全,C级_不安全,边坡失稳,100.0
0+112,safe_reference,critical,C3_anchor100_cap_off,79.8322,B级_基本安全,B级_基本安全,C级_不安全,边坡失稳,100.0
0+113,safe_reference,critical,full,79.8333,B级_基本安全,B级_基本安全,C级_不安全,边坡失稳,100.0
0+113,safe_reference,critical,cap_off,79.8333,B级_基本安全,B级_基本安全,C级_不安全,边坡失稳,100.0
0+113,safe_reference,critical,C3_anchor100,79.8333,B级_基本安全,B级_基本安全,C级_不安全,边坡失稳,100.0
0+113,safe_reference,critical,C3_anchor100_cap_off,79.8333,B级_基本安全,B级_基本安全,C级_不安全,边坡失稳,100.0
0+114,safe_reference,critical,full,79.8583,B级_基本安全,B级_基本安全,C级_不安全,边坡失稳,100.0
0+114,safe_reference,critical,cap_off,79.8583,B级_基本安全,B级_基本安全,C级_不安全,边坡失稳,100.0
0+114,safe_reference,critical,C3_anchor100,79.8583,B级_基本安全,B级_基本安全,C级_不安全,边坡失稳,100.0
0+114,safe_reference,critical,C3_anchor100_cap_off,79.8583,B级_基本安全,B级_基本安全,C级_不安全,边坡失稳,100.0
0+115,safe_reference,critical,full,79.8447,B级_基本安全,B级_基本安全,C级_不安全,边坡失稳,100.0
0+115,safe_reference,critical,cap_off,79.8447,B级_基本安全,B级_基本安全,C级_不安全,边坡失稳,100.0
0+115,safe_reference,critical,C3_anchor100,79.8447,B级_基本安全,B级_基本安全,C级_不安全,边坡失稳,100.0
0+115,safe_reference,critical,C3_anchor100_cap_off,79.8447,B级_基本安全,B级_基本安全,C级_不安全,边坡失稳,100.0
0+116,safe_reference,critical,full,79.8502,B级_基本安全,B级_基本安全,C级_不安全,边坡失稳,100.0
0+116,safe_reference,critical,cap_off,79.8502,B级_基本安全,B级_基本安全,C级_不安全,边坡失稳,100.0
0+116,safe_reference,critical,C3_anchor100,79.8502,B级_基本安全,B级_基本安全,C级_不安全,边坡失稳,100.0
0+116,safe_reference,critical,C3_anchor100_cap_off,79.8502,B级_基本安全,B级_基本安全,C级_不安全,边坡失稳,100.0
0+117,safe_reference,critical,full,79.8039,B级_基本安全,B级_基本安全,C级_不安全,边坡失稳,100.0
0+117,safe_reference,critical,cap_off,79.8039,B级_基本安全,B级_基本安全,C级_不安全,边坡失稳,100.0
0+117,safe_reference,critical,C3_anchor100,79.8039,B级_基本安全,B级_基本安全,C级_不安全,边坡失稳,100.0
0+117,safe_reference,critical,C3_anchor100_cap_off,79.8039,B级_基本安全,B级_基本安全,C级_不安全,边坡失稳,100.0
0+118,safe_reference,critical,full,79.8039,B级_基本安全,B级_基本安全,C级_不安全,边坡失稳,100.0
0+118,safe_reference,critical,cap_off,79.8039,B级_基本安全,B级_基本安全,C级_不安全,边坡失稳,100.0
0+118,safe_reference,critical,C3_anchor100,79.8039,B级_基本安全,B级_基本安全,C级_不安全,边坡失稳,100.0
0+118,safe_reference,critical,C3_anchor100_cap_off,79.8039,B级_基本安全,B级_基本安全,C级_不安全,边坡失稳,100.0
0+119,safe_reference,critical,full,79.8741,B级_基本安全,B级_基本安全,C级_不安全,边坡失稳,100.0
0+119,safe_reference,critical,cap_off,79.8741,B级_基本安全,B级_基本安全,C级_不安全,边坡失稳,100.0
0+119,safe_reference,critical,C3_anchor100,79.8741,B级_基本安全,B级_基本安全,C级_不安全,边坡失稳,100.0
0+119,safe_reference,critical,C3_anchor100_cap_off,79.8741,B级_基本安全,B级_基本安全,C级_不安全,边坡失稳,100.0
0+120,safe_reference,critical,full,79.8104,B级_基本安全,B级_基本安全,C级_不安全,边坡失稳,100.0
0+120,safe_reference,critical,cap_off,79.8104,B级_基本安全,B级_基本安全,C级_不安全,边坡失稳,100.0
0+120,safe_reference,critical,C3_anchor100,79.8104,B级_基本安全,B级_基本安全,C级_不安全,边坡失稳,100.0
0+120,safe_reference,critical,C3_anchor100_cap_off,79.8104,B级_基本安全,B级_基本安全,C级_不安全,边坡失稳,100.0
0+121,safe_reference,critical,full,79.8752,B级_基本安全,B级_基本安全,C级_不安全,边坡失稳,100.0
0+121,safe_reference,critical,cap_off,79.8752,B级_基本安全,B级_基本安全,C级_不安全,边坡失稳,100.0
0+121,safe_reference,critical,C3_anchor100,79.8752,B级_基本安全,B级_基本安全,C级_不安全,边坡失稳,100.0
0+121,safe_reference,critical,C3_anchor100_cap_off,79.8752,B级_基本安全,B级_基本安全,C级_不安全,边坡失稳,100.0
0+122,safe_reference,critical,full,79.8703,B级_基本安全,B级_基本安全,C级_不安全,边坡失稳,100.0
0+122,safe_reference,critical,cap_off,79.8703,B级_基本安全,B级_基本安全,C级_不安全,边坡失稳,100.0
0+122,safe_reference,critical,C3_anchor100,79.8703,B级_基本安全,B级_基本安全,C级_不安全,边坡失稳,100.0
0+122,safe_reference,critical,C3_anchor100_cap_off,79.8703,B级_基本安全,B级_基本安全,C级_不安全,边坡失稳,100.0
0+123,safe_reference,critical,full,79.8888,B级_基本安全,B级_基本安全,C级_不安全,边坡失稳,100.0
0+123,safe_reference,critical,cap_off,79.8888,B级_基本安全,B级_基本安全,C级_不安全,边坡失稳,100.0
0+123,safe_reference,critical,C3_anchor100,79.8888,B级_基本安全,B级_基本安全,C级_不安全,边坡失稳,100.0
0+123,safe_reference,critical,C3_anchor100_cap_off,79.8888,B级_基本安全,B级_基本安全,C级_不安全,边坡失稳,100.0
0+124,safe_reference,critical,full,79.9056,B级_基本安全,B级_基本安全,C级_不安全,边坡失稳,100.0
0+124,safe_reference,critical,cap_off,79.9056,B级_基本安全,B级_基本安全,C级_不安全,边坡失稳,100.0
0+124,safe_reference,critical,C3_anchor100,79.9056,B级_基本安全,B级_基本安全,C级_不安全,边坡失稳,100.0
0+124,safe_reference,critical,C3_anchor100_cap_off,79.9056,B级_基本安全,B级_基本安全,C级_不安全,边坡失稳,100.0
0+125,safe_reference,critical,full,79.8137,B级_基本安全,B级_基本安全,C级_不安全,边坡失稳,100.0
0+125,safe_reference,critical,cap_off,79.8137,B级_基本安全,B级_基本安全,C级_不安全,边坡失稳,100.0
0+125,safe_reference,critical,C3_anchor100,79.8137,B级_基本安全,B级_基本安全,C级_不安全,边坡失稳,100.0
0+125,safe_reference,critical,C3_anchor100_cap_off,79.8137,B级_基本安全,B级_基本安全,C级_不安全,边坡失稳,100.0
0+126,overtopping,safe,full,96.0493,A级_安全,A级_安全,A级_安全,渗流破坏,100.0
0+126,overtopping,safe,cap_off,96.0493,A级_安全,A级_安全,A级_安全,渗流破坏,100.0
0+126,overtopping,safe,C3_anchor100,96.0493,A级_安全,A级_安全,A级_安全,渗流破坏,100.0
0+126,overtopping,safe,C3_anchor100_cap_off,96.0493,A级_安全,A级_安全,A级_安全,渗流破坏,100.0
0+127,overtopping,safe,full,96.0493,A级_安全,A级_安全,A级_安全,渗流破坏,100.0
0+127,overtopping,safe,cap_off,96.0493,A级_安全,A级_安全,A级_安全,渗流破坏,100.0
0+127,overtopping,safe,C3_anchor100,96.0493,A级_安全,A级_安全,A级_安全,渗流破坏,100.0
0+127,overtopping,safe,C3_anchor100_cap_off,96.0493,A级_安全,A级_安全,A级_安全,渗流破坏,100.0
0+128,overtopping,safe,full,96.0493,A级_安全,A级_安全,A级_安全,渗流破坏,100.0
0+128,overtopping,safe,cap_off,96.0493,A级_安全,A级_安全,A级_安全,渗流破坏,100.0
0+128,overtopping,safe,C3_anchor100,96.0493,A级_安全,A级_安全,A级_安全,渗流破坏,100.0
0+128,overtopping,safe,C3_anchor100_cap_off,96.0493,A级_安全,A级_安全,A级_安全,渗流破坏,100.0
0+129,overtopping,safe,full,96.0493,A级_安全,A级_安全,A级_安全,渗流破坏,100.0
0+129,overtopping,safe,cap_off,96.0493,A级_安全,A级_安全,A级_安全,渗流破坏,100.0
0+129,overtopping,safe,C3_anchor100,96.0493,A级_安全,A级_安全,A级_安全,渗流破坏,100.0
0+129,overtopping,safe,C3_anchor100_cap_off,96.0493,A级_安全,A级_安全,A级_安全,渗流破坏,100.0
0+130,overtopping,safe,full,96.0493,A级_安全,A级_安全,A级_安全,渗流破坏,100.0
0+130,overtopping,safe,cap_off,96.0493,A级_安全,A级_安全,A级_安全,渗流破坏,100.0
0+130,overtopping,safe,C3_anchor100,96.0493,A级_安全,A级_安全,A级_安全,渗流破坏,100.0
0+130,overtopping,safe,C3_anchor100_cap_off,96.0493,A级_安全,A级_安全,A级_安全,渗流破坏,100.0
0+131,overtopping,safe,full,96.0493,A级_安全,A级_安全,A级_安全,渗流破坏,100.0
0+131,overtopping,safe,cap_off,96.0493,A级_安全,A级_安全,A级_安全,渗流破坏,100.0
0+131,overtopping,safe,C3_anchor100,96.0493,A级_安全,A级_安全,A级_安全,渗流破坏,100.0
0+131,overtopping,safe,C3_anchor100_cap_off,96.0493,A级_安全,A级_安全,A级_安全,渗流破坏,100.0
0+132,overtopping,safe,full,96.0493,A级_安全,A级_安全,A级_安全,渗流破坏,100.0
0+132,overtopping,safe,cap_off,96.0493,A级_安全,A级_安全,A级_安全,渗流破坏,100.0
0+132,overtopping,safe,C3_anchor100,96.0493,A级_安全,A级_安全,A级_安全,渗流破坏,100.0
0+132,overtopping,safe,C3_anchor100_cap_off,96.0493,A级_安全,A级_安全,A级_安全,渗流破坏,100.0
0+133,overtopping,safe,full,96.0493,A级_安全,A级_安全,A级_安全,渗流破坏,100.0
0+133,overtopping,safe,cap_off,96.0493,A级_安全,A级_安全,A级_安全,渗流破坏,100.0
0+133,overtopping,safe,C3_anchor100,96.0493,A级_安全,A级_安全,A级_安全,渗流破坏,100.0
0+133,overtopping,safe,C3_anchor100_cap_off,96.0493,A级_安全,A级_安全,A级_安全,渗流破坏,100.0
0+134,overtopping,safe,full,96.0493,A级_安全,A级_安全,A级_安全,渗流破坏,100.0
0+134,overtopping,safe,cap_off,96.0493,A级_安全,A级_安全,A级_安全,渗流破坏,100.0
0+134,overtopping,safe,C3_anchor100,96.0493,A级_安全,A级_安全,A级_安全,渗流破坏,100.0
0+134,overtopping,safe,C3_anchor100_cap_off,96.0493,A级_安全,A级_安全,A级_安全,渗流破坏,100.0
0+135,overtopping,safe,full,96.0493,A级_安全,A级_安全,A级_安全,渗流破坏,100.0
0+135,overtopping,safe,cap_off,96.0493,A级_安全,A级_安全,A级_安全,渗流破坏,100.0
0+135,overtopping,safe,C3_anchor100,96.0493,A级_安全,A级_安全,A级_安全,渗流破坏,100.0
0+135,overtopping,safe,C3_anchor100_cap_off,96.0493,A级_安全,A级_安全,A级_安全,渗流破坏,100.0
0+136,overtopping,safe,full,96.0493,A级_安全,A级_安全,A级_安全,渗流破坏,100.0
0+136,overtopping,safe,cap_off,96.0493,A级_安全,A级_安全,A级_安全,渗流破坏,100.0
0+136,overtopping,safe,C3_anchor100,96.0493,A级_安全,A级_安全,A级_安全,渗流破坏,100.0
0+136,overtopping,safe,C3_anchor100_cap_off,96.0493,A级_安全,A级_安全,A级_安全,渗流破坏,100.0
0+137,overtopping,safe,full,96.0493,A级_安全,A级_安全,A级_安全,渗流破坏,100.0
0+137,overtopping,safe,cap_off,96.0493,A级_安全,A级_安全,A级_安全,渗流破坏,100.0
0+137,overtopping,safe,C3_anchor100,96.0493,A级_安全,A级_安全,A级_安全,渗流破坏,100.0
0+137,overtopping,safe,C3_anchor100_cap_off,96.0493,A级_安全,A级_安全,A级_安全,渗流破坏,100.0
0+138,overtopping,safe,full,96.0493,A级_安全,A级_安全,A级_安全,渗流破坏,100.0
0+138,overtopping,safe,cap_off,96.0493,A级_安全,A级_安全,A级_安全,渗流破坏,100.0
0+138,overtopping,safe,C3_anchor100,96.0493,A级_安全,A级_安全,A级_安全,渗流破坏,100.0
0+138,overtopping,safe,C3_anchor100_cap_off,96.0493,A级_安全,A级_安全,A级_安全,渗流破坏,100.0
0+139,overtopping,safe,full,96.0493,A级_安全,A级_安全,A级_安全,渗流破坏,100.0
0+139,overtopping,safe,cap_off,96.0493,A级_安全,A级_安全,A级_安全,渗流破坏,100.0
0+139,overtopping,safe,C3_anchor100,96.0493,A级_安全,A级_安全,A级_安全,渗流破坏,100.0
0+139,overtopping,safe,C3_anchor100_cap_off,96.0493,A级_安全,A级_安全,A级_安全,渗流破坏,100.0
0+140,overtopping,safe,full,96.0493,A级_安全,A级_安全,A级_安全,渗流破坏,100.0
0+140,overtopping,safe,cap_off,96.0493,A级_安全,A级_安全,A级_安全,渗流破坏,100.0
0+140,overtopping,safe,C3_anchor100,96.0493,A级_安全,A级_安全,A级_安全,渗流破坏,100.0
0+140,overtopping,safe,C3_anchor100_cap_off,96.0493,A级_安全,A级_安全,A级_安全,渗流破坏,100.0
0+141,overtopping,safe,full,96.0493,A级_安全,A级_安全,A级_安全,渗流破坏,100.0
0+141,overtopping,safe,cap_off,96.0493,A级_安全,A级_安全,A级_安全,渗流破坏,100.0
0+141,overtopping,safe,C3_anchor100,96.0493,A级_安全,A级_安全,A级_安全,渗流破坏,100.0
0+141,overtopping,safe,C3_anchor100_cap_off,96.0493,A级_安全,A级_安全,A级_安全,渗流破坏,100.0
0+142,overtopping,safe,full,96.0493,A级_安全,A级_安全,A级_安全,渗流破坏,100.0
0+142,overtopping,safe,cap_off,96.0493,A级_安全,A级_安全,A级_安全,渗流破坏,100.0
0+142,overtopping,safe,C3_anchor100,96.0493,A级_安全,A级_安全,A级_安全,渗流破坏,100.0
0+142,overtopping,safe,C3_anchor100_cap_off,96.0493,A级_安全,A级_安全,A级_安全,渗流破坏,100.0
0+143,overtopping,safe,full,96.0493,A级_安全,A级_安全,A级_安全,渗流破坏,100.0
0+143,overtopping,safe,cap_off,96.0493,A级_安全,A级_安全,A级_安全,渗流破坏,100.0
0+143,overtopping,safe,C3_anchor100,96.0493,A级_安全,A级_安全,A级_安全,渗流破坏,100.0
0+143,overtopping,safe,C3_anchor100_cap_off,96.0493,A级_安全,A级_安全,A级_安全,渗流破坏,100.0
0+144,overtopping,safe,full,96.0493,A级_安全,A级_安全,A级_安全,渗流破坏,100.0
0+144,overtopping,safe,cap_off,96.0493,A级_安全,A级_安全,A级_安全,渗流破坏,100.0
0+144,overtopping,safe,C3_anchor100,96.0493,A级_安全,A级_安全,A级_安全,渗流破坏,100.0
0+144,overtopping,safe,C3_anchor100_cap_off,96.0493,A级_安全,A级_安全,A级_安全,渗流破坏,100.0
0+145,overtopping,safe,full,96.0493,A级_安全,A级_安全,A级_安全,渗流破坏,100.0
0+145,overtopping,safe,cap_off,96.0493,A级_安全,A级_安全,A级_安全,渗流破坏,100.0
0+145,overtopping,safe,C3_anchor100,96.0493,A级_安全,A级_安全,A级_安全,渗流破坏,100.0
0+145,overtopping,safe,C3_anchor100_cap_off,96.0493,A级_安全,A级_安全,A级_安全,渗流破坏,100.0
0+146,overtopping,safe,full,96.0493,A级_安全,A级_安全,A级_安全,渗流破坏,100.0
0+146,overtopping,safe,cap_off,96.0493,A级_安全,A级_安全,A级_安全,渗流破坏,100.0
0+146,overtopping,safe,C3_anchor100,96.0493,A级_安全,A级_安全,A级_安全,渗流破坏,100.0
0+146,overtopping,safe,C3_anchor100_cap_off,96.0493,A级_安全,A级_安全,A级_安全,渗流破坏,100.0
0+147,overtopping,safe,full,96.0493,A级_安全,A级_安全,A级_安全,渗流破坏,100.0
0+147,overtopping,safe,cap_off,96.0493,A级_安全,A级_安全,A级_安全,渗流破坏,100.0
0+147,overtopping,safe,C3_anchor100,96.0493,A级_安全,A级_安全,A级_安全,渗流破坏,100.0
0+147,overtopping,safe,C3_anchor100_cap_off,96.0493,A级_安全,A级_安全,A级_安全,渗流破坏,100.0
0+148,overtopping,safe,full,96.0493,A级_安全,A级_安全,A级_安全,渗流破坏,100.0
0+148,overtopping,safe,cap_off,96.0493,A级_安全,A级_安全,A级_安全,渗流破坏,100.0
0+148,overtopping,safe,C3_anchor100,96.0493,A级_安全,A级_安全,A级_安全,渗流破坏,100.0
0+148,overtopping,safe,C3_anchor100_cap_off,96.0493,A级_安全,A级_安全,A级_安全,渗流破坏,100.0
0+149,overtopping,safe,full,96.0493,A级_安全,A级_安全,A级_安全,渗流破坏,100.0
0+149,overtopping,safe,cap_off,96.0493,A级_安全,A级_安全,A级_安全,渗流破坏,100.0
0+149,overtopping,safe,C3_anchor100,96.0493,A级_安全,A级_安全,A级_安全,渗流破坏,100.0
0+149,overtopping,safe,C3_anchor100_cap_off,96.0493,A级_安全,A级_安全,A级_安全,渗流破坏,100.0
0+150,overtopping,safe,full,96.0493,A级_安全,A级_安全,A级_安全,渗流破坏,100.0
0+150,overtopping,safe,cap_off,96.0493,A级_安全,A级_安全,A级_安全,渗流破坏,100.0
0+150,overtopping,safe,C3_anchor100,96.0493,A级_安全,A级_安全,A级_安全,渗流破坏,100.0
0+150,overtopping,safe,C3_anchor100_cap_off,96.0493,A级_安全,A级_安全,A级_安全,渗流破坏,100.0
0+151,overtopping,slight,full,93.9114,A级_安全,A级_安全,A级_安全,漫顶失效,100.0
0+151,overtopping,slight,cap_off,93.9114,A级_安全,A级_安全,A级_安全,漫顶失效,100.0
0+151,overtopping,slight,C3_anchor100,93.9114,A级_安全,A级_安全,A级_安全,漫顶失效,100.0
0+151,overtopping,slight,C3_anchor100_cap_off,93.9114,A级_安全,A级_安全,A级_安全,漫顶失效,100.0
0+152,overtopping,slight,full,93.9114,A级_安全,A级_安全,A级_安全,漫顶失效,100.0
0+152,overtopping,slight,cap_off,93.9114,A级_安全,A级_安全,A级_安全,漫顶失效,100.0
0+152,overtopping,slight,C3_anchor100,93.9114,A级_安全,A级_安全,A级_安全,漫顶失效,100.0
0+152,overtopping,slight,C3_anchor100_cap_off,93.9114,A级_安全,A级_安全,A级_安全,漫顶失效,100.0
0+153,overtopping,slight,full,93.9114,A级_安全,A级_安全,A级_安全,漫顶失效,100.0
0+153,overtopping,slight,cap_off,93.9114,A级_安全,A级_安全,A级_安全,漫顶失效,100.0
0+153,overtopping,slight,C3_anchor100,93.9114,A级_安全,A级_安全,A级_安全,漫顶失效,100.0
0+153,overtopping,slight,C3_anchor100_cap_off,93.9114,A级_安全,A级_安全,A级_安全,漫顶失效,100.0
0+154,overtopping,slight,full,93.9114,A级_安全,A级_安全,A级_安全,漫顶失效,100.0
0+154,overtopping,slight,cap_off,93.9114,A级_安全,A级_安全,A级_安全,漫顶失效,100.0
0+154,overtopping,slight,C3_anchor100,93.9114,A级_安全,A级_安全,A级_安全,漫顶失效,100.0
0+154,overtopping,slight,C3_anchor100_cap_off,93.9114,A级_安全,A级_安全,A级_安全,漫顶失效,100.0
0+155,overtopping,slight,full,93.9114,A级_安全,A级_安全,A级_安全,漫顶失效,100.0
0+155,overtopping,slight,cap_off,93.9114,A级_安全,A级_安全,A级_安全,漫顶失效,100.0
0+155,overtopping,slight,C3_anchor100,93.9114,A级_安全,A级_安全,A级_安全,漫顶失效,100.0
0+155,overtopping,slight,C3_anchor100_cap_off,93.9114,A级_安全,A级_安全,A级_安全,漫顶失效,100.0
0+156,overtopping,slight,full,93.9114,A级_安全,A级_安全,A级_安全,漫顶失效,100.0
0+156,overtopping,slight,cap_off,93.9114,A级_安全,A级_安全,A级_安全,漫顶失效,100.0
0+156,overtopping,slight,C3_anchor100,93.9114,A级_安全,A级_安全,A级_安全,漫顶失效,100.0
0+156,overtopping,slight,C3_anchor100_cap_off,93.9114,A级_安全,A级_安全,A级_安全,漫顶失效,100.0
0+157,overtopping,slight,full,93.9114,A级_安全,A级_安全,A级_安全,漫顶失效,100.0
0+157,overtopping,slight,cap_off,93.9114,A级_安全,A级_安全,A级_安全,漫顶失效,100.0
0+157,overtopping,slight,C3_anchor100,93.9114,A级_安全,A级_安全,A级_安全,漫顶失效,100.0
0+157,overtopping,slight,C3_anchor100_cap_off,93.9114,A级_安全,A级_安全,A级_安全,漫顶失效,100.0
0+158,overtopping,slight,full,93.9114,A级_安全,A级_安全,A级_安全,漫顶失效,100.0
0+158,overtopping,slight,cap_off,93.9114,A级_安全,A级_安全,A级_安全,漫顶失效,100.0
0+158,overtopping,slight,C3_anchor100,93.9114,A级_安全,A级_安全,A级_安全,漫顶失效,100.0
0+158,overtopping,slight,C3_anchor100_cap_off,93.9114,A级_安全,A级_安全,A级_安全,漫顶失效,100.0
0+159,overtopping,slight,full,93.9114,A级_安全,A级_安全,A级_安全,漫顶失效,100.0
0+159,overtopping,slight,cap_off,93.9114,A级_安全,A级_安全,A级_安全,漫顶失效,100.0
0+159,overtopping,slight,C3_anchor100,93.9114,A级_安全,A级_安全,A级_安全,漫顶失效,100.0
0+159,overtopping,slight,C3_anchor100_cap_off,93.9114,A级_安全,A级_安全,A级_安全,漫顶失效,100.0
0+160,overtopping,slight,full,93.9114,A级_安全,A级_安全,A级_安全,漫顶失效,100.0
0+160,overtopping,slight,cap_off,93.9114,A级_安全,A级_安全,A级_安全,漫顶失效,100.0
0+160,overtopping,slight,C3_anchor100,93.9114,A级_安全,A级_安全,A级_安全,漫顶失效,100.0
0+160,overtopping,slight,C3_anchor100_cap_off,93.9114,A级_安全,A级_安全,A级_安全,漫顶失效,100.0
0+161,overtopping,slight,full,93.9114,A级_安全,A级_安全,A级_安全,漫顶失效,100.0
0+161,overtopping,slight,cap_off,93.9114,A级_安全,A级_安全,A级_安全,漫顶失效,100.0
0+161,overtopping,slight,C3_anchor100,93.9114,A级_安全,A级_安全,A级_安全,漫顶失效,100.0
0+161,overtopping,slight,C3_anchor100_cap_off,93.9114,A级_安全,A级_安全,A级_安全,漫顶失效,100.0
0+162,overtopping,slight,full,93.9114,A级_安全,A级_安全,A级_安全,漫顶失效,100.0
0+162,overtopping,slight,cap_off,93.9114,A级_安全,A级_安全,A级_安全,漫顶失效,100.0
0+162,overtopping,slight,C3_anchor100,93.9114,A级_安全,A级_安全,A级_安全,漫顶失效,100.0
0+162,overtopping,slight,C3_anchor100_cap_off,93.9114,A级_安全,A级_安全,A级_安全,漫顶失效,100.0
0+163,overtopping,slight,full,93.9114,A级_安全,A级_安全,A级_安全,漫顶失效,100.0
0+163,overtopping,slight,cap_off,93.9114,A级_安全,A级_安全,A级_安全,漫顶失效,100.0
0+163,overtopping,slight,C3_anchor100,93.9114,A级_安全,A级_安全,A级_安全,漫顶失效,100.0
0+163,overtopping,slight,C3_anchor100_cap_off,93.9114,A级_安全,A级_安全,A级_安全,漫顶失效,100.0
0+164,overtopping,slight,full,93.9114,A级_安全,A级_安全,A级_安全,漫顶失效,100.0
0+164,overtopping,slight,cap_off,93.9114,A级_安全,A级_安全,A级_安全,漫顶失效,100.0
0+164,overtopping,slight,C3_anchor100,93.9114,A级_安全,A级_安全,A级_安全,漫顶失效,100.0
0+164,overtopping,slight,C3_anchor100_cap_off,93.9114,A级_安全,A级_安全,A级_安全,漫顶失效,100.0
0+165,overtopping,slight,full,93.9114,A级_安全,A级_安全,A级_安全,漫顶失效,100.0
0+165,overtopping,slight,cap_off,93.9114,A级_安全,A级_安全,A级_安全,漫顶失效,100.0
0+165,overtopping,slight,C3_anchor100,93.9114,A级_安全,A级_安全,A级_安全,漫顶失效,100.0
0+165,overtopping,slight,C3_anchor100_cap_off,93.9114,A级_安全,A级_安全,A级_安全,漫顶失效,100.0
0+166,overtopping,slight,full,93.9114,A级_安全,A级_安全,A级_安全,漫顶失效,100.0
0+166,overtopping,slight,cap_off,93.9114,A级_安全,A级_安全,A级_安全,漫顶失效,100.0
0+166,overtopping,slight,C3_anchor100,93.9114,A级_安全,A级_安全,A级_安全,漫顶失效,100.0
0+166,overtopping,slight,C3_anchor100_cap_off,93.9114,A级_安全,A级_安全,A级_安全,漫顶失效,100.0
0+167,overtopping,slight,full,93.9114,A级_安全,A级_安全,A级_安全,漫顶失效,100.0
0+167,overtopping,slight,cap_off,93.9114,A级_安全,A级_安全,A级_安全,漫顶失效,100.0
0+167,overtopping,slight,C3_anchor100,93.9114,A级_安全,A级_安全,A级_安全,漫顶失效,100.0
0+167,overtopping,slight,C3_anchor100_cap_off,93.9114,A级_安全,A级_安全,A级_安全,漫顶失效,100.0
0+168,overtopping,slight,full,93.9114,A级_安全,A级_安全,A级_安全,漫顶失效,100.0
0+168,overtopping,slight,cap_off,93.9114,A级_安全,A级_安全,A级_安全,漫顶失效,100.0
0+168,overtopping,slight,C3_anchor100,93.9114,A级_安全,A级_安全,A级_安全,漫顶失效,100.0
0+168,overtopping,slight,C3_anchor100_cap_off,93.9114,A级_安全,A级_安全,A级_安全,漫顶失效,100.0
0+169,overtopping,slight,full,93.9114,A级_安全,A级_安全,A级_安全,漫顶失效,100.0
0+169,overtopping,slight,cap_off,93.9114,A级_安全,A级_安全,A级_安全,漫顶失效,100.0
0+169,overtopping,slight,C3_anchor100,93.9114,A级_安全,A级_安全,A级_安全,漫顶失效,100.0
0+169,overtopping,slight,C3_anchor100_cap_off,93.9114,A级_安全,A级_安全,A级_安全,漫顶失效,100.0
0+170,overtopping,slight,full,93.9114,A级_安全,A级_安全,A级_安全,漫顶失效,100.0
0+170,overtopping,slight,cap_off,93.9114,A级_安全,A级_安全,A级_安全,漫顶失效,100.0
0+170,overtopping,slight,C3_anchor100,93.9114,A级_安全,A级_安全,A级_安全,漫顶失效,100.0
0+170,overtopping,slight,C3_anchor100_cap_off,93.9114,A级_安全,A级_安全,A级_安全,漫顶失效,100.0
0+171,overtopping,slight,full,93.9114,A级_安全,A级_安全,A级_安全,漫顶失效,100.0
0+171,overtopping,slight,cap_off,93.9114,A级_安全,A级_安全,A级_安全,漫顶失效,100.0
0+171,overtopping,slight,C3_anchor100,93.9114,A级_安全,A级_安全,A级_安全,漫顶失效,100.0
0+171,overtopping,slight,C3_anchor100_cap_off,93.9114,A级_安全,A级_安全,A级_安全,漫顶失效,100.0
0+172,overtopping,slight,full,93.9114,A级_安全,A级_安全,A级_安全,漫顶失效,100.0
0+172,overtopping,slight,cap_off,93.9114,A级_安全,A级_安全,A级_安全,漫顶失效,100.0
0+172,overtopping,slight,C3_anchor100,93.9114,A级_安全,A级_安全,A级_安全,漫顶失效,100.0
0+172,overtopping,slight,C3_anchor100_cap_off,93.9114,A级_安全,A级_安全,A级_安全,漫顶失效,100.0
0+173,overtopping,slight,full,93.9114,A级_安全,A级_安全,A级_安全,漫顶失效,100.0
0+173,overtopping,slight,cap_off,93.9114,A级_安全,A级_安全,A级_安全,漫顶失效,100.0
0+173,overtopping,slight,C3_anchor100,93.9114,A级_安全,A级_安全,A级_安全,漫顶失效,100.0
0+173,overtopping,slight,C3_anchor100_cap_off,93.9114,A级_安全,A级_安全,A级_安全,漫顶失效,100.0
0+174,overtopping,slight,full,93.9114,A级_安全,A级_安全,A级_安全,漫顶失效,100.0
0+174,overtopping,slight,cap_off,93.9114,A级_安全,A级_安全,A级_安全,漫顶失效,100.0
0+174,overtopping,slight,C3_anchor100,93.9114,A级_安全,A级_安全,A级_安全,漫顶失效,100.0
0+174,overtopping,slight,C3_anchor100_cap_off,93.9114,A级_安全,A级_安全,A级_安全,漫顶失效,100.0
0+175,overtopping,slight,full,93.9114,A级_安全,A级_安全,A级_安全,漫顶失效,100.0
0+175,overtopping,slight,cap_off,93.9114,A级_安全,A级_安全,A级_安全,漫顶失效,100.0
0+175,overtopping,slight,C3_anchor100,93.9114,A级_安全,A级_安全,A级_安全,漫顶失效,100.0
0+175,overtopping,slight,C3_anchor100_cap_off,93.9114,A级_安全,A级_安全,A级_安全,漫顶失效,100.0
0+176,overtopping,moderate,full,89.7997,A级_安全,A级_安全,B级_基本安全,漫顶失效,100.0
0+176,overtopping,moderate,cap_off,89.7997,A级_安全,A级_安全,B级_基本安全,漫顶失效,100.0
0+176,overtopping,moderate,C3_anchor100,89.7997,A级_安全,A级_安全,B级_基本安全,漫顶失效,100.0
0+176,overtopping,moderate,C3_anchor100_cap_off,89.7997,A级_安全,A级_安全,B级_基本安全,漫顶失效,100.0
0+177,overtopping,moderate,full,89.7797,A级_安全,A级_安全,B级_基本安全,漫顶失效,100.0
0+177,overtopping,moderate,cap_off,89.7797,A级_安全,A级_安全,B级_基本安全,漫顶失效,100.0
0+177,overtopping,moderate,C3_anchor100,89.7797,A级_安全,A级_安全,B级_基本安全,漫顶失效,100.0
0+177,overtopping,moderate,C3_anchor100_cap_off,89.7797,A级_安全,A级_安全,B级_基本安全,漫顶失效,100.0
0+178,overtopping,moderate,full,90.2822,A级_安全,A级_安全,B级_基本安全,漫顶失效,100.0
0+178,overtopping,moderate,cap_off,90.2822,A级_安全,A级_安全,B级_基本安全,漫顶失效,100.0
0+178,overtopping,moderate,C3_anchor100,90.2822,A级_安全,A级_安全,B级_基本安全,漫顶失效,100.0
0+178,overtopping,moderate,C3_anchor100_cap_off,90.2822,A级_安全,A级_安全,B级_基本安全,漫顶失效,100.0
0+179,overtopping,moderate,full,91.4059,A级_安全,A级_安全,B级_基本安全,漫顶失效,100.0
0+179,overtopping,moderate,cap_off,91.4059,A级_安全,A级_安全,B级_基本安全,漫顶失效,100.0
0+179,overtopping,moderate,C3_anchor100,91.4059,A级_安全,A级_安全,B级_基本安全,漫顶失效,100.0
0+179,overtopping,moderate,C3_anchor100_cap_off,91.4059,A级_安全,A级_安全,B级_基本安全,漫顶失效,100.0
0+180,overtopping,moderate,full,91.5818,A级_安全,A级_安全,B级_基本安全,漫顶失效,100.0
0+180,overtopping,moderate,cap_off,91.5818,A级_安全,A级_安全,B级_基本安全,漫顶失效,100.0
0+180,overtopping,moderate,C3_anchor100,91.5818,A级_安全,A级_安全,B级_基本安全,漫顶失效,100.0
0+180,overtopping,moderate,C3_anchor100_cap_off,91.5818,A级_安全,A级_安全,B级_基本安全,漫顶失效,100.0
0+181,overtopping,moderate,full,91.0047,A级_安全,A级_安全,B级_基本安全,漫顶失效,100.0
0+181,overtopping,moderate,cap_off,91.0047,A级_安全,A级_安全,B级_基本安全,漫顶失效,100.0
0+181,overtopping,moderate,C3_anchor100,91.0047,A级_安全,A级_安全,B级_基本安全,漫顶失效,100.0
0+181,overtopping,moderate,C3_anchor100_cap_off,91.0047,A级_安全,A级_安全,B级_基本安全,漫顶失效,100.0
0+182,overtopping,moderate,full,91.5591,A级_安全,A级_安全,B级_基本安全,漫顶失效,100.0
0+182,overtopping,moderate,cap_off,91.5591,A级_安全,A级_安全,B级_基本安全,漫顶失效,100.0
0+182,overtopping,moderate,C3_anchor100,91.5591,A级_安全,A级_安全,B级_基本安全,漫顶失效,100.0
0+182,overtopping,moderate,C3_anchor100_cap_off,91.5591,A级_安全,A级_安全,B级_基本安全,漫顶失效,100.0
0+183,overtopping,moderate,full,91.6378,A级_安全,A级_安全,B级_基本安全,漫顶失效,100.0
0+183,overtopping,moderate,cap_off,91.6378,A级_安全,A级_安全,B级_基本安全,漫顶失效,100.0
0+183,overtopping,moderate,C3_anchor100,91.6378,A级_安全,A级_安全,B级_基本安全,漫顶失效,100.0
0+183,overtopping,moderate,C3_anchor100_cap_off,91.6378,A级_安全,A级_安全,B级_基本安全,漫顶失效,100.0
0+184,overtopping,moderate,full,90.6781,A级_安全,A级_安全,B级_基本安全,漫顶失效,100.0
0+184,overtopping,moderate,cap_off,90.6781,A级_安全,A级_安全,B级_基本安全,漫顶失效,100.0
0+184,overtopping,moderate,C3_anchor100,90.6781,A级_安全,A级_安全,B级_基本安全,漫顶失效,100.0
0+184,overtopping,moderate,C3_anchor100_cap_off,90.6781,A级_安全,A级_安全,B级_基本安全,漫顶失效,100.0
0+185,overtopping,moderate,full,91.3139,A级_安全,A级_安全,B级_基本安全,漫顶失效,100.0
0+185,overtopping,moderate,cap_off,91.3139,A级_安全,A级_安全,B级_基本安全,漫顶失效,100.0
0+185,overtopping,moderate,C3_anchor100,91.3139,A级_安全,A级_安全,B级_基本安全,漫顶失效,100.0
0+185,overtopping,moderate,C3_anchor100_cap_off,91.3139,A级_安全,A级_安全,B级_基本安全,漫顶失效,100.0
0+186,overtopping,moderate,full,91.3819,A级_安全,A级_安全,B级_基本安全,漫顶失效,100.0
0+186,overtopping,moderate,cap_off,91.3819,A级_安全,A级_安全,B级_基本安全,漫顶失效,100.0
0+186,overtopping,moderate,C3_anchor100,91.3819,A级_安全,A级_安全,B级_基本安全,漫顶失效,100.0
0+186,overtopping,moderate,C3_anchor100_cap_off,91.3819,A级_安全,A级_安全,B级_基本安全,漫顶失效,100.0
0+187,overtopping,moderate,full,91.6911,A级_安全,A级_安全,B级_基本安全,漫顶失效,100.0
0+187,overtopping,moderate,cap_off,91.6911,A级_安全,A级_安全,B级_基本安全,漫顶失效,100.0
0+187,overtopping,moderate,C3_anchor100,91.6911,A级_安全,A级_安全,B级_基本安全,漫顶失效,100.0
0+187,overtopping,moderate,C3_anchor100_cap_off,91.6911,A级_安全,A级_安全,B级_基本安全,漫顶失效,100.0
0+188,overtopping,moderate,full,89.7251,A级_安全,A级_安全,B级_基本安全,漫顶失效,100.0
0+188,overtopping,moderate,cap_off,89.7251,A级_安全,A级_安全,B级_基本安全,漫顶失效,100.0
0+188,overtopping,moderate,C3_anchor100,89.7251,A级_安全,A级_安全,B级_基本安全,漫顶失效,100.0
0+188,overtopping,moderate,C3_anchor100_cap_off,89.7251,A级_安全,A级_安全,B级_基本安全,漫顶失效,100.0
0+189,overtopping,moderate,full,90.2276,A级_安全,A级_安全,B级_基本安全,漫顶失效,100.0
0+189,overtopping,moderate,cap_off,90.2276,A级_安全,A级_安全,B级_基本安全,漫顶失效,100.0
0+189,overtopping,moderate,C3_anchor100,90.2276,A级_安全,A级_安全,B级_基本安全,漫顶失效,100.0
0+189,overtopping,moderate,C3_anchor100_cap_off,90.2276,A级_安全,A级_安全,B级_基本安全,漫顶失效,100.0
0+190,overtopping,moderate,full,90.7594,A级_安全,A级_安全,B级_基本安全,漫顶失效,100.0
0+190,overtopping,moderate,cap_off,90.7594,A级_安全,A级_安全,B级_基本安全,漫顶失效,100.0
0+190,overtopping,moderate,C3_anchor100,90.7594,A级_安全,A级_安全,B级_基本安全,漫顶失效,100.0
0+190,overtopping,moderate,C3_anchor100_cap_off,90.7594,A级_安全,A级_安全,B级_基本安全,漫顶失效,100.0
0+191,overtopping,moderate,full,91.3939,A级_安全,A级_安全,B级_基本安全,漫顶失效,100.0
0+191,overtopping,moderate,cap_off,91.3939,A级_安全,A级_安全,B级_基本安全,漫顶失效,100.0
0+191,overtopping,moderate,C3_anchor100,91.3939,A级_安全,A级_安全,B级_基本安全,漫顶失效,100.0
0+191,overtopping,moderate,C3_anchor100_cap_off,91.3939,A级_安全,A级_安全,B级_基本安全,漫顶失效,100.0
0+192,overtopping,moderate,full,90.1703,A级_安全,A级_安全,B级_基本安全,漫顶失效,100.0
0+192,overtopping,moderate,cap_off,90.1703,A级_安全,A级_安全,B级_基本安全,漫顶失效,100.0
0+192,overtopping,moderate,C3_anchor100,90.1703,A级_安全,A级_安全,B级_基本安全,漫顶失效,100.0
0+192,overtopping,moderate,C3_anchor100_cap_off,90.1703,A级_安全,A级_安全,B级_基本安全,漫顶失效,100.0
0+193,overtopping,moderate,full,91.4019,A级_安全,A级_安全,B级_基本安全,漫顶失效,100.0
0+193,overtopping,moderate,cap_off,91.4019,A级_安全,A级_安全,B级_基本安全,漫顶失效,100.0
0+193,overtopping,moderate,C3_anchor100,91.4019,A级_安全,A级_安全,B级_基本安全,漫顶失效,100.0
0+193,overtopping,moderate,C3_anchor100_cap_off,91.4019,A级_安全,A级_安全,B级_基本安全,漫顶失效,100.0
0+194,overtopping,moderate,full,91.7831,A级_安全,A级_安全,B级_基本安全,漫顶失效,100.0
0+194,overtopping,moderate,cap_off,91.7831,A级_安全,A级_安全,B级_基本安全,漫顶失效,100.0
0+194,overtopping,moderate,C3_anchor100,91.7831,A级_安全,A级_安全,B级_基本安全,漫顶失效,100.0
0+194,overtopping,moderate,C3_anchor100_cap_off,91.7831,A级_安全,A级_安全,B级_基本安全,漫顶失效,100.0
0+195,overtopping,moderate,full,89.841,A级_安全,A级_安全,B级_基本安全,漫顶失效,100.0
0+195,overtopping,moderate,cap_off,89.841,A级_安全,A级_安全,B级_基本安全,漫顶失效,100.0
0+195,overtopping,moderate,C3_anchor100,89.841,A级_安全,A级_安全,B级_基本安全,漫顶失效,100.0
0+195,overtopping,moderate,C3_anchor100_cap_off,89.841,A级_安全,A级_安全,B级_基本安全,漫顶失效,100.0
0+196,overtopping,moderate,full,91.5205,A级_安全,A级_安全,B级_基本安全,漫顶失效,100.0
0+196,overtopping,moderate,cap_off,91.5205,A级_安全,A级_安全,B级_基本安全,漫顶失效,100.0
0+196,overtopping,moderate,C3_anchor100,91.5205,A级_安全,A级_安全,B级_基本安全,漫顶失效,100.0
0+196,overtopping,moderate,C3_anchor100_cap_off,91.5205,A级_安全,A级_安全,B级_基本安全,漫顶失效,100.0
0+197,overtopping,moderate,full,89.993,A级_安全,A级_安全,B级_基本安全,漫顶失效,100.0
0+197,overtopping,moderate,cap_off,89.993,A级_安全,A级_安全,B级_基本安全,漫顶失效,100.0
0+197,overtopping,moderate,C3_anchor100,89.993,A级_安全,A级_安全,B级_基本安全,漫顶失效,100.0
0+197,overtopping,moderate,C3_anchor100_cap_off,89.993,A级_安全,A级_安全,B级_基本安全,漫顶失效,100.0
0+198,overtopping,moderate,full,90.7088,A级_安全,A级_安全,B级_基本安全,漫顶失效,100.0
0+198,overtopping,moderate,cap_off,90.7088,A级_安全,A级_安全,B级_基本安全,漫顶失效,100.0
0+198,overtopping,moderate,C3_anchor100,90.7088,A级_安全,A级_安全,B级_基本安全,漫顶失效,100.0
0+198,overtopping,moderate,C3_anchor100_cap_off,90.7088,A级_安全,A级_安全,B级_基本安全,漫顶失效,100.0
0+199,overtopping,moderate,full,90.8167,A级_安全,A级_安全,B级_基本安全,漫顶失效,100.0
0+199,overtopping,moderate,cap_off,90.8167,A级_安全,A级_安全,B级_基本安全,漫顶失效,100.0
0+199,overtopping,moderate,C3_anchor100,90.8167,A级_安全,A级_安全,B级_基本安全,漫顶失效,100.0
0+199,overtopping,moderate,C3_anchor100_cap_off,90.8167,A级_安全,A级_安全,B级_基本安全,漫顶失效,100.0
0+200,overtopping,moderate,full,91.4898,A级_安全,A级_安全,B级_基本安全,漫顶失效,100.0
0+200,overtopping,moderate,cap_off,91.4898,A级_安全,A级_安全,B级_基本安全,漫顶失效,100.0
0+200,overtopping,moderate,C3_anchor100,91.4898,A级_安全,A级_安全,B级_基本安全,漫顶失效,100.0
0+200,overtopping,moderate,C3_anchor100_cap_off,91.4898,A级_安全,A级_安全,B级_基本安全,漫顶失效,100.0
0+201,overtopping,severe,full,64.5817,B级_基本安全,B级_基本安全,B级_基本安全,漫顶失效,100.0
0+201,overtopping,severe,cap_off,64.5817,B级_基本安全,B级_基本安全,B级_基本安全,漫顶失效,100.0
0+201,overtopping,severe,C3_anchor100,64.5817,B级_基本安全,B级_基本安全,B级_基本安全,漫顶失效,100.0
0+201,overtopping,severe,C3_anchor100_cap_off,64.5817,B级_基本安全,B级_基本安全,B级_基本安全,漫顶失效,100.0
0+202,overtopping,severe,full,64.9709,B级_基本安全,B级_基本安全,B级_基本安全,漫顶失效,100.0
0+202,overtopping,severe,cap_off,64.9709,B级_基本安全,B级_基本安全,B级_基本安全,漫顶失效,100.0
0+202,overtopping,severe,C3_anchor100,64.9709,B级_基本安全,B级_基本安全,B级_基本安全,漫顶失效,100.0
0+202,overtopping,severe,C3_anchor100_cap_off,64.9709,B级_基本安全,B级_基本安全,B级_基本安全,漫顶失效,100.0
0+203,overtopping,severe,full,64.3204,B级_基本安全,B级_基本安全,B级_基本安全,漫顶失效,100.0
0+203,overtopping,severe,cap_off,64.3204,B级_基本安全,B级_基本安全,B级_基本安全,漫顶失效,100.0
0+203,overtopping,severe,C3_anchor100,64.3204,B级_基本安全,B级_基本安全,B级_基本安全,漫顶失效,100.0
0+203,overtopping,severe,C3_anchor100_cap_off,64.3204,B级_基本安全,B级_基本安全,B级_基本安全,漫顶失效,100.0
0+204,overtopping,severe,full,64.4657,B级_基本安全,B级_基本安全,B级_基本安全,漫顶失效,100.0
0+204,overtopping,severe,cap_off,64.4657,B级_基本安全,B级_基本安全,B级_基本安全,漫顶失效,100.0
0+204,overtopping,severe,C3_anchor100,64.4657,B级_基本安全,B级_基本安全,B级_基本安全,漫顶失效,100.0
0+204,overtopping,severe,C3_anchor100_cap_off,64.4657,B级_基本安全,B级_基本安全,B级_基本安全,漫顶失效,100.0
0+205,overtopping,severe,full,65.1628,B级_基本安全,B级_基本安全,B级_基本安全,漫顶失效,100.0
0+205,overtopping,severe,cap_off,65.1628,B级_基本安全,B级_基本安全,B级_基本安全,漫顶失效,100.0
0+205,overtopping,severe,C3_anchor100,65.1628,B级_基本安全,B级_基本安全,B级_基本安全,漫顶失效,100.0
0+205,overtopping,severe,C3_anchor100_cap_off,65.1628,B级_基本安全,B级_基本安全,B级_基本安全,漫顶失效,100.0
0+206,overtopping,severe,full,64.4004,B级_基本安全,B级_基本安全,B级_基本安全,漫顶失效,100.0
0+206,overtopping,severe,cap_off,64.4004,B级_基本安全,B级_基本安全,B级_基本安全,漫顶失效,100.0
0+206,overtopping,severe,C3_anchor100,64.4004,B级_基本安全,B级_基本安全,B级_基本安全,漫顶失效,100.0
0+206,overtopping,severe,C3_anchor100_cap_off,64.4004,B级_基本安全,B级_基本安全,B级_基本安全,漫顶失效,100.0
0+207,overtopping,severe,full,65.4481,B级_基本安全,B级_基本安全,B级_基本安全,漫顶失效,100.0
0+207,overtopping,severe,cap_off,65.4481,B级_基本安全,B级_基本安全,B级_基本安全,漫顶失效,100.0
0+207,overtopping,severe,C3_anchor100,65.4481,B级_基本安全,B级_基本安全,B级_基本安全,漫顶失效,100.0
0+207,overtopping,severe,C3_anchor100_cap_off,65.4481,B级_基本安全,B级_基本安全,B级_基本安全,漫顶失效,100.0
0+208,overtopping,severe,full,64.587,B级_基本安全,B级_基本安全,B级_基本安全,漫顶失效,100.0
0+208,overtopping,severe,cap_off,64.587,B级_基本安全,B级_基本安全,B级_基本安全,漫顶失效,100.0
0+208,overtopping,severe,C3_anchor100,64.587,B级_基本安全,B级_基本安全,B级_基本安全,漫顶失效,100.0
0+208,overtopping,severe,C3_anchor100_cap_off,64.587,B级_基本安全,B级_基本安全,B级_基本安全,漫顶失效,100.0
0+209,overtopping,severe,full,64.531,B级_基本安全,B级_基本安全,B级_基本安全,漫顶失效,100.0
0+209,overtopping,severe,cap_off,64.531,B级_基本安全,B级_基本安全,B级_基本安全,漫顶失效,100.0
0+209,overtopping,severe,C3_anchor100,64.531,B级_基本安全,B级_基本安全,B级_基本安全,漫顶失效,100.0
0+209,overtopping,severe,C3_anchor100_cap_off,64.531,B级_基本安全,B级_基本安全,B级_基本安全,漫顶失效,100.0
0+210,overtopping,severe,full,64.1285,B级_基本安全,B级_基本安全,B级_基本安全,漫顶失效,100.0
0+210,overtopping,severe,cap_off,64.1285,B级_基本安全,B级_基本安全,B级_基本安全,漫顶失效,100.0
0+210,overtopping,severe,C3_anchor100,64.1285,B级_基本安全,B级_基本安全,B级_基本安全,漫顶失效,100.0
0+210,overtopping,severe,C3_anchor100_cap_off,64.1285,B级_基本安全,B级_基本安全,B级_基本安全,漫顶失效,100.0
0+211,overtopping,severe,full,64.7336,B级_基本安全,B级_基本安全,B级_基本安全,漫顶失效,100.0
0+211,overtopping,severe,cap_off,64.7336,B级_基本安全,B级_基本安全,B级_基本安全,漫顶失效,100.0
0+211,overtopping,severe,C3_anchor100,64.7336,B级_基本安全,B级_基本安全,B级_基本安全,漫顶失效,100.0
0+211,overtopping,severe,C3_anchor100_cap_off,64.7336,B级_基本安全,B级_基本安全,B级_基本安全,漫顶失效,100.0
0+212,overtopping,severe,full,65.9319,B级_基本安全,B级_基本安全,B级_基本安全,漫顶失效,100.0
0+212,overtopping,severe,cap_off,65.9319,B级_基本安全,B级_基本安全,B级_基本安全,漫顶失效,100.0
0+212,overtopping,severe,C3_anchor100,65.9319,B级_基本安全,B级_基本安全,B级_基本安全,漫顶失效,100.0
0+212,overtopping,severe,C3_anchor100_cap_off,65.9319,B级_基本安全,B级_基本安全,B级_基本安全,漫顶失效,100.0
0+213,overtopping,severe,full,65.8919,B级_基本安全,B级_基本安全,B级_基本安全,漫顶失效,100.0
0+213,overtopping,severe,cap_off,65.8919,B级_基本安全,B级_基本安全,B级_基本安全,漫顶失效,100.0
0+213,overtopping,severe,C3_anchor100,65.8919,B级_基本安全,B级_基本安全,B级_基本安全,漫顶失效,100.0
0+213,overtopping,severe,C3_anchor100_cap_off,65.8919,B级_基本安全,B级_基本安全,B级_基本安全,漫顶失效,100.0
0+214,overtopping,severe,full,65.76,B级_基本安全,B级_基本安全,B级_基本安全,漫顶失效,100.0
0+214,overtopping,severe,cap_off,65.76,B级_基本安全,B级_基本安全,B级_基本安全,漫顶失效,100.0
0+214,overtopping,severe,C3_anchor100,65.76,B级_基本安全,B级_基本安全,B级_基本安全,漫顶失效,100.0
0+214,overtopping,severe,C3_anchor100_cap_off,65.76,B级_基本安全,B级_基本安全,B级_基本安全,漫顶失效,100.0
0+215,overtopping,severe,full,65.4467,B级_基本安全,B级_基本安全,B级_基本安全,漫顶失效,100.0
0+215,overtopping,severe,cap_off,65.4467,B级_基本安全,B级_基本安全,B级_基本安全,漫顶失效,100.0
0+215,overtopping,severe,C3_anchor100,65.4467,B级_基本安全,B级_基本安全,B级_基本安全,漫顶失效,100.0
0+215,overtopping,severe,C3_anchor100_cap_off,65.4467,B级_基本安全,B级_基本安全,B级_基本安全,漫顶失效,100.0
0+216,overtopping,severe,full,65.3521,B级_基本安全,B级_基本安全,B级_基本安全,漫顶失效,100.0
0+216,overtopping,severe,cap_off,65.3521,B级_基本安全,B级_基本安全,B级_基本安全,漫顶失效,100.0
0+216,overtopping,severe,C3_anchor100,65.3521,B级_基本安全,B级_基本安全,B级_基本安全,漫顶失效,100.0
0+216,overtopping,severe,C3_anchor100_cap_off,65.3521,B级_基本安全,B级_基本安全,B级_基本安全,漫顶失效,100.0
0+217,overtopping,severe,full,65.8319,B级_基本安全,B级_基本安全,B级_基本安全,漫顶失效,100.0
0+217,overtopping,severe,cap_off,65.8319,B级_基本安全,B级_基本安全,B级_基本安全,漫顶失效,100.0
0+217,overtopping,severe,C3_anchor100,65.8319,B级_基本安全,B级_基本安全,B级_基本安全,漫顶失效,100.0
0+217,overtopping,severe,C3_anchor100_cap_off,65.8319,B级_基本安全,B级_基本安全,B级_基本安全,漫顶失效,100.0
0+218,overtopping,severe,full,64.3178,B级_基本安全,B级_基本安全,B级_基本安全,漫顶失效,100.0
0+218,overtopping,severe,cap_off,64.3178,B级_基本安全,B级_基本安全,B级_基本安全,漫顶失效,100.0
0+218,overtopping,severe,C3_anchor100,64.3178,B级_基本安全,B级_基本安全,B级_基本安全,漫顶失效,100.0
0+218,overtopping,severe,C3_anchor100_cap_off,64.3178,B级_基本安全,B级_基本安全,B级_基本安全,漫顶失效,100.0
0+219,overtopping,severe,full,64.683,B级_基本安全,B级_基本安全,B级_基本安全,漫顶失效,100.0
0+219,overtopping,severe,cap_off,64.683,B级_基本安全,B级_基本安全,B级_基本安全,漫顶失效,100.0
0+219,overtopping,severe,C3_anchor100,64.683,B级_基本安全,B级_基本安全,B级_基本安全,漫顶失效,100.0
0+219,overtopping,severe,C3_anchor100_cap_off,64.683,B级_基本安全,B级_基本安全,B级_基本安全,漫顶失效,100.0
0+220,overtopping,severe,full,64.1285,B级_基本安全,B级_基本安全,B级_基本安全,漫顶失效,100.0
0+220,overtopping,severe,cap_off,64.1285,B级_基本安全,B级_基本安全,B级_基本安全,漫顶失效,100.0
0+220,overtopping,severe,C3_anchor100,64.1285,B级_基本安全,B级_基本安全,B级_基本安全,漫顶失效,100.0
0+220,overtopping,severe,C3_anchor100_cap_off,64.1285,B级_基本安全,B级_基本安全,B级_基本安全,漫顶失效,100.0
0+221,overtopping,severe,full,65.3508,B级_基本安全,B级_基本安全,B级_基本安全,漫顶失效,100.0
0+221,overtopping,severe,cap_off,65.3508,B级_基本安全,B级_基本安全,B级_基本安全,漫顶失效,100.0
0+221,overtopping,severe,C3_anchor100,65.3508,B级_基本安全,B级_基本安全,B级_基本安全,漫顶失效,100.0
0+221,overtopping,severe,C3_anchor100_cap_off,65.3508,B级_基本安全,B级_基本安全,B级_基本安全,漫顶失效,100.0
0+222,overtopping,severe,full,64.539,B级_基本安全,B级_基本安全,B级_基本安全,漫顶失效,100.0
0+222,overtopping,severe,cap_off,64.539,B级_基本安全,B级_基本安全,B级_基本安全,漫顶失效,100.0
0+222,overtopping,severe,C3_anchor100,64.539,B级_基本安全,B级_基本安全,B级_基本安全,漫顶失效,100.0
0+222,overtopping,severe,C3_anchor100_cap_off,64.539,B级_基本安全,B级_基本安全,B级_基本安全,漫顶失效,100.0
0+223,overtopping,severe,full,65.4481,B级_基本安全,B级_基本安全,B级_基本安全,漫顶失效,100.0
0+223,overtopping,severe,cap_off,65.4481,B级_基本安全,B级_基本安全,B级_基本安全,漫顶失效,100.0
0+223,overtopping,severe,C3_anchor100,65.4481,B级_基本安全,B级_基本安全,B级_基本安全,漫顶失效,100.0
0+223,overtopping,severe,C3_anchor100_cap_off,65.4481,B级_基本安全,B级_基本安全,B级_基本安全,漫顶失效,100.0
0+224,overtopping,severe,full,65.1535,B级_基本安全,B级_基本安全,B级_基本安全,漫顶失效,100.0
0+224,overtopping,severe,cap_off,65.1535,B级_基本安全,B级_基本安全,B级_基本安全,漫顶失效,100.0
0+224,overtopping,severe,C3_anchor100,65.1535,B级_基本安全,B级_基本安全,B级_基本安全,漫顶失效,100.0
0+224,overtopping,severe,C3_anchor100_cap_off,65.1535,B级_基本安全,B级_基本安全,B级_基本安全,漫顶失效,100.0
0+225,overtopping,severe,full,64.5377,B级_基本安全,B级_基本安全,B级_基本安全,漫顶失效,100.0
0+225,overtopping,severe,cap_off,64.5377,B级_基本安全,B级_基本安全,B级_基本安全,漫顶失效,100.0
0+225,overtopping,severe,C3_anchor100,64.5377,B级_基本安全,B级_基本安全,B级_基本安全,漫顶失效,100.0
0+225,overtopping,severe,C3_anchor100_cap_off,64.5377,B级_基本安全,B级_基本安全,B级_基本安全,漫顶失效,100.0
0+226,overtopping,critical,full,52.7377,B级_基本安全,B级_基本安全,C级_不安全,漫顶失效,100.0
0+226,overtopping,critical,cap_off,52.7377,B级_基本安全,B级_基本安全,C级_不安全,漫顶失效,100.0
0+226,overtopping,critical,C3_anchor100,52.7377,B级_基本安全,B级_基本安全,C级_不安全,漫顶失效,100.0
0+226,overtopping,critical,C3_anchor100_cap_off,52.7377,B级_基本安全,B级_基本安全,C级_不安全,漫顶失效,100.0
0+227,overtopping,critical,full,52.9243,B级_基本安全,B级_基本安全,C级_不安全,漫顶失效,100.0
0+227,overtopping,critical,cap_off,52.9243,B级_基本安全,B级_基本安全,C级_不安全,漫顶失效,100.0
0+227,overtopping,critical,C3_anchor100,52.9243,B级_基本安全,B级_基本安全,C级_不安全,漫顶失效,100.0
0+227,overtopping,critical,C3_anchor100_cap_off,52.9243,B级_基本安全,B级_基本安全,C级_不安全,漫顶失效,100.0
0+228,overtopping,critical,full,53.9213,B级_基本安全,B级_基本安全,C级_不安全,漫顶失效,100.0
0+228,overtopping,critical,cap_off,53.9213,B级_基本安全,B级_基本安全,C级_不安全,漫顶失效,100.0
0+228,overtopping,critical,C3_anchor100,53.9213,B级_基本安全,B级_基本安全,C级_不安全,漫顶失效,100.0
0+228,overtopping,critical,C3_anchor100_cap_off,53.9213,B级_基本安全,B级_基本安全,C级_不安全,漫顶失效,100.0
0+229,overtopping,critical,full,51.8807,B级_基本安全,B级_基本安全,C级_不安全,漫顶失效,100.0
0+229,overtopping,critical,cap_off,51.8807,B级_基本安全,B级_基本安全,C级_不安全,漫顶失效,100.0
0+229,overtopping,critical,C3_anchor100,51.8807,B级_基本安全,B级_基本安全,C级_不安全,漫顶失效,100.0
0+229,overtopping,critical,C3_anchor100_cap_off,51.8807,B级_基本安全,B级_基本安全,C级_不安全,漫顶失效,100.0
0+230,overtopping,critical,full,52.983,B级_基本安全,B级_基本安全,C级_不安全,漫顶失效,100.0
0+230,overtopping,critical,cap_off,52.983,B级_基本安全,B级_基本安全,C级_不安全,漫顶失效,100.0
0+230,overtopping,critical,C3_anchor100,52.983,B级_基本安全,B级_基本安全,C级_不安全,漫顶失效,100.0
0+230,overtopping,critical,C3_anchor100_cap_off,52.983,B级_基本安全,B级_基本安全,C级_不安全,漫顶失效,100.0
0+231,overtopping,critical,full,52.7124,B级_基本安全,B级_基本安全,C级_不安全,漫顶失效,100.0
0+231,overtopping,critical,cap_off,52.7124,B级_基本安全,B级_基本安全,C级_不安全,漫顶失效,100.0
0+231,overtopping,critical,C3_anchor100,52.7124,B级_基本安全,B级_基本安全,C级_不安全,漫顶失效,100.0
0+231,overtopping,critical,C3_anchor100_cap_off,52.7124,B级_基本安全,B级_基本安全,C级_不安全,漫顶失效,100.0
0+232,overtopping,critical,full,52.3592,B级_基本安全,B级_基本安全,C级_不安全,漫顶失效,100.0
0+232,overtopping,critical,cap_off,52.3592,B级_基本安全,B级_基本安全,C级_不安全,漫顶失效,100.0
0+232,overtopping,critical,C3_anchor100,52.3592,B级_基本安全,B级_基本安全,C级_不安全,漫顶失效,100.0
0+232,overtopping,critical,C3_anchor100_cap_off,52.3592,B级_基本安全,B级_基本安全,C级_不安全,漫顶失效,100.0
0+233,overtopping,critical,full,53.4428,B级_基本安全,B级_基本安全,C级_不安全,漫顶失效,100.0
0+233,overtopping,critical,cap_off,53.4428,B级_基本安全,B级_基本安全,C级_不安全,漫顶失效,100.0
0+233,overtopping,critical,C3_anchor100,53.4428,B级_基本安全,B级_基本安全,C级_不安全,漫顶失效,100.0
0+233,overtopping,critical,C3_anchor100_cap_off,53.4428,B级_基本安全,B级_基本安全,C级_不安全,漫顶失效,100.0
0+234,overtopping,critical,full,53.0709,B级_基本安全,B级_基本安全,C级_不安全,漫顶失效,100.0
0+234,overtopping,critical,cap_off,53.0709,B级_基本安全,B级_基本安全,C级_不安全,漫顶失效,100.0
0+234,overtopping,critical,C3_anchor100,53.0709,B级_基本安全,B级_基本安全,C级_不安全,漫顶失效,100.0
0+234,overtopping,critical,C3_anchor100_cap_off,53.0709,B级_基本安全,B级_基本安全,C级_不安全,漫顶失效,100.0
0+235,overtopping,critical,full,52.0593,B级_基本安全,B级_基本安全,C级_不安全,漫顶失效,100.0
0+235,overtopping,critical,cap_off,52.0593,B级_基本安全,B级_基本安全,C级_不安全,漫顶失效,100.0
0+235,overtopping,critical,C3_anchor100,52.0593,B级_基本安全,B级_基本安全,C级_不安全,漫顶失效,100.0
0+235,overtopping,critical,C3_anchor100_cap_off,52.0593,B级_基本安全,B级_基本安全,C级_不安全,漫顶失效,100.0
0+236,overtopping,critical,full,52.8697,B级_基本安全,B级_基本安全,C级_不安全,漫顶失效,100.0
0+236,overtopping,critical,cap_off,52.8697,B级_基本安全,B级_基本安全,C级_不安全,漫顶失效,100.0
0+236,overtopping,critical,C3_anchor100,52.8697,B级_基本安全,B级_基本安全,C级_不安全,漫顶失效,100.0
0+236,overtopping,critical,C3_anchor100_cap_off,52.8697,B级_基本安全,B级_基本安全,C级_不安全,漫顶失效,100.0
0+237,overtopping,critical,full,52.7657,B级_基本安全,B级_基本安全,C级_不安全,漫顶失效,100.0
0+237,overtopping,critical,cap_off,52.7657,B级_基本安全,B级_基本安全,C级_不安全,漫顶失效,100.0
0+237,overtopping,critical,C3_anchor100,52.7657,B级_基本安全,B级_基本安全,C级_不安全,漫顶失效,100.0
0+237,overtopping,critical,C3_anchor100_cap_off,52.7657,B级_基本安全,B级_基本安全,C级_不安全,漫顶失效,100.0
0+238,overtopping,critical,full,52.6497,B级_基本安全,B级_基本安全,C级_不安全,漫顶失效,100.0
0+238,overtopping,critical,cap_off,52.6497,B级_基本安全,B级_基本安全,C级_不安全,漫顶失效,100.0
0+238,overtopping,critical,C3_anchor100,52.6497,B级_基本安全,B级_基本安全,C级_不安全,漫顶失效,100.0
0+238,overtopping,critical,C3_anchor100_cap_off,52.6497,B级_基本安全,B级_基本安全,C级_不安全,漫顶失效,100.0
0+239,overtopping,critical,full,52.4405,B级_基本安全,B级_基本安全,C级_不安全,漫顶失效,100.0
0+239,overtopping,critical,cap_off,52.4405,B级_基本安全,B级_基本安全,C级_不安全,漫顶失效,100.0
0+239,overtopping,critical,C3_anchor100,52.4405,B级_基本安全,B级_基本安全,C级_不安全,漫顶失效,100.0
0+239,overtopping,critical,C3_anchor100_cap_off,52.4405,B级_基本安全,B级_基本安全,C级_不安全,漫顶失效,100.0
0+240,overtopping,critical,full,52.851,B级_基本安全,B级_基本安全,C级_不安全,漫顶失效,100.0
0+240,overtopping,critical,cap_off,52.851,B级_基本安全,B级_基本安全,C级_不安全,漫顶失效,100.0
0+240,overtopping,critical,C3_anchor100,52.851,B级_基本安全,B级_基本安全,C级_不安全,漫顶失效,100.0
0+240,overtopping,critical,C3_anchor100_cap_off,52.851,B级_基本安全,B级_基本安全,C级_不安全,漫顶失效,100.0
0+241,overtopping,critical,full,52.4911,B级_基本安全,B级_基本安全,C级_不安全,漫顶失效,100.0
0+241,overtopping,critical,cap_off,52.4911,B级_基本安全,B级_基本安全,C级_不安全,漫顶失效,100.0
0+241,overtopping,critical,C3_anchor100,52.4911,B级_基本安全,B级_基本安全,C级_不安全,漫顶失效,100.0
0+241,overtopping,critical,C3_anchor100_cap_off,52.4911,B级_基本安全,B级_基本安全,C级_不安全,漫顶失效,100.0
0+242,overtopping,critical,full,52.3618,B级_基本安全,B级_基本安全,C级_不安全,漫顶失效,100.0
0+242,overtopping,critical,cap_off,52.3618,B级_基本安全,B级_基本安全,C级_不安全,漫顶失效,100.0
0+242,overtopping,critical,C3_anchor100,52.3618,B级_基本安全,B级_基本安全,C级_不安全,漫顶失效,100.0
0+242,overtopping,critical,C3_anchor100_cap_off,52.3618,B级_基本安全,B级_基本安全,C级_不安全,漫顶失效,100.0
0+243,overtopping,critical,full,53.5254,B级_基本安全,B级_基本安全,C级_不安全,漫顶失效,100.0
0+243,overtopping,critical,cap_off,53.5254,B级_基本安全,B级_基本安全,C级_不安全,漫顶失效,100.0
0+243,overtopping,critical,C3_anchor100,53.5254,B级_基本安全,B级_基本安全,C级_不安全,漫顶失效,100.0
0+243,overtopping,critical,C3_anchor100_cap_off,53.5254,B级_基本安全,B级_基本安全,C级_不安全,漫顶失效,100.0
0+244,overtopping,critical,full,52.763,B级_基本安全,B级_基本安全,C级_不安全,漫顶失效,100.0
0+244,overtopping,critical,cap_off,52.763,B级_基本安全,B级_基本安全,C级_不安全,漫顶失效,100.0
0+244,overtopping,critical,C3_anchor100,52.763,B级_基本安全,B级_基本安全,C级_不安全,漫顶失效,100.0
0+244,overtopping,critical,C3_anchor100_cap_off,52.763,B级_基本安全,B级_基本安全,C级_不安全,漫顶失效,100.0
0+245,overtopping,critical,full,53.868,B级_基本安全,B级_基本安全,C级_不安全,漫顶失效,100.0
0+245,overtopping,critical,cap_off,53.868,B级_基本安全,B级_基本安全,C级_不安全,漫顶失效,100.0
0+245,overtopping,critical,C3_anchor100,53.868,B级_基本安全,B级_基本安全,C级_不安全,漫顶失效,100.0
0+245,overtopping,critical,C3_anchor100_cap_off,53.868,B级_基本安全,B级_基本安全,C级_不安全,漫顶失效,100.0
0+246,overtopping,critical,full,53.4082,B级_基本安全,B级_基本安全,C级_不安全,漫顶失效,100.0
0+246,overtopping,critical,cap_off,53.4082,B级_基本安全,B级_基本安全,C级_不安全,漫顶失效,100.0
0+246,overtopping,critical,C3_anchor100,53.4082,B级_基本安全,B级_基本安全,C级_不安全,漫顶失效,100.0
0+246,overtopping,critical,C3_anchor100_cap_off,53.4082,B级_基本安全,B级_基本安全,C级_不安全,漫顶失效,100.0
0+247,overtopping,critical,full,52.2272,B级_基本安全,B级_基本安全,C级_不安全,漫顶失效,100.0
0+247,overtopping,critical,cap_off,52.2272,B级_基本安全,B级_基本安全,C级_不安全,漫顶失效,100.0
0+247,overtopping,critical,C3_anchor100,52.2272,B级_基本安全,B级_基本安全,C级_不安全,漫顶失效,100.0
0+247,overtopping,critical,C3_anchor100_cap_off,52.2272,B级_基本安全,B级_基本安全,C级_不安全,漫顶失效,100.0
0+248,overtopping,critical,full,53.0656,B级_基本安全,B级_基本安全,C级_不安全,漫顶失效,100.0
0+248,overtopping,critical,cap_off,53.0656,B级_基本安全,B级_基本安全,C级_不安全,漫顶失效,100.0
0+248,overtopping,critical,C3_anchor100,53.0656,B级_基本安全,B级_基本安全,C级_不安全,漫顶失效,100.0
0+248,overtopping,critical,C3_anchor100_cap_off,53.0656,B级_基本安全,B级_基本安全,C级_不安全,漫顶失效,100.0
0+249,overtopping,critical,full,52.3685,B级_基本安全,B级_基本安全,C级_不安全,漫顶失效,100.0
0+249,overtopping,critical,cap_off,52.3685,B级_基本安全,B级_基本安全,C级_不安全,漫顶失效,100.0
0+249,overtopping,critical,C3_anchor100,52.3685,B级_基本安全,B级_基本安全,C级_不安全,漫顶失效,100.0
0+249,overtopping,critical,C3_anchor100_cap_off,52.3685,B级_基本安全,B级_基本安全,C级_不安全,漫顶失效,100.0
0+250,overtopping,critical,full,52.5778,B级_基本安全,B级_基本安全,C级_不安全,漫顶失效,100.0
0+250,overtopping,critical,cap_off,52.5778,B级_基本安全,B级_基本安全,C级_不安全,漫顶失效,100.0
0+250,overtopping,critical,C3_anchor100,52.5778,B级_基本安全,B级_基本安全,C级_不安全,漫顶失效,100.0
0+250,overtopping,critical,C3_anchor100_cap_off,52.5778,B级_基本安全,B级_基本安全,C级_不安全,漫顶失效,100.0
0+251,seepage,safe,full,86.1249,A级_安全,A级_安全,A级_安全,渗流破坏,100.0
0+251,seepage,safe,cap_off,86.1249,A级_安全,A级_安全,A级_安全,渗流破坏,100.0
0+251,seepage,safe,C3_anchor100,86.1249,A级_安全,A级_安全,A级_安全,渗流破坏,100.0
0+251,seepage,safe,C3_anchor100_cap_off,86.1249,A级_安全,A级_安全,A级_安全,渗流破坏,100.0
0+252,seepage,safe,full,86.001,A级_安全,A级_安全,A级_安全,渗流破坏,100.0
0+252,seepage,safe,cap_off,86.001,A级_安全,A级_安全,A级_安全,渗流破坏,100.0
0+252,seepage,safe,C3_anchor100,86.001,A级_安全,A级_安全,A级_安全,渗流破坏,100.0
0+252,seepage,safe,C3_anchor100_cap_off,86.001,A级_安全,A级_安全,A级_安全,渗流破坏,100.0
0+253,seepage,safe,full,86.0355,A级_安全,A级_安全,A级_安全,渗流破坏,100.0
0+253,seepage,safe,cap_off,86.0355,A级_安全,A级_安全,A级_安全,渗流破坏,100.0
0+253,seepage,safe,C3_anchor100,86.0355,A级_安全,A级_安全,A级_安全,渗流破坏,100.0
0+253,seepage,safe,C3_anchor100_cap_off,86.0355,A级_安全,A级_安全,A级_安全,渗流破坏,100.0
0+254,seepage,safe,full,85.8662,A级_安全,A级_安全,A级_安全,渗流破坏,100.0
0+254,seepage,safe,cap_off,85.8662,A级_安全,A级_安全,A级_安全,渗流破坏,100.0
0+254,seepage,safe,C3_anchor100,85.8662,A级_安全,A级_安全,A级_安全,渗流破坏,100.0
0+254,seepage,safe,C3_anchor100_cap_off,85.8662,A级_安全,A级_安全,A级_安全,渗流破坏,100.0
0+255,seepage,safe,full,85.759,A级_安全,A级_安全,A级_安全,渗流破坏,100.0
0+255,seepage,safe,cap_off,85.759,A级_安全,A级_安全,A级_安全,渗流破坏,100.0
0+255,seepage,safe,C3_anchor100,85.759,A级_安全,A级_安全,A级_安全,渗流破坏,100.0
0+255,seepage,safe,C3_anchor100_cap_off,85.759,A级_安全,A级_安全,A级_安全,渗流破坏,100.0
0+256,seepage,safe,full,86.0509,A级_安全,A级_安全,A级_安全,渗流破坏,100.0
0+256,seepage,safe,cap_off,86.0509,A级_安全,A级_安全,A级_安全,渗流破坏,100.0
0+256,seepage,safe,C3_anchor100,86.0509,A级_安全,A级_安全,A级_安全,渗流破坏,100.0
0+256,seepage,safe,C3_anchor100_cap_off,86.0509,A级_安全,A级_安全,A级_安全,渗流破坏,100.0
0+257,seepage,safe,full,86.1197,A级_安全,A级_安全,A级_安全,渗流破坏,100.0
0+257,seepage,safe,cap_off,86.1197,A级_安全,A级_安全,A级_安全,渗流破坏,100.0
0+257,seepage,safe,C3_anchor100,86.1197,A级_安全,A级_安全,A级_安全,渗流破坏,100.0
0+257,seepage,safe,C3_anchor100_cap_off,86.1197,A级_安全,A级_安全,A级_安全,渗流破坏,100.0
0+258,seepage,safe,full,85.5568,A级_安全,A级_安全,A级_安全,渗流破坏,100.0
0+258,seepage,safe,cap_off,85.5568,A级_安全,A级_安全,A级_安全,渗流破坏,100.0
0+258,seepage,safe,C3_anchor100,85.5568,A级_安全,A级_安全,A级_安全,渗流破坏,100.0
0+258,seepage,safe,C3_anchor100_cap_off,85.5568,A级_安全,A级_安全,A级_安全,渗流破坏,100.0
0+259,seepage,safe,full,85.6648,A级_安全,A级_安全,A级_安全,渗流破坏,100.0
0+259,seepage,safe,cap_off,85.6648,A级_安全,A级_安全,A级_安全,渗流破坏,100.0
0+259,seepage,safe,C3_anchor100,85.6648,A级_安全,A级_安全,A级_安全,渗流破坏,100.0
0+259,seepage,safe,C3_anchor100_cap_off,85.6648,A级_安全,A级_安全,A级_安全,渗流破坏,100.0
0+260,seepage,safe,full,85.8776,A级_安全,A级_安全,A级_安全,渗流破坏,100.0
0+260,seepage,safe,cap_off,85.8776,A级_安全,A级_安全,A级_安全,渗流破坏,100.0
0+260,seepage,safe,C3_anchor100,85.8776,A级_安全,A级_安全,A级_安全,渗流破坏,100.0
0+260,seepage,safe,C3_anchor100_cap_off,85.8776,A级_安全,A级_安全,A级_安全,渗流破坏,100.0
0+261,seepage,safe,full,85.4977,A级_安全,A级_安全,A级_安全,渗流破坏,100.0
0+261,seepage,safe,cap_off,85.4977,A级_安全,A级_安全,A级_安全,渗流破坏,100.0
0+261,seepage,safe,C3_anchor100,85.4977,A级_安全,A级_安全,A级_安全,渗流破坏,100.0
0+261,seepage,safe,C3_anchor100_cap_off,85.4977,A级_安全,A级_安全,A级_安全,渗流破坏,100.0
0+262,seepage,safe,full,85.8724,A级_安全,A级_安全,A级_安全,渗流破坏,100.0
0+262,seepage,safe,cap_off,85.8724,A级_安全,A级_安全,A级_安全,渗流破坏,100.0
0+262,seepage,safe,C3_anchor100,85.8724,A级_安全,A级_安全,A级_安全,渗流破坏,100.0
0+262,seepage,safe,C3_anchor100_cap_off,85.8724,A级_安全,A级_安全,A级_安全,渗流破坏,100.0
0+263,seepage,safe,full,85.7214,A级_安全,A级_安全,A级_安全,渗流破坏,100.0
0+263,seepage,safe,cap_off,85.7214,A级_安全,A级_安全,A级_安全,渗流破坏,100.0
0+263,seepage,safe,C3_anchor100,85.7214,A级_安全,A级_安全,A级_安全,渗流破坏,100.0
0+263,seepage,safe,C3_anchor100_cap_off,85.7214,A级_安全,A级_安全,A级_安全,渗流破坏,100.0
0+264,seepage,safe,full,85.8292,A级_安全,A级_安全,A级_安全,渗流破坏,100.0
0+264,seepage,safe,cap_off,85.8292,A级_安全,A级_安全,A级_安全,渗流破坏,100.0
0+264,seepage,safe,C3_anchor100,85.8292,A级_安全,A级_安全,A级_安全,渗流破坏,100.0
0+264,seepage,safe,C3_anchor100_cap_off,85.8292,A级_安全,A级_安全,A级_安全,渗流破坏,100.0
0+265,seepage,safe,full,85.5601,A级_安全,A级_安全,A级_安全,渗流破坏,100.0
0+265,seepage,safe,cap_off,85.5601,A级_安全,A级_安全,A级_安全,渗流破坏,100.0
0+265,seepage,safe,C3_anchor100,85.5601,A级_安全,A级_安全,A级_安全,渗流破坏,100.0
0+265,seepage,safe,C3_anchor100_cap_off,85.5601,A级_安全,A级_安全,A级_安全,渗流破坏,100.0
0+266,seepage,safe,full,86.0931,A级_安全,A级_安全,A级_安全,渗流破坏,100.0
0+266,seepage,safe,cap_off,86.0931,A级_安全,A级_安全,A级_安全,渗流破坏,100.0
0+266,seepage,safe,C3_anchor100,86.0931,A级_安全,A级_安全,A级_安全,渗流破坏,100.0
0+266,seepage,safe,C3_anchor100_cap_off,86.0931,A级_安全,A级_安全,A级_安全,渗流破坏,100.0
0+267,seepage,safe,full,86.0239,A级_安全,A级_安全,A级_安全,渗流破坏,100.0
0+267,seepage,safe,cap_off,86.0239,A级_安全,A级_安全,A级_安全,渗流破坏,100.0
0+267,seepage,safe,C3_anchor100,86.0239,A级_安全,A级_安全,A级_安全,渗流破坏,100.0
0+267,seepage,safe,C3_anchor100_cap_off,86.0239,A级_安全,A级_安全,A级_安全,渗流破坏,100.0
0+268,seepage,safe,full,85.7291,A级_安全,A级_安全,A级_安全,渗流破坏,100.0
0+268,seepage,safe,cap_off,85.7291,A级_安全,A级_安全,A级_安全,渗流破坏,100.0
0+268,seepage,safe,C3_anchor100,85.7291,A级_安全,A级_安全,A级_安全,渗流破坏,100.0
0+268,seepage,safe,C3_anchor100_cap_off,85.7291,A级_安全,A级_安全,A级_安全,渗流破坏,100.0
0+269,seepage,safe,full,86.0058,A级_安全,A级_安全,A级_安全,渗流破坏,100.0
0+269,seepage,safe,cap_off,86.0058,A级_安全,A级_安全,A级_安全,渗流破坏,100.0
0+269,seepage,safe,C3_anchor100,86.0058,A级_安全,A级_安全,A级_安全,渗流破坏,100.0
0+269,seepage,safe,C3_anchor100_cap_off,86.0058,A级_安全,A级_安全,A级_安全,渗流破坏,100.0
0+270,seepage,safe,full,85.6178,A级_安全,A级_安全,A级_安全,渗流破坏,100.0
0+270,seepage,safe,cap_off,85.6178,A级_安全,A级_安全,A级_安全,渗流破坏,100.0
0+270,seepage,safe,C3_anchor100,85.6178,A级_安全,A级_安全,A级_安全,渗流破坏,100.0
0+270,seepage,safe,C3_anchor100_cap_off,85.6178,A级_安全,A级_安全,A级_安全,渗流破坏,100.0
0+271,seepage,safe,full,85.9796,A级_安全,A级_安全,A级_安全,渗流破坏,100.0
0+271,seepage,safe,cap_off,85.9796,A级_安全,A级_安全,A级_安全,渗流破坏,100.0
0+271,seepage,safe,C3_anchor100,85.9796,A级_安全,A级_安全,A级_安全,渗流破坏,100.0
0+271,seepage,safe,C3_anchor100_cap_off,85.9796,A级_安全,A级_安全,A级_安全,渗流破坏,100.0
0+272,seepage,safe,full,85.9679,A级_安全,A级_安全,A级_安全,渗流破坏,100.0
0+272,seepage,safe,cap_off,85.9679,A级_安全,A级_安全,A级_安全,渗流破坏,100.0
0+272,seepage,safe,C3_anchor100,85.9679,A级_安全,A级_安全,A级_安全,渗流破坏,100.0
0+272,seepage,safe,C3_anchor100_cap_off,85.9679,A级_安全,A级_安全,A级_安全,渗流破坏,100.0
0+273,seepage,safe,full,85.847,A级_安全,A级_安全,A级_安全,渗流破坏,100.0
0+273,seepage,safe,cap_off,85.847,A级_安全,A级_安全,A级_安全,渗流破坏,100.0
0+273,seepage,safe,C3_anchor100,85.847,A级_安全,A级_安全,A级_安全,渗流破坏,100.0
0+273,seepage,safe,C3_anchor100_cap_off,85.847,A级_安全,A级_安全,A级_安全,渗流破坏,100.0
0+274,seepage,safe,full,86.0152,A级_安全,A级_安全,A级_安全,渗流破坏,100.0
0+274,seepage,safe,cap_off,86.0152,A级_安全,A级_安全,A级_安全,渗流破坏,100.0
0+274,seepage,safe,C3_anchor100,86.0152,A级_安全,A级_安全,A级_安全,渗流破坏,100.0
0+274,seepage,safe,C3_anchor100_cap_off,86.0152,A级_安全,A级_安全,A级_安全,渗流破坏,100.0
0+275,seepage,safe,full,85.8242,A级_安全,A级_安全,A级_安全,渗流破坏,100.0
0+275,seepage,safe,cap_off,85.8242,A级_安全,A级_安全,A级_安全,渗流破坏,100.0
0+275,seepage,safe,C3_anchor100,85.8242,A级_安全,A级_安全,A级_安全,渗流破坏,100.0
0+275,seepage,safe,C3_anchor100_cap_off,85.8242,A级_安全,A级_安全,A级_安全,渗流破坏,100.0
0+276,seepage,slight,full,75.8359,B级_基本安全,B级_基本安全,B级_基本安全,渗流破坏,80.0
0+276,seepage,slight,cap_off,75.8359,B级_基本安全,B级_基本安全,B级_基本安全,渗流破坏,80.0
0+276,seepage,slight,C3_anchor100,76.2977,B级_基本安全,B级_基本安全,B级_基本安全,渗流破坏,100.0
0+276,seepage,slight,C3_anchor100_cap_off,76.2977,B级_基本安全,B级_基本安全,B级_基本安全,渗流破坏,100.0
0+277,seepage,slight,full,75.7835,B级_基本安全,B级_基本安全,B级_基本安全,渗流破坏,80.0
0+277,seepage,slight,cap_off,75.7835,B级_基本安全,B级_基本安全,B级_基本安全,渗流破坏,80.0
0+277,seepage,slight,C3_anchor100,76.2454,B级_基本安全,B级_基本安全,B级_基本安全,渗流破坏,100.0
0+277,seepage,slight,C3_anchor100_cap_off,76.2454,B级_基本安全,B级_基本安全,B级_基本安全,渗流破坏,100.0
0+278,seepage,slight,full,75.6829,B级_基本安全,B级_基本安全,B级_基本安全,渗流破坏,80.0
0+278,seepage,slight,cap_off,75.6829,B级_基本安全,B级_基本安全,B级_基本安全,渗流破坏,80.0
0+278,seepage,slight,C3_anchor100,76.1447,B级_基本安全,B级_基本安全,B级_基本安全,渗流破坏,100.0
0+278,seepage,slight,C3_anchor100_cap_off,76.1447,B级_基本安全,B级_基本安全,B级_基本安全,渗流破坏,100.0
0+279,seepage,slight,full,76.1977,B级_基本安全,B级_基本安全,B级_基本安全,渗流破坏,80.0
0+279,seepage,slight,cap_off,76.1977,B级_基本安全,B级_基本安全,B级_基本安全,渗流破坏,80.0
0+279,seepage,slight,C3_anchor100,76.6595,B级_基本安全,B级_基本安全,B级_基本安全,渗流破坏,100.0
0+279,seepage,slight,C3_anchor100_cap_off,76.6595,B级_基本安全,B级_基本安全,B级_基本安全,渗流破坏,100.0
0+280,seepage,slight,full,75.8432,B级_基本安全,B级_基本安全,B级_基本安全,渗流破坏,80.0
0+280,seepage,slight,cap_off,75.8432,B级_基本安全,B级_基本安全,B级_基本安全,渗流破坏,80.0
0+280,seepage,slight,C3_anchor100,76.305,B级_基本安全,B级_基本安全,B级_基本安全,渗流破坏,100.0
0+280,seepage,slight,C3_anchor100_cap_off,76.305,B级_基本安全,B级_基本安全,B级_基本安全,渗流破坏,100.0
0+281,seepage,slight,full,75.914,B级_基本安全,B级_基本安全,B级_基本安全,渗流破坏,80.0
0+281,seepage,slight,cap_off,75.914,B级_基本安全,B级_基本安全,B级_基本安全,渗流破坏,80.0
0+281,seepage,slight,C3_anchor100,76.3759,B级_基本安全,B级_基本安全,B级_基本安全,渗流破坏,100.0
0+281,seepage,slight,C3_anchor100_cap_off,76.3759,B级_基本安全,B级_基本安全,B级_基本安全,渗流破坏,100.0
0+282,seepage,slight,full,76.0054,B级_基本安全,B级_基本安全,B级_基本安全,渗流破坏,80.0
0+282,seepage,slight,cap_off,76.0054,B级_基本安全,B级_基本安全,B级_基本安全,渗流破坏,80.0
0+282,seepage,slight,C3_anchor100,76.4672,B级_基本安全,B级_基本安全,B级_基本安全,渗流破坏,100.0
0+282,seepage,slight,C3_anchor100_cap_off,76.4672,B级_基本安全,B级_基本安全,B级_基本安全,渗流破坏,100.0
0+283,seepage,slight,full,76.0304,B级_基本安全,B级_基本安全,B级_基本安全,渗流破坏,80.0
0+283,seepage,slight,cap_off,76.0304,B级_基本安全,B级_基本安全,B级_基本安全,渗流破坏,80.0
0+283,seepage,slight,C3_anchor100,76.4922,B级_基本安全,B级_基本安全,B级_基本安全,渗流破坏,100.0
0+283,seepage,slight,C3_anchor100_cap_off,76.4922,B级_基本安全,B级_基本安全,B级_基本安全,渗流破坏,100.0
0+284,seepage,slight,full,75.7258,B级_基本安全,B级_基本安全,B级_基本安全,渗流破坏,80.0
0+284,seepage,slight,cap_off,75.7258,B级_基本安全,B级_基本安全,B级_基本安全,渗流破坏,80.0
0+284,seepage,slight,C3_anchor100,76.1876,B级_基本安全,B级_基本安全,B级_基本安全,渗流破坏,100.0
0+284,seepage,slight,C3_anchor100_cap_off,76.1876,B级_基本安全,B级_基本安全,B级_基本安全,渗流破坏,100.0
0+285,seepage,slight,full,75.8036,B级_基本安全,B级_基本安全,B级_基本安全,渗流破坏,80.0
0+285,seepage,slight,cap_off,75.8036,B级_基本安全,B级_基本安全,B级_基本安全,渗流破坏,80.0
0+285,seepage,slight,C3_anchor100,76.2654,B级_基本安全,B级_基本安全,B级_基本安全,渗流破坏,100.0
0+285,seepage,slight,C3_anchor100_cap_off,76.2654,B级_基本安全,B级_基本安全,B级_基本安全,渗流破坏,100.0
0+286,seepage,slight,full,75.6948,B级_基本安全,B级_基本安全,B级_基本安全,渗流破坏,80.0
0+286,seepage,slight,cap_off,75.6948,B级_基本安全,B级_基本安全,B级_基本安全,渗流破坏,80.0
0+286,seepage,slight,C3_anchor100,76.1566,B级_基本安全,B级_基本安全,B级_基本安全,渗流破坏,100.0
0+286,seepage,slight,C3_anchor100_cap_off,76.1566,B级_基本安全,B级_基本安全,B级_基本安全,渗流破坏,100.0
0+287,seepage,slight,full,76.0721,B级_基本安全,B级_基本安全,B级_基本安全,渗流破坏,80.0
0+287,seepage,slight,cap_off,76.0721,B级_基本安全,B级_基本安全,B级_基本安全,渗流破坏,80.0
0+287,seepage,slight,C3_anchor100,76.5339,B级_基本安全,B级_基本安全,B级_基本安全,渗流破坏,100.0
0+287,seepage,slight,C3_anchor100_cap_off,76.5339,B级_基本安全,B级_基本安全,B级_基本安全,渗流破坏,100.0
0+288,seepage,slight,full,76.0359,B级_基本安全,B级_基本安全,B级_基本安全,渗流破坏,80.0
0+288,seepage,slight,cap_off,76.0359,B级_基本安全,B级_基本安全,B级_基本安全,渗流破坏,80.0
0+288,seepage,slight,C3_anchor100,76.4978,B级_基本安全,B级_基本安全,B级_基本安全,渗流破坏,100.0
0+288,seepage,slight,C3_anchor100_cap_off,76.4978,B级_基本安全,B级_基本安全,B级_基本安全,渗流破坏,100.0
0+289,seepage,slight,full,75.7431,B级_基本安全,B级_基本安全,B级_基本安全,渗流破坏,80.0
0+289,seepage,slight,cap_off,75.7431,B级_基本安全,B级_基本安全,B级_基本安全,渗流破坏,80.0
0+289,seepage,slight,C3_anchor100,76.2049,B级_基本安全,B级_基本安全,B级_基本安全,渗流破坏,100.0
0+289,seepage,slight,C3_anchor100_cap_off,76.2049,B级_基本安全,B级_基本安全,B级_基本安全,渗流破坏,100.0
0+290,seepage,slight,full,75.7094,B级_基本安全,B级_基本安全,B级_基本安全,渗流破坏,80.0
0+290,seepage,slight,cap_off,75.7094,B级_基本安全,B级_基本安全,B级_基本安全,渗流破坏,80.0
0+290,seepage,slight,C3_anchor100,76.1712,B级_基本安全,B级_基本安全,B级_基本安全,渗流破坏,100.0
0+290,seepage,slight,C3_anchor100_cap_off,76.1712,B级_基本安全,B级_基本安全,B级_基本安全,渗流破坏,100.0
0+291,seepage,slight,full,76.2877,B级_基本安全,B级_基本安全,B级_基本安全,渗流破坏,80.0
0+291,seepage,slight,cap_off,76.2877,B级_基本安全,B级_基本安全,B级_基本安全,渗流破坏,80.0
0+291,seepage,slight,C3_anchor100,76.7495,B级_基本安全,B级_基本安全,B级_基本安全,渗流破坏,100.0
0+291,seepage,slight,C3_anchor100_cap_off,76.7495,B级_基本安全,B级_基本安全,B级_基本安全,渗流破坏,100.0
0+292,seepage,slight,full,76.193,B级_基本安全,B级_基本安全,B级_基本安全,渗流破坏,80.0
0+292,seepage,slight,cap_off,76.193,B级_基本安全,B级_基本安全,B级_基本安全,渗流破坏,80.0
0+292,seepage,slight,C3_anchor100,76.6548,B级_基本安全,B级_基本安全,B级_基本安全,渗流破坏,100.0
0+292,seepage,slight,C3_anchor100_cap_off,76.6548,B级_基本安全,B级_基本安全,B级_基本安全,渗流破坏,100.0
0+293,seepage,slight,full,75.8677,B级_基本安全,B级_基本安全,B级_基本安全,渗流破坏,80.0
0+293,seepage,slight,cap_off,75.8677,B级_基本安全,B级_基本安全,B级_基本安全,渗流破坏,80.0
0+293,seepage,slight,C3_anchor100,76.3295,B级_基本安全,B级_基本安全,B级_基本安全,渗流破坏,100.0
0+293,seepage,slight,C3_anchor100_cap_off,76.3295,B级_基本安全,B级_基本安全,B级_基本安全,渗流破坏,100.0
0+294,seepage,slight,full,75.7699,B级_基本安全,B级_基本安全,B级_基本安全,渗流破坏,80.0
0+294,seepage,slight,cap_off,75.7699,B级_基本安全,B级_基本安全,B级_基本安全,渗流破坏,80.0
0+294,seepage,slight,C3_anchor100,76.2317,B级_基本安全,B级_基本安全,B级_基本安全,渗流破坏,100.0
0+294,seepage,slight,C3_anchor100_cap_off,76.2317,B级_基本安全,B级_基本安全,B级_基本安全,渗流破坏,100.0
0+295,seepage,slight,full,76.1082,B级_基本安全,B级_基本安全,B级_基本安全,渗流破坏,80.0
0+295,seepage,slight,cap_off,76.1082,B级_基本安全,B级_基本安全,B级_基本安全,渗流破坏,80.0
0+295,seepage,slight,C3_anchor100,76.57,B级_基本安全,B级_基本安全,B级_基本安全,渗流破坏,100.0
0+295,seepage,slight,C3_anchor100_cap_off,76.57,B级_基本安全,B级_基本安全,B级_基本安全,渗流破坏,100.0
0+296,seepage,slight,full,75.7106,B级_基本安全,B级_基本安全,B级_基本安全,渗流破坏,80.0
0+296,seepage,slight,cap_off,75.7106,B级_基本安全,B级_基本安全,B级_基本安全,渗流破坏,80.0
0+296,seepage,slight,C3_anchor100,76.1724,B级_基本安全,B级_基本安全,B级_基本安全,渗流破坏,100.0
0+296,seepage,slight,C3_anchor100_cap_off,76.1724,B级_基本安全,B级_基本安全,B级_基本安全,渗流破坏,100.0
0+297,seepage,slight,full,76.3144,B级_基本安全,B级_基本安全,B级_基本安全,渗流破坏,80.0
0+297,seepage,slight,cap_off,76.3144,B级_基本安全,B级_基本安全,B级_基本安全,渗流破坏,80.0
0+297,seepage,slight,C3_anchor100,76.7762,B级_基本安全,B级_基本安全,B级_基本安全,渗流破坏,100.0
0+297,seepage,slight,C3_anchor100_cap_off,76.7762,B级_基本安全,B级_基本安全,B级_基本安全,渗流破坏,100.0
0+298,seepage,slight,full,75.5555,B级_基本安全,B级_基本安全,B级_基本安全,渗流破坏,80.0
0+298,seepage,slight,cap_off,75.5555,B级_基本安全,B级_基本安全,B级_基本安全,渗流破坏,80.0
0+298,seepage,slight,C3_anchor100,76.0173,B级_基本安全,B级_基本安全,B级_基本安全,渗流破坏,100.0
0+298,seepage,slight,C3_anchor100_cap_off,76.0173,B级_基本安全,B级_基本安全,B级_基本安全,渗流破坏,100.0
0+299,seepage,slight,full,75.9146,B级_基本安全,B级_基本安全,B级_基本安全,渗流破坏,80.0
0+299,seepage,slight,cap_off,75.9146,B级_基本安全,B级_基本安全,B级_基本安全,渗流破坏,80.0
0+299,seepage,slight,C3_anchor100,76.3764,B级_基本安全,B级_基本安全,B级_基本安全,渗流破坏,100.0
0+299,seepage,slight,C3_anchor100_cap_off,76.3764,B级_基本安全,B级_基本安全,B级_基本安全,渗流破坏,100.0
0+300,seepage,slight,full,75.63,B级_基本安全,B级_基本安全,B级_基本安全,渗流破坏,80.0
0+300,seepage,slight,cap_off,75.63,B级_基本安全,B级_基本安全,B级_基本安全,渗流破坏,80.0
0+300,seepage,slight,C3_anchor100,76.0918,B级_基本安全,B级_基本安全,B级_基本安全,渗流破坏,100.0
0+300,seepage,slight,C3_anchor100_cap_off,76.0918,B级_基本安全,B级_基本安全,B级_基本安全,渗流破坏,100.0
0+301,seepage,moderate,full,63.3128,B级_基本安全,B级_基本安全,B级_基本安全,渗流破坏,60.0
0+301,seepage,moderate,cap_off,63.3128,B级_基本安全,B级_基本安全,B级_基本安全,渗流破坏,60.0
0+301,seepage,moderate,C3_anchor100,64.2364,B级_基本安全,B级_基本安全,B级_基本安全,渗流破坏,100.0
0+301,seepage,moderate,C3_anchor100_cap_off,64.2364,B级_基本安全,B级_基本安全,B级_基本安全,渗流破坏,100.0
0+302,seepage,moderate,full,62.9995,B级_基本安全,B级_基本安全,B级_基本安全,渗流破坏,60.0
0+302,seepage,moderate,cap_off,62.9995,B级_基本安全,B级_基本安全,B级_基本安全,渗流破坏,60.0
0+302,seepage,moderate,C3_anchor100,63.9231,B级_基本安全,B级_基本安全,B级_基本安全,渗流破坏,100.0
0+302,seepage,moderate,C3_anchor100_cap_off,63.9231,B级_基本安全,B级_基本安全,B级_基本安全,渗流破坏,100.0
0+303,seepage,moderate,full,63.2847,B级_基本安全,B级_基本安全,B级_基本安全,渗流破坏,60.0
0+303,seepage,moderate,cap_off,63.2847,B级_基本安全,B级_基本安全,B级_基本安全,渗流破坏,60.0
0+303,seepage,moderate,C3_anchor100,64.2084,B级_基本安全,B级_基本安全,B级_基本安全,渗流破坏,100.0
0+303,seepage,moderate,C3_anchor100_cap_off,64.2084,B级_基本安全,B级_基本安全,B级_基本安全,渗流破坏,100.0
0+304,seepage,moderate,full,62.6556,B级_基本安全,B级_基本安全,B级_基本安全,渗流破坏,60.0
0+304,seepage,moderate,cap_off,62.6556,B级_基本安全,B级_基本安全,B级_基本安全,渗流破坏,60.0
0+304,seepage,moderate,C3_anchor100,63.5793,B级_基本安全,B级_基本安全,B级_基本安全,渗流破坏,100.0
0+304,seepage,moderate,C3_anchor100_cap_off,63.5793,B级_基本安全,B级_基本安全,B级_基本安全,渗流破坏,100.0
0+305,seepage,moderate,full,63.4596,B级_基本安全,B级_基本安全,B级_基本安全,渗流破坏,60.0
0+305,seepage,moderate,cap_off,63.4596,B级_基本安全,B级_基本安全,B级_基本安全,渗流破坏,60.0
0+305,seepage,moderate,C3_anchor100,64.3832,B级_基本安全,B级_基本安全,B级_基本安全,渗流破坏,100.0
0+305,seepage,moderate,C3_anchor100_cap_off,64.3832,B级_基本安全,B级_基本安全,B级_基本安全,渗流破坏,100.0
0+306,seepage,moderate,full,63.1312,B级_基本安全,B级_基本安全,B级_基本安全,渗流破坏,60.0
0+306,seepage,moderate,cap_off,63.1312,B级_基本安全,B级_基本安全,B级_基本安全,渗流破坏,60.0
0+306,seepage,moderate,C3_anchor100,64.0548,B级_基本安全,B级_基本安全,B级_基本安全,渗流破坏,100.0
0+306,seepage,moderate,C3_anchor100_cap_off,64.0548,B级_基本安全,B级_基本安全,B级_基本安全,渗流破坏,100.0
0+307,seepage,moderate,full,63.3517,B级_基本安全,B级_基本安全,B级_基本安全,渗流破坏,60.0
0+307,seepage,moderate,cap_off,63.3517,B级_基本安全,B级_基本安全,B级_基本安全,渗流破坏,60.0
0+307,seepage,moderate,C3_anchor100,64.2754,B级_基本安全,B级_基本安全,B级_基本安全,渗流破坏,100.0
0+307,seepage,moderate,C3_anchor100_cap_off,64.2754,B级_基本安全,B级_基本安全,B级_基本安全,渗流破坏,100.0
0+308,seepage,moderate,full,63.208,B级_基本安全,B级_基本安全,B级_基本安全,渗流破坏,60.0
0+308,seepage,moderate,cap_off,63.208,B级_基本安全,B级_基本安全,B级_基本安全,渗流破坏,60.0
0+308,seepage,moderate,C3_anchor100,64.1317,B级_基本安全,B级_基本安全,B级_基本安全,渗流破坏,100.0
0+308,seepage,moderate,C3_anchor100_cap_off,64.1317,B级_基本安全,B级_基本安全,B级_基本安全,渗流破坏,100.0
0+309,seepage,moderate,full,63.1281,B级_基本安全,B级_基本安全,B级_基本安全,渗流破坏,60.0
0+309,seepage,moderate,cap_off,63.1281,B级_基本安全,B级_基本安全,B级_基本安全,渗流破坏,60.0
0+309,seepage,moderate,C3_anchor100,64.0517,B级_基本安全,B级_基本安全,B级_基本安全,渗流破坏,100.0
0+309,seepage,moderate,C3_anchor100_cap_off,64.0517,B级_基本安全,B级_基本安全,B级_基本安全,渗流破坏,100.0
0+310,seepage,moderate,full,62.9746,B级_基本安全,B级_基本安全,B级_基本安全,渗流破坏,60.0
0+310,seepage,moderate,cap_off,62.9746,B级_基本安全,B级_基本安全,B级_基本安全,渗流破坏,60.0
0+310,seepage,moderate,C3_anchor100,63.8983,B级_基本安全,B级_基本安全,B级_基本安全,渗流破坏,100.0
0+310,seepage,moderate,C3_anchor100_cap_off,63.8983,B级_基本安全,B级_基本安全,B级_基本安全,渗流破坏,100.0
0+311,seepage,moderate,full,63.1735,B级_基本安全,B级_基本安全,B级_基本安全,渗流破坏,60.0
0+311,seepage,moderate,cap_off,63.1735,B级_基本安全,B级_基本安全,B级_基本安全,渗流破坏,60.0
0+311,seepage,moderate,C3_anchor100,64.0972,B级_基本安全,B级_基本安全,B级_基本安全,渗流破坏,100.0
0+311,seepage,moderate,C3_anchor100_cap_off,64.0972,B级_基本安全,B级_基本安全,B级_基本安全,渗流破坏,100.0
0+312,seepage,moderate,full,63.0006,B级_基本安全,B级_基本安全,B级_基本安全,渗流破坏,60.0
0+312,seepage,moderate,cap_off,63.0006,B级_基本安全,B级_基本安全,B级_基本安全,渗流破坏,60.0
0+312,seepage,moderate,C3_anchor100,63.9243,B级_基本安全,B级_基本安全,B级_基本安全,渗流破坏,100.0
0+312,seepage,moderate,C3_anchor100_cap_off,63.9243,B级_基本安全,B级_基本安全,B级_基本安全,渗流破坏,100.0
0+313,seepage,moderate,full,62.7929,B级_基本安全,B级_基本安全,B级_基本安全,渗流破坏,60.0
0+313,seepage,moderate,cap_off,62.7929,B级_基本安全,B级_基本安全,B级_基本安全,渗流破坏,60.0
0+313,seepage,moderate,C3_anchor100,63.7165,B级_基本安全,B级_基本安全,B级_基本安全,渗流破坏,100.0
0+313,seepage,moderate,C3_anchor100_cap_off,63.7165,B级_基本安全,B级_基本安全,B级_基本安全,渗流破坏,100.0
0+314,seepage,moderate,full,63.2897,B级_基本安全,B级_基本安全,B级_基本安全,渗流破坏,60.0
0+314,seepage,moderate,cap_off,63.2897,B级_基本安全,B级_基本安全,B级_基本安全,渗流破坏,60.0
0+314,seepage,moderate,C3_anchor100,64.2134,B级_基本安全,B级_基本安全,B级_基本安全,渗流破坏,100.0
0+314,seepage,moderate,C3_anchor100_cap_off,64.2134,B级_基本安全,B级_基本安全,B级_基本安全,渗流破坏,100.0
0+315,seepage,moderate,full,62.439,B级_基本安全,B级_基本安全,B级_基本安全,渗流破坏,60.0
0+315,seepage,moderate,cap_off,62.439,B级_基本安全,B级_基本安全,B级_基本安全,渗流破坏,60.0
0+315,seepage,moderate,C3_anchor100,63.3627,B级_基本安全,B级_基本安全,B级_基本安全,渗流破坏,100.0
0+315,seepage,moderate,C3_anchor100_cap_off,63.3627,B级_基本安全,B级_基本安全,B级_基本安全,渗流破坏,100.0
0+316,seepage,moderate,full,63.0871,B级_基本安全,B级_基本安全,B级_基本安全,渗流破坏,60.0
0+316,seepage,moderate,cap_off,63.0871,B级_基本安全,B级_基本安全,B级_基本安全,渗流破坏,60.0
0+316,seepage,moderate,C3_anchor100,64.0107,B级_基本安全,B级_基本安全,B级_基本安全,渗流破坏,100.0
0+316,seepage,moderate,C3_anchor100_cap_off,64.0107,B级_基本安全,B级_基本安全,B级_基本安全,渗流破坏,100.0
0+317,seepage,moderate,full,62.8907,B级_基本安全,B级_基本安全,B级_基本安全,渗流破坏,60.0
0+317,seepage,moderate,cap_off,62.8907,B级_基本安全,B级_基本安全,B级_基本安全,渗流破坏,60.0
0+317,seepage,moderate,C3_anchor100,63.8143,B级_基本安全,B级_基本安全,B级_基本安全,渗流破坏,100.0
0+317,seepage,moderate,C3_anchor100_cap_off,63.8143,B级_基本安全,B级_基本安全,B级_基本安全,渗流破坏,100.0
0+318,seepage,moderate,full,63.1112,B级_基本安全,B级_基本安全,B级_基本安全,渗流破坏,60.0
0+318,seepage,moderate,cap_off,63.1112,B级_基本安全,B级_基本安全,B级_基本安全,渗流破坏,60.0
0+318,seepage,moderate,C3_anchor100,64.0349,B级_基本安全,B级_基本安全,B级_基本安全,渗流破坏,100.0
0+318,seepage,moderate,C3_anchor100_cap_off,64.0349,B级_基本安全,B级_基本安全,B级_基本安全,渗流破坏,100.0
0+319,seepage,moderate,full,63.2066,B级_基本安全,B级_基本安全,B级_基本安全,渗流破坏,60.0
0+319,seepage,moderate,cap_off,63.2066,B级_基本安全,B级_基本安全,B级_基本安全,渗流破坏,60.0
0+319,seepage,moderate,C3_anchor100,64.1303,B级_基本安全,B级_基本安全,B级_基本安全,渗流破坏,100.0
0+319,seepage,moderate,C3_anchor100_cap_off,64.1303,B级_基本安全,B级_基本安全,B级_基本安全,渗流破坏,100.0
0+320,seepage,moderate,full,62.8569,B级_基本安全,B级_基本安全,B级_基本安全,渗流破坏,60.0
0+320,seepage,moderate,cap_off,62.8569,B级_基本安全,B级_基本安全,B级_基本安全,渗流破坏,60.0
0+320,seepage,moderate,C3_anchor100,63.7805,B级_基本安全,B级_基本安全,B级_基本安全,渗流破坏,100.0
0+320,seepage,moderate,C3_anchor100_cap_off,63.7805,B级_基本安全,B级_基本安全,B级_基本安全,渗流破坏,100.0
0+321,seepage,moderate,full,63.099,B级_基本安全,B级_基本安全,B级_基本安全,渗流破坏,60.0
0+321,seepage,moderate,cap_off,63.099,B级_基本安全,B级_基本安全,B级_基本安全,渗流破坏,60.0
0+321,seepage,moderate,C3_anchor100,64.0227,B级_基本安全,B级_基本安全,B级_基本安全,渗流破坏,100.0
0+321,seepage,moderate,C3_anchor100_cap_off,64.0227,B级_基本安全,B级_基本安全,B级_基本安全,渗流破坏,100.0
0+322,seepage,moderate,full,63.0167,B级_基本安全,B级_基本安全,B级_基本安全,渗流破坏,60.0
0+322,seepage,moderate,cap_off,63.0167,B级_基本安全,B级_基本安全,B级_基本安全,渗流破坏,60.0
0+322,seepage,moderate,C3_anchor100,63.9404,B级_基本安全,B级_基本安全,B级_基本安全,渗流破坏,100.0
0+322,seepage,moderate,C3_anchor100_cap_off,63.9404,B级_基本安全,B级_基本安全,B级_基本安全,渗流破坏,100.0
0+323,seepage,moderate,full,62.6948,B级_基本安全,B级_基本安全,B级_基本安全,渗流破坏,60.0
0+323,seepage,moderate,cap_off,62.6948,B级_基本安全,B级_基本安全,B级_基本安全,渗流破坏,60.0
0+323,seepage,moderate,C3_anchor100,63.6184,B级_基本安全,B级_基本安全,B级_基本安全,渗流破坏,100.0
0+323,seepage,moderate,C3_anchor100_cap_off,63.6184,B级_基本安全,B级_基本安全,B级_基本安全,渗流破坏,100.0
0+324,seepage,moderate,full,63.0303,B级_基本安全,B级_基本安全,B级_基本安全,渗流破坏,60.0
0+324,seepage,moderate,cap_off,63.0303,B级_基本安全,B级_基本安全,B级_基本安全,渗流破坏,60.0
0+324,seepage,moderate,C3_anchor100,63.954,B级_基本安全,B级_基本安全,B级_基本安全,渗流破坏,100.0
0+324,seepage,moderate,C3_anchor100_cap_off,63.954,B级_基本安全,B级_基本安全,B级_基本安全,渗流破坏,100.0
0+325,seepage,moderate,full,62.9437,B级_基本安全,B级_基本安全,B级_基本安全,渗流破坏,60.0
0+325,seepage,moderate,cap_off,62.9437,B级_基本安全,B级_基本安全,B级_基本安全,渗流破坏,60.0
0+325,seepage,moderate,C3_anchor100,63.8673,B级_基本安全,B级_基本安全,B级_基本安全,渗流破坏,100.0
0+325,seepage,moderate,C3_anchor100_cap_off,63.8673,B级_基本安全,B级_基本安全,B级_基本安全,渗流破坏,100.0
0+326,seepage,severe,full,43.8752,B级_基本安全,B级_基本安全,C级_不安全,渗流破坏,40.0
0+326,seepage,severe,cap_off,43.8752,B级_基本安全,B级_基本安全,C级_不安全,渗流破坏,40.0
0+326,seepage,severe,C3_anchor100,45.2607,B级_基本安全,B级_基本安全,C级_不安全,渗流破坏,100.0
0+326,seepage,severe,C3_anchor100_cap_off,45.2607,B级_基本安全,B级_基本安全,C级_不安全,渗流破坏,100.0
0+327,seepage,severe,full,43.5004,B级_基本安全,B级_基本安全,C级_不安全,渗流破坏,40.0
0+327,seepage,severe,cap_off,43.5004,B级_基本安全,B级_基本安全,C级_不安全,渗流破坏,40.0
0+327,seepage,severe,C3_anchor100,44.8859,B级_基本安全,B级_基本安全,C级_不安全,渗流破坏,100.0
0+327,seepage,severe,C3_anchor100_cap_off,44.8859,B级_基本安全,B级_基本安全,C级_不安全,渗流破坏,100.0
0+328,seepage,severe,full,43.5989,B级_基本安全,B级_基本安全,C级_不安全,渗流破坏,40.0
0+328,seepage,severe,cap_off,43.5989,B级_基本安全,B级_基本安全,C级_不安全,渗流破坏,40.0
0+328,seepage,severe,C3_anchor100,44.9844,B级_基本安全,B级_基本安全,C级_不安全,渗流破坏,100.0
0+328,seepage,severe,C3_anchor100_cap_off,44.9844,B级_基本安全,B级_基本安全,C级_不安全,渗流破坏,100.0
0+329,seepage,severe,full,43.8164,B级_基本安全,B级_基本安全,C级_不安全,渗流破坏,40.0
0+329,seepage,severe,cap_off,43.8164,B级_基本安全,B级_基本安全,C级_不安全,渗流破坏,40.0
0+329,seepage,severe,C3_anchor100,45.2018,B级_基本安全,B级_基本安全,C级_不安全,渗流破坏,100.0
0+329,seepage,severe,C3_anchor100_cap_off,45.2018,B级_基本安全,B级_基本安全,C级_不安全,渗流破坏,100.0
0+330,seepage,severe,full,43.1986,B级_基本安全,B级_基本安全,C级_不安全,渗流破坏,40.0
0+330,seepage,severe,cap_off,43.1986,B级_基本安全,B级_基本安全,C级_不安全,渗流破坏,40.0
0+330,seepage,severe,C3_anchor100,44.5841,B级_基本安全,B级_基本安全,C级_不安全,渗流破坏,100.0
0+330,seepage,severe,C3_anchor100_cap_off,44.5841,B级_基本安全,B级_基本安全,C级_不安全,渗流破坏,100.0
0+331,seepage,severe,full,43.2837,B级_基本安全,B级_基本安全,C级_不安全,渗流破坏,40.0
0+331,seepage,severe,cap_off,43.2837,B级_基本安全,B级_基本安全,C级_不安全,渗流破坏,40.0
0+331,seepage,severe,C3_anchor100,44.6691,B级_基本安全,B级_基本安全,C级_不安全,渗流破坏,100.0
0+331,seepage,severe,C3_anchor100_cap_off,44.6691,B级_基本安全,B级_基本安全,C级_不安全,渗流破坏,100.0
0+332,seepage,severe,full,43.5816,B级_基本安全,B级_基本安全,C级_不安全,渗流破坏,40.0
0+332,seepage,severe,cap_off,43.5816,B级_基本安全,B级_基本安全,C级_不安全,渗流破坏,40.0
0+332,seepage,severe,C3_anchor100,44.9671,B级_基本安全,B级_基本安全,C级_不安全,渗流破坏,100.0
0+332,seepage,severe,C3_anchor100_cap_off,44.9671,B级_基本安全,B级_基本安全,C级_不安全,渗流破坏,100.0
0+333,seepage,severe,full,43.4619,B级_基本安全,B级_基本安全,C级_不安全,渗流破坏,40.0
0+333,seepage,severe,cap_off,43.4619,B级_基本安全,B级_基本安全,C级_不安全,渗流破坏,40.0
0+333,seepage,severe,C3_anchor100,44.8474,B级_基本安全,B级_基本安全,C级_不安全,渗流破坏,100.0
0+333,seepage,severe,C3_anchor100_cap_off,44.8474,B级_基本安全,B级_基本安全,C级_不安全,渗流破坏,100.0
0+334,seepage,severe,full,43.3725,B级_基本安全,B级_基本安全,C级_不安全,渗流破坏,40.0
0+334,seepage,severe,cap_off,43.3725,B级_基本安全,B级_基本安全,C级_不安全,渗流破坏,40.0
0+334,seepage,severe,C3_anchor100,44.7579,B级_基本安全,B级_基本安全,C级_不安全,渗流破坏,100.0
0+334,seepage,severe,C3_anchor100_cap_off,44.7579,B级_基本安全,B级_基本安全,C级_不安全,渗流破坏,100.0
0+335,seepage,severe,full,43.3101,B级_基本安全,B级_基本安全,C级_不安全,渗流破坏,40.0
0+335,seepage,severe,cap_off,43.3101,B级_基本安全,B级_基本安全,C级_不安全,渗流破坏,40.0
0+335,seepage,severe,C3_anchor100,44.6956,B级_基本安全,B级_基本安全,C级_不安全,渗流破坏,100.0
0+335,seepage,severe,C3_anchor100_cap_off,44.6956,B级_基本安全,B级_基本安全,C级_不安全,渗流破坏,100.0
0+336,seepage,severe,full,43.677,B级_基本安全,B级_基本安全,C级_不安全,渗流破坏,40.0
0+336,seepage,severe,cap_off,43.677,B级_基本安全,B级_基本安全,C级_不安全,渗流破坏,40.0
0+336,seepage,severe,C3_anchor100,45.0625,B级_基本安全,B级_基本安全,C级_不安全,渗流破坏,100.0
0+336,seepage,severe,C3_anchor100_cap_off,45.0625,B级_基本安全,B级_基本安全,C级_不安全,渗流破坏,100.0
0+337,seepage,severe,full,43.5818,B级_基本安全,B级_基本安全,C级_不安全,渗流破坏,40.0
0+337,seepage,severe,cap_off,43.5818,B级_基本安全,B级_基本安全,C级_不安全,渗流破坏,40.0
0+337,seepage,severe,C3_anchor100,44.9673,B级_基本安全,B级_基本安全,C级_不安全,渗流破坏,100.0
0+337,seepage,severe,C3_anchor100_cap_off,44.9673,B级_基本安全,B级_基本安全,C级_不安全,渗流破坏,100.0
0+338,seepage,severe,full,44.1312,B级_基本安全,B级_基本安全,C级_不安全,渗流破坏,40.0
0+338,seepage,severe,cap_off,44.1312,B级_基本安全,B级_基本安全,C级_不安全,渗流破坏,40.0
0+338,seepage,severe,C3_anchor100,45.5167,B级_基本安全,B级_基本安全,C级_不安全,渗流破坏,100.0
0+338,seepage,severe,C3_anchor100_cap_off,45.5167,B级_基本安全,B级_基本安全,C级_不安全,渗流破坏,100.0
0+339,seepage,severe,full,43.6213,B级_基本安全,B级_基本安全,C级_不安全,渗流破坏,40.0
0+339,seepage,severe,cap_off,43.6213,B级_基本安全,B级_基本安全,C级_不安全,渗流破坏,40.0
0+339,seepage,severe,C3_anchor100,45.0067,B级_基本安全,B级_基本安全,C级_不安全,渗流破坏,100.0
0+339,seepage,severe,C3_anchor100_cap_off,45.0067,B级_基本安全,B级_基本安全,C级_不安全,渗流破坏,100.0
0+340,seepage,severe,full,43.702,B级_基本安全,B级_基本安全,C级_不安全,渗流破坏,40.0
0+340,seepage,severe,cap_off,43.702,B级_基本安全,B级_基本安全,C级_不安全,渗流破坏,40.0
0+340,seepage,severe,C3_anchor100,45.0875,B级_基本安全,B级_基本安全,C级_不安全,渗流破坏,100.0
0+340,seepage,severe,C3_anchor100_cap_off,45.0875,B级_基本安全,B级_基本安全,C级_不安全,渗流破坏,100.0
0+341,seepage,severe,full,44.0682,B级_基本安全,B级_基本安全,C级_不安全,渗流破坏,40.0
0+341,seepage,severe,cap_off,44.0682,B级_基本安全,B级_基本安全,C级_不安全,渗流破坏,40.0
0+341,seepage,severe,C3_anchor100,45.4536,B级_基本安全,B级_基本安全,C级_不安全,渗流破坏,100.0
0+341,seepage,severe,C3_anchor100_cap_off,45.4536,B级_基本安全,B级_基本安全,C级_不安全,渗流破坏,100.0
0+342,seepage,severe,full,43.4416,B级_基本安全,B级_基本安全,C级_不安全,渗流破坏,40.0
0+342,seepage,severe,cap_off,43.4416,B级_基本安全,B级_基本安全,C级_不安全,渗流破坏,40.0
0+342,seepage,severe,C3_anchor100,44.827,B级_基本安全,B级_基本安全,C级_不安全,渗流破坏,100.0
0+342,seepage,severe,C3_anchor100_cap_off,44.827,B级_基本安全,B级_基本安全,C级_不安全,渗流破坏,100.0
0+343,seepage,severe,full,43.674,B级_基本安全,B级_基本安全,C级_不安全,渗流破坏,40.0
0+343,seepage,severe,cap_off,43.674,B级_基本安全,B级_基本安全,C级_不安全,渗流破坏,40.0
0+343,seepage,severe,C3_anchor100,45.0595,B级_基本安全,B级_基本安全,C级_不安全,渗流破坏,100.0
0+343,seepage,severe,C3_anchor100_cap_off,45.0595,B级_基本安全,B级_基本安全,C级_不安全,渗流破坏,100.0
0+344,seepage,severe,full,43.576,B级_基本安全,B级_基本安全,C级_不安全,渗流破坏,40.0
0+344,seepage,severe,cap_off,43.576,B级_基本安全,B级_基本安全,C级_不安全,渗流破坏,40.0
0+344,seepage,severe,C3_anchor100,44.9615,B级_基本安全,B级_基本安全,C级_不安全,渗流破坏,100.0
0+344,seepage,severe,C3_anchor100_cap_off,44.9615,B级_基本安全,B级_基本安全,C级_不安全,渗流破坏,100.0
0+345,seepage,severe,full,43.4802,B级_基本安全,B级_基本安全,C级_不安全,渗流破坏,40.0
0+345,seepage,severe,cap_off,43.4802,B级_基本安全,B级_基本安全,C级_不安全,渗流破坏,40.0
0+345,seepage,severe,C3_anchor100,44.8657,B级_基本安全,B级_基本安全,C级_不安全,渗流破坏,100.0
0+345,seepage,severe,C3_anchor100_cap_off,44.8657,B级_基本安全,B级_基本安全,C级_不安全,渗流破坏,100.0
0+346,seepage,severe,full,43.6604,B级_基本安全,B级_基本安全,C级_不安全,渗流破坏,40.0
0+346,seepage,severe,cap_off,43.6604,B级_基本安全,B级_基本安全,C级_不安全,渗流破坏,40.0
0+346,seepage,severe,C3_anchor100,45.0459,B级_基本安全,B级_基本安全,C级_不安全,渗流破坏,100.0
0+346,seepage,severe,C3_anchor100_cap_off,45.0459,B级_基本安全,B级_基本安全,C级_不安全,渗流破坏,100.0
0+347,seepage,severe,full,43.461,B级_基本安全,B级_基本安全,C级_不安全,渗流破坏,40.0
0+347,seepage,severe,cap_off,43.461,B级_基本安全,B级_基本安全,C级_不安全,渗流破坏,40.0
0+347,seepage,severe,C3_anchor100,44.8464,B级_基本安全,B级_基本安全,C级_不安全,渗流破坏,100.0
0+347,seepage,severe,C3_anchor100_cap_off,44.8464,B级_基本安全,B级_基本安全,C级_不安全,渗流破坏,100.0
0+348,seepage,severe,full,43.7073,B级_基本安全,B级_基本安全,C级_不安全,渗流破坏,40.0
0+348,seepage,severe,cap_off,43.7073,B级_基本安全,B级_基本安全,C级_不安全,渗流破坏,40.0
0+348,seepage,severe,C3_anchor100,45.0928,B级_基本安全,B级_基本安全,C级_不安全,渗流破坏,100.0
0+348,seepage,severe,C3_anchor100_cap_off,45.0928,B级_基本安全,B级_基本安全,C级_不安全,渗流破坏,100.0
0+349,seepage,severe,full,43.3358,B级_基本安全,B级_基本安全,C级_不安全,渗流破坏,40.0
0+349,seepage,severe,cap_off,43.3358,B级_基本安全,B级_基本安全,C级_不安全,渗流破坏,40.0
0+349,seepage,severe,C3_anchor100,44.7213,B级_基本安全,B级_基本安全,C级_不安全,渗流破坏,100.0
0+349,seepage,severe,C3_anchor100_cap_off,44.7213,B级_基本安全,B级_基本安全,C级_不安全,渗流破坏,100.0
0+350,seepage,severe,full,43.7083,B级_基本安全,B级_基本安全,C级_不安全,渗流破坏,40.0
0+350,seepage,severe,cap_off,43.7083,B级_基本安全,B级_基本安全,C级_不安全,渗流破坏,40.0
0+350,seepage,severe,C3_anchor100,45.0938,B级_基本安全,B级_基本安全,C级_不安全,渗流破坏,100.0
0+350,seepage,severe,C3_anchor100_cap_off,45.0938,B级_基本安全,B级_基本安全,C级_不安全,渗流破坏,100.0
0+351,seepage,critical,full,24.5891,C级_不安全,C级_不安全,C级_不安全,渗流破坏,0.0
0+351,seepage,critical,cap_off,24.5891,C级_不安全,C级_不安全,C级_不安全,渗流破坏,0.0
0+351,seepage,critical,C3_anchor100,24.5891,C级_不安全,C级_不安全,C级_不安全,渗流破坏,100.0
0+351,seepage,critical,C3_anchor100_cap_off,24.5891,C级_不安全,C级_不安全,C级_不安全,渗流破坏,100.0
0+352,seepage,critical,full,24.5778,C级_不安全,C级_不安全,C级_不安全,渗流破坏,0.0
0+352,seepage,critical,cap_off,24.5778,C级_不安全,C级_不安全,C级_不安全,渗流破坏,0.0
0+352,seepage,critical,C3_anchor100,24.5778,C级_不安全,C级_不安全,C级_不安全,渗流破坏,100.0
0+352,seepage,critical,C3_anchor100_cap_off,24.5778,C级_不安全,C级_不安全,C级_不安全,渗流破坏,100.0
0+353,seepage,critical,full,24.5508,C级_不安全,C级_不安全,C级_不安全,渗流破坏,0.0
0+353,seepage,critical,cap_off,24.5508,C级_不安全,C级_不安全,C级_不安全,渗流破坏,0.0
0+353,seepage,critical,C3_anchor100,24.5508,C级_不安全,C级_不安全,C级_不安全,渗流破坏,100.0
0+353,seepage,critical,C3_anchor100_cap_off,24.5508,C级_不安全,C级_不安全,C级_不安全,渗流破坏,100.0
0+354,seepage,critical,full,24.596,C级_不安全,C级_不安全,C级_不安全,渗流破坏,0.0
0+354,seepage,critical,cap_off,24.596,C级_不安全,C级_不安全,C级_不安全,渗流破坏,0.0
0+354,seepage,critical,C3_anchor100,24.596,C级_不安全,C级_不安全,C级_不安全,渗流破坏,100.0
0+354,seepage,critical,C3_anchor100_cap_off,24.596,C级_不安全,C级_不安全,C级_不安全,渗流破坏,100.0
0+355,seepage,critical,full,24.5411,C级_不安全,C级_不安全,C级_不安全,渗流破坏,0.0
0+355,seepage,critical,cap_off,24.5411,C级_不安全,C级_不安全,C级_不安全,渗流破坏,0.0
0+355,seepage,critical,C3_anchor100,24.5411,C级_不安全,C级_不安全,C级_不安全,渗流破坏,100.0
0+355,seepage,critical,C3_anchor100_cap_off,24.5411,C级_不安全,C级_不安全,C级_不安全,渗流破坏,100.0
0+356,seepage,critical,full,24.552,C级_不安全,C级_不安全,C级_不安全,渗流破坏,0.0
0+356,seepage,critical,cap_off,24.552,C级_不安全,C级_不安全,C级_不安全,渗流破坏,0.0
0+356,seepage,critical,C3_anchor100,24.552,C级_不安全,C级_不安全,C级_不安全,渗流破坏,100.0
0+356,seepage,critical,C3_anchor100_cap_off,24.552,C级_不安全,C级_不安全,C级_不安全,渗流破坏,100.0
0+357,seepage,critical,full,24.6017,C级_不安全,C级_不安全,C级_不安全,渗流破坏,0.0
0+357,seepage,critical,cap_off,24.6017,C级_不安全,C级_不安全,C级_不安全,渗流破坏,0.0
0+357,seepage,critical,C3_anchor100,24.6017,C级_不安全,C级_不安全,C级_不安全,渗流破坏,100.0
0+357,seepage,critical,C3_anchor100_cap_off,24.6017,C级_不安全,C级_不安全,C级_不安全,渗流破坏,100.0
0+358,seepage,critical,full,24.5497,C级_不安全,C级_不安全,C级_不安全,渗流破坏,0.0
0+358,seepage,critical,cap_off,24.5497,C级_不安全,C级_不安全,C级_不安全,渗流破坏,0.0
0+358,seepage,critical,C3_anchor100,24.5497,C级_不安全,C级_不安全,C级_不安全,渗流破坏,100.0
0+358,seepage,critical,C3_anchor100_cap_off,24.5497,C级_不安全,C级_不安全,C级_不安全,渗流破坏,100.0
0+359,seepage,critical,full,24.5691,C级_不安全,C级_不安全,C级_不安全,渗流破坏,0.0
0+359,seepage,critical,cap_off,24.5691,C级_不安全,C级_不安全,C级_不安全,渗流破坏,0.0
0+359,seepage,critical,C3_anchor100,24.5691,C级_不安全,C级_不安全,C级_不安全,渗流破坏,100.0
0+359,seepage,critical,C3_anchor100_cap_off,24.5691,C级_不安全,C级_不安全,C级_不安全,渗流破坏,100.0
0+360,seepage,critical,full,24.5547,C级_不安全,C级_不安全,C级_不安全,渗流破坏,0.0
0+360,seepage,critical,cap_off,24.5547,C级_不安全,C级_不安全,C级_不安全,渗流破坏,0.0
0+360,seepage,critical,C3_anchor100,24.5547,C级_不安全,C级_不安全,C级_不安全,渗流破坏,100.0
0+360,seepage,critical,C3_anchor100_cap_off,24.5547,C级_不安全,C级_不安全,C级_不安全,渗流破坏,100.0
0+361,seepage,critical,full,24.5967,C级_不安全,C级_不安全,C级_不安全,渗流破坏,0.0
0+361,seepage,critical,cap_off,24.5967,C级_不安全,C级_不安全,C级_不安全,渗流破坏,0.0
0+361,seepage,critical,C3_anchor100,24.5967,C级_不安全,C级_不安全,C级_不安全,渗流破坏,100.0
0+361,seepage,critical,C3_anchor100_cap_off,24.5967,C级_不安全,C级_不安全,C级_不安全,渗流破坏,100.0
0+362,seepage,critical,full,24.5764,C级_不安全,C级_不安全,C级_不安全,渗流破坏,0.0
0+362,seepage,critical,cap_off,24.5764,C级_不安全,C级_不安全,C级_不安全,渗流破坏,0.0
0+362,seepage,critical,C3_anchor100,24.5764,C级_不安全,C级_不安全,C级_不安全,渗流破坏,100.0
0+362,seepage,critical,C3_anchor100_cap_off,24.5764,C级_不安全,C级_不安全,C级_不安全,渗流破坏,100.0
0+363,seepage,critical,full,24.5682,C级_不安全,C级_不安全,C级_不安全,渗流破坏,0.0
0+363,seepage,critical,cap_off,24.5682,C级_不安全,C级_不安全,C级_不安全,渗流破坏,0.0
0+363,seepage,critical,C3_anchor100,24.5682,C级_不安全,C级_不安全,C级_不安全,渗流破坏,100.0
0+363,seepage,critical,C3_anchor100_cap_off,24.5682,C级_不安全,C级_不安全,C级_不安全,渗流破坏,100.0
0+364,seepage,critical,full,24.5865,C级_不安全,C级_不安全,C级_不安全,渗流破坏,0.0
0+364,seepage,critical,cap_off,24.5865,C级_不安全,C级_不安全,C级_不安全,渗流破坏,0.0
0+364,seepage,critical,C3_anchor100,24.5865,C级_不安全,C级_不安全,C级_不安全,渗流破坏,100.0
0+364,seepage,critical,C3_anchor100_cap_off,24.5865,C级_不安全,C级_不安全,C级_不安全,渗流破坏,100.0
0+365,seepage,critical,full,24.5833,C级_不安全,C级_不安全,C级_不安全,渗流破坏,0.0
0+365,seepage,critical,cap_off,24.5833,C级_不安全,C级_不安全,C级_不安全,渗流破坏,0.0
0+365,seepage,critical,C3_anchor100,24.5833,C级_不安全,C级_不安全,C级_不安全,渗流破坏,100.0
0+365,seepage,critical,C3_anchor100_cap_off,24.5833,C级_不安全,C级_不安全,C级_不安全,渗流破坏,100.0
0+366,seepage,critical,full,24.5847,C级_不安全,C级_不安全,C级_不安全,渗流破坏,0.0
0+366,seepage,critical,cap_off,24.5847,C级_不安全,C级_不安全,C级_不安全,渗流破坏,0.0
0+366,seepage,critical,C3_anchor100,24.5847,C级_不安全,C级_不安全,C级_不安全,渗流破坏,100.0
0+366,seepage,critical,C3_anchor100_cap_off,24.5847,C级_不安全,C级_不安全,C级_不安全,渗流破坏,100.0
0+367,seepage,critical,full,24.5936,C级_不安全,C级_不安全,C级_不安全,渗流破坏,0.0
0+367,seepage,critical,cap_off,24.5936,C级_不安全,C级_不安全,C级_不安全,渗流破坏,0.0
0+367,seepage,critical,C3_anchor100,24.5936,C级_不安全,C级_不安全,C级_不安全,渗流破坏,100.0
0+367,seepage,critical,C3_anchor100_cap_off,24.5936,C级_不安全,C级_不安全,C级_不安全,渗流破坏,100.0
0+368,seepage,critical,full,24.6039,C级_不安全,C级_不安全,C级_不安全,渗流破坏,0.0
0+368,seepage,critical,cap_off,24.6039,C级_不安全,C级_不安全,C级_不安全,渗流破坏,0.0
0+368,seepage,critical,C3_anchor100,24.6039,C级_不安全,C级_不安全,C级_不安全,渗流破坏,100.0
0+368,seepage,critical,C3_anchor100_cap_off,24.6039,C级_不安全,C级_不安全,C级_不安全,渗流破坏,100.0
0+369,seepage,critical,full,24.5893,C级_不安全,C级_不安全,C级_不安全,渗流破坏,0.0
0+369,seepage,critical,cap_off,24.5893,C级_不安全,C级_不安全,C级_不安全,渗流破坏,0.0
0+369,seepage,critical,C3_anchor100,24.5893,C级_不安全,C级_不安全,C级_不安全,渗流破坏,100.0
0+369,seepage,critical,C3_anchor100_cap_off,24.5893,C级_不安全,C级_不安全,C级_不安全,渗流破坏,100.0
0+370,seepage,critical,full,24.6035,C级_不安全,C级_不安全,C级_不安全,渗流破坏,0.0
0+370,seepage,critical,cap_off,24.6035,C级_不安全,C级_不安全,C级_不安全,渗流破坏,0.0
0+370,seepage,critical,C3_anchor100,24.6035,C级_不安全,C级_不安全,C级_不安全,渗流破坏,100.0
0+370,seepage,critical,C3_anchor100_cap_off,24.6035,C级_不安全,C级_不安全,C级_不安全,渗流破坏,100.0
0+371,seepage,critical,full,24.5438,C级_不安全,C级_不安全,C级_不安全,渗流破坏,0.0
0+371,seepage,critical,cap_off,24.5438,C级_不安全,C级_不安全,C级_不安全,渗流破坏,0.0
0+371,seepage,critical,C3_anchor100,24.5438,C级_不安全,C级_不安全,C级_不安全,渗流破坏,100.0
0+371,seepage,critical,C3_anchor100_cap_off,24.5438,C级_不安全,C级_不安全,C级_不安全,渗流破坏,100.0
0+372,seepage,critical,full,24.5569,C级_不安全,C级_不安全,C级_不安全,渗流破坏,0.0
0+372,seepage,critical,cap_off,24.5569,C级_不安全,C级_不安全,C级_不安全,渗流破坏,0.0
0+372,seepage,critical,C3_anchor100,24.5569,C级_不安全,C级_不安全,C级_不安全,渗流破坏,100.0
0+372,seepage,critical,C3_anchor100_cap_off,24.5569,C级_不安全,C级_不安全,C级_不安全,渗流破坏,100.0
0+373,seepage,critical,full,24.5869,C级_不安全,C级_不安全,C级_不安全,渗流破坏,0.0
0+373,seepage,critical,cap_off,24.5869,C级_不安全,C级_不安全,C级_不安全,渗流破坏,0.0
0+373,seepage,critical,C3_anchor100,24.5869,C级_不安全,C级_不安全,C级_不安全,渗流破坏,100.0
0+373,seepage,critical,C3_anchor100_cap_off,24.5869,C级_不安全,C级_不安全,C级_不安全,渗流破坏,100.0
0+374,seepage,critical,full,24.6028,C级_不安全,C级_不安全,C级_不安全,渗流破坏,0.0
0+374,seepage,critical,cap_off,24.6028,C级_不安全,C级_不安全,C级_不安全,渗流破坏,0.0
0+374,seepage,critical,C3_anchor100,24.6028,C级_不安全,C级_不安全,C级_不安全,渗流破坏,100.0
0+374,seepage,critical,C3_anchor100_cap_off,24.6028,C级_不安全,C级_不安全,C级_不安全,渗流破坏,100.0
0+375,seepage,critical,full,24.5878,C级_不安全,C级_不安全,C级_不安全,渗流破坏,0.0
0+375,seepage,critical,cap_off,24.5878,C级_不安全,C级_不安全,C级_不安全,渗流破坏,0.0
0+375,seepage,critical,C3_anchor100,24.5878,C级_不安全,C级_不安全,C级_不安全,渗流破坏,100.0
0+375,seepage,critical,C3_anchor100_cap_off,24.5878,C级_不安全,C级_不安全,C级_不安全,渗流破坏,100.0
0+376,slope,safe,full,96.0493,A级_安全,A级_安全,A级_安全,渗流破坏,100.0
0+376,slope,safe,cap_off,96.0493,A级_安全,A级_安全,A级_安全,渗流破坏,100.0
0+376,slope,safe,C3_anchor100,96.0493,A级_安全,A级_安全,A级_安全,渗流破坏,100.0
0+376,slope,safe,C3_anchor100_cap_off,96.0493,A级_安全,A级_安全,A级_安全,渗流破坏,100.0
0+377,slope,safe,full,96.0493,A级_安全,A级_安全,A级_安全,渗流破坏,100.0
0+377,slope,safe,cap_off,96.0493,A级_安全,A级_安全,A级_安全,渗流破坏,100.0
0+377,slope,safe,C3_anchor100,96.0493,A级_安全,A级_安全,A级_安全,渗流破坏,100.0
0+377,slope,safe,C3_anchor100_cap_off,96.0493,A级_安全,A级_安全,A级_安全,渗流破坏,100.0
0+378,slope,safe,full,96.0493,A级_安全,A级_安全,A级_安全,渗流破坏,100.0
0+378,slope,safe,cap_off,96.0493,A级_安全,A级_安全,A级_安全,渗流破坏,100.0
0+378,slope,safe,C3_anchor100,96.0493,A级_安全,A级_安全,A级_安全,渗流破坏,100.0
0+378,slope,safe,C3_anchor100_cap_off,96.0493,A级_安全,A级_安全,A级_安全,渗流破坏,100.0
0+379,slope,safe,full,96.0493,A级_安全,A级_安全,A级_安全,渗流破坏,100.0
0+379,slope,safe,cap_off,96.0493,A级_安全,A级_安全,A级_安全,渗流破坏,100.0
0+379,slope,safe,C3_anchor100,96.0493,A级_安全,A级_安全,A级_安全,渗流破坏,100.0
0+379,slope,safe,C3_anchor100_cap_off,96.0493,A级_安全,A级_安全,A级_安全,渗流破坏,100.0
0+380,slope,safe,full,96.0493,A级_安全,A级_安全,A级_安全,渗流破坏,100.0
0+380,slope,safe,cap_off,96.0493,A级_安全,A级_安全,A级_安全,渗流破坏,100.0
0+380,slope,safe,C3_anchor100,96.0493,A级_安全,A级_安全,A级_安全,渗流破坏,100.0
0+380,slope,safe,C3_anchor100_cap_off,96.0493,A级_安全,A级_安全,A级_安全,渗流破坏,100.0
0+381,slope,safe,full,96.0493,A级_安全,A级_安全,A级_安全,渗流破坏,100.0
0+381,slope,safe,cap_off,96.0493,A级_安全,A级_安全,A级_安全,渗流破坏,100.0
0+381,slope,safe,C3_anchor100,96.0493,A级_安全,A级_安全,A级_安全,渗流破坏,100.0
0+381,slope,safe,C3_anchor100_cap_off,96.0493,A级_安全,A级_安全,A级_安全,渗流破坏,100.0
0+382,slope,safe,full,96.0493,A级_安全,A级_安全,A级_安全,渗流破坏,100.0
0+382,slope,safe,cap_off,96.0493,A级_安全,A级_安全,A级_安全,渗流破坏,100.0
0+382,slope,safe,C3_anchor100,96.0493,A级_安全,A级_安全,A级_安全,渗流破坏,100.0
0+382,slope,safe,C3_anchor100_cap_off,96.0493,A级_安全,A级_安全,A级_安全,渗流破坏,100.0
0+383,slope,safe,full,96.0493,A级_安全,A级_安全,A级_安全,渗流破坏,100.0
0+383,slope,safe,cap_off,96.0493,A级_安全,A级_安全,A级_安全,渗流破坏,100.0
0+383,slope,safe,C3_anchor100,96.0493,A级_安全,A级_安全,A级_安全,渗流破坏,100.0
0+383,slope,safe,C3_anchor100_cap_off,96.0493,A级_安全,A级_安全,A级_安全,渗流破坏,100.0
0+384,slope,safe,full,96.0493,A级_安全,A级_安全,A级_安全,渗流破坏,100.0
0+384,slope,safe,cap_off,96.0493,A级_安全,A级_安全,A级_安全,渗流破坏,100.0
0+384,slope,safe,C3_anchor100,96.0493,A级_安全,A级_安全,A级_安全,渗流破坏,100.0
0+384,slope,safe,C3_anchor100_cap_off,96.0493,A级_安全,A级_安全,A级_安全,渗流破坏,100.0
0+385,slope,safe,full,96.0493,A级_安全,A级_安全,A级_安全,渗流破坏,100.0
0+385,slope,safe,cap_off,96.0493,A级_安全,A级_安全,A级_安全,渗流破坏,100.0
0+385,slope,safe,C3_anchor100,96.0493,A级_安全,A级_安全,A级_安全,渗流破坏,100.0
0+385,slope,safe,C3_anchor100_cap_off,96.0493,A级_安全,A级_安全,A级_安全,渗流破坏,100.0
0+386,slope,safe,full,96.0493,A级_安全,A级_安全,A级_安全,渗流破坏,100.0
0+386,slope,safe,cap_off,96.0493,A级_安全,A级_安全,A级_安全,渗流破坏,100.0
0+386,slope,safe,C3_anchor100,96.0493,A级_安全,A级_安全,A级_安全,渗流破坏,100.0
0+386,slope,safe,C3_anchor100_cap_off,96.0493,A级_安全,A级_安全,A级_安全,渗流破坏,100.0
0+387,slope,safe,full,96.0493,A级_安全,A级_安全,A级_安全,渗流破坏,100.0
0+387,slope,safe,cap_off,96.0493,A级_安全,A级_安全,A级_安全,渗流破坏,100.0
0+387,slope,safe,C3_anchor100,96.0493,A级_安全,A级_安全,A级_安全,渗流破坏,100.0
0+387,slope,safe,C3_anchor100_cap_off,96.0493,A级_安全,A级_安全,A级_安全,渗流破坏,100.0
0+388,slope,safe,full,96.0493,A级_安全,A级_安全,A级_安全,渗流破坏,100.0
0+388,slope,safe,cap_off,96.0493,A级_安全,A级_安全,A级_安全,渗流破坏,100.0
0+388,slope,safe,C3_anchor100,96.0493,A级_安全,A级_安全,A级_安全,渗流破坏,100.0
0+388,slope,safe,C3_anchor100_cap_off,96.0493,A级_安全,A级_安全,A级_安全,渗流破坏,100.0
0+389,slope,safe,full,96.0493,A级_安全,A级_安全,A级_安全,渗流破坏,100.0
0+389,slope,safe,cap_off,96.0493,A级_安全,A级_安全,A级_安全,渗流破坏,100.0
0+389,slope,safe,C3_anchor100,96.0493,A级_安全,A级_安全,A级_安全,渗流破坏,100.0
0+389,slope,safe,C3_anchor100_cap_off,96.0493,A级_安全,A级_安全,A级_安全,渗流破坏,100.0
0+390,slope,safe,full,96.0493,A级_安全,A级_安全,A级_安全,渗流破坏,100.0
0+390,slope,safe,cap_off,96.0493,A级_安全,A级_安全,A级_安全,渗流破坏,100.0
0+390,slope,safe,C3_anchor100,96.0493,A级_安全,A级_安全,A级_安全,渗流破坏,100.0
0+390,slope,safe,C3_anchor100_cap_off,96.0493,A级_安全,A级_安全,A级_安全,渗流破坏,100.0
0+391,slope,safe,full,96.0493,A级_安全,A级_安全,A级_安全,渗流破坏,100.0
0+391,slope,safe,cap_off,96.0493,A级_安全,A级_安全,A级_安全,渗流破坏,100.0
0+391,slope,safe,C3_anchor100,96.0493,A级_安全,A级_安全,A级_安全,渗流破坏,100.0
0+391,slope,safe,C3_anchor100_cap_off,96.0493,A级_安全,A级_安全,A级_安全,渗流破坏,100.0
0+392,slope,safe,full,96.0493,A级_安全,A级_安全,A级_安全,渗流破坏,100.0
0+392,slope,safe,cap_off,96.0493,A级_安全,A级_安全,A级_安全,渗流破坏,100.0
0+392,slope,safe,C3_anchor100,96.0493,A级_安全,A级_安全,A级_安全,渗流破坏,100.0
0+392,slope,safe,C3_anchor100_cap_off,96.0493,A级_安全,A级_安全,A级_安全,渗流破坏,100.0
0+393,slope,safe,full,96.0493,A级_安全,A级_安全,A级_安全,渗流破坏,100.0
0+393,slope,safe,cap_off,96.0493,A级_安全,A级_安全,A级_安全,渗流破坏,100.0
0+393,slope,safe,C3_anchor100,96.0493,A级_安全,A级_安全,A级_安全,渗流破坏,100.0
0+393,slope,safe,C3_anchor100_cap_off,96.0493,A级_安全,A级_安全,A级_安全,渗流破坏,100.0
0+394,slope,safe,full,96.0493,A级_安全,A级_安全,A级_安全,渗流破坏,100.0
0+394,slope,safe,cap_off,96.0493,A级_安全,A级_安全,A级_安全,渗流破坏,100.0
0+394,slope,safe,C3_anchor100,96.0493,A级_安全,A级_安全,A级_安全,渗流破坏,100.0
0+394,slope,safe,C3_anchor100_cap_off,96.0493,A级_安全,A级_安全,A级_安全,渗流破坏,100.0
0+395,slope,safe,full,96.0493,A级_安全,A级_安全,A级_安全,渗流破坏,100.0
0+395,slope,safe,cap_off,96.0493,A级_安全,A级_安全,A级_安全,渗流破坏,100.0
0+395,slope,safe,C3_anchor100,96.0493,A级_安全,A级_安全,A级_安全,渗流破坏,100.0
0+395,slope,safe,C3_anchor100_cap_off,96.0493,A级_安全,A级_安全,A级_安全,渗流破坏,100.0
0+396,slope,safe,full,96.0493,A级_安全,A级_安全,A级_安全,渗流破坏,100.0
0+396,slope,safe,cap_off,96.0493,A级_安全,A级_安全,A级_安全,渗流破坏,100.0
0+396,slope,safe,C3_anchor100,96.0493,A级_安全,A级_安全,A级_安全,渗流破坏,100.0
0+396,slope,safe,C3_anchor100_cap_off,96.0493,A级_安全,A级_安全,A级_安全,渗流破坏,100.0
0+397,slope,safe,full,96.0493,A级_安全,A级_安全,A级_安全,渗流破坏,100.0
0+397,slope,safe,cap_off,96.0493,A级_安全,A级_安全,A级_安全,渗流破坏,100.0
0+397,slope,safe,C3_anchor100,96.0493,A级_安全,A级_安全,A级_安全,渗流破坏,100.0
0+397,slope,safe,C3_anchor100_cap_off,96.0493,A级_安全,A级_安全,A级_安全,渗流破坏,100.0
0+398,slope,safe,full,96.0493,A级_安全,A级_安全,A级_安全,渗流破坏,100.0
0+398,slope,safe,cap_off,96.0493,A级_安全,A级_安全,A级_安全,渗流破坏,100.0
0+398,slope,safe,C3_anchor100,96.0493,A级_安全,A级_安全,A级_安全,渗流破坏,100.0
0+398,slope,safe,C3_anchor100_cap_off,96.0493,A级_安全,A级_安全,A级_安全,渗流破坏,100.0
0+399,slope,safe,full,96.0493,A级_安全,A级_安全,A级_安全,渗流破坏,100.0
0+399,slope,safe,cap_off,96.0493,A级_安全,A级_安全,A级_安全,渗流破坏,100.0
0+399,slope,safe,C3_anchor100,96.0493,A级_安全,A级_安全,A级_安全,渗流破坏,100.0
0+399,slope,safe,C3_anchor100_cap_off,96.0493,A级_安全,A级_安全,A级_安全,渗流破坏,100.0
0+400,slope,safe,full,96.0493,A级_安全,A级_安全,A级_安全,渗流破坏,100.0
0+400,slope,safe,cap_off,96.0493,A级_安全,A级_安全,A级_安全,渗流破坏,100.0
0+400,slope,safe,C3_anchor100,96.0493,A级_安全,A级_安全,A级_安全,渗流破坏,100.0
0+400,slope,safe,C3_anchor100_cap_off,96.0493,A级_安全,A级_安全,A级_安全,渗流破坏,100.0
0+401,slope,slight,full,95.0967,A级_安全,A级_安全,A级_安全,渗流破坏,100.0
0+401,slope,slight,cap_off,95.0967,A级_安全,A级_安全,A级_安全,渗流破坏,100.0
0+401,slope,slight,C3_anchor100,95.0967,A级_安全,A级_安全,A级_安全,渗流破坏,100.0
0+401,slope,slight,C3_anchor100_cap_off,95.0967,A级_安全,A级_安全,A级_安全,渗流破坏,100.0
0+402,slope,slight,full,95.0967,A级_安全,A级_安全,A级_安全,渗流破坏,100.0
0+402,slope,slight,cap_off,95.0967,A级_安全,A级_安全,A级_安全,渗流破坏,100.0
0+402,slope,slight,C3_anchor100,95.0967,A级_安全,A级_安全,A级_安全,渗流破坏,100.0
0+402,slope,slight,C3_anchor100_cap_off,95.0967,A级_安全,A级_安全,A级_安全,渗流破坏,100.0
0+403,slope,slight,full,95.0967,A级_安全,A级_安全,A级_安全,渗流破坏,100.0
0+403,slope,slight,cap_off,95.0967,A级_安全,A级_安全,A级_安全,渗流破坏,100.0
0+403,slope,slight,C3_anchor100,95.0967,A级_安全,A级_安全,A级_安全,渗流破坏,100.0
0+403,slope,slight,C3_anchor100_cap_off,95.0967,A级_安全,A级_安全,A级_安全,渗流破坏,100.0
0+404,slope,slight,full,95.0967,A级_安全,A级_安全,A级_安全,渗流破坏,100.0
0+404,slope,slight,cap_off,95.0967,A级_安全,A级_安全,A级_安全,渗流破坏,100.0
0+404,slope,slight,C3_anchor100,95.0967,A级_安全,A级_安全,A级_安全,渗流破坏,100.0
0+404,slope,slight,C3_anchor100_cap_off,95.0967,A级_安全,A级_安全,A级_安全,渗流破坏,100.0
0+405,slope,slight,full,95.0967,A级_安全,A级_安全,A级_安全,渗流破坏,100.0
0+405,slope,slight,cap_off,95.0967,A级_安全,A级_安全,A级_安全,渗流破坏,100.0
0+405,slope,slight,C3_anchor100,95.0967,A级_安全,A级_安全,A级_安全,渗流破坏,100.0
0+405,slope,slight,C3_anchor100_cap_off,95.0967,A级_安全,A级_安全,A级_安全,渗流破坏,100.0
0+406,slope,slight,full,95.0967,A级_安全,A级_安全,A级_安全,渗流破坏,100.0
0+406,slope,slight,cap_off,95.0967,A级_安全,A级_安全,A级_安全,渗流破坏,100.0
0+406,slope,slight,C3_anchor100,95.0967,A级_安全,A级_安全,A级_安全,渗流破坏,100.0
0+406,slope,slight,C3_anchor100_cap_off,95.0967,A级_安全,A级_安全,A级_安全,渗流破坏,100.0
0+407,slope,slight,full,95.0967,A级_安全,A级_安全,A级_安全,渗流破坏,100.0
0+407,slope,slight,cap_off,95.0967,A级_安全,A级_安全,A级_安全,渗流破坏,100.0
0+407,slope,slight,C3_anchor100,95.0967,A级_安全,A级_安全,A级_安全,渗流破坏,100.0
0+407,slope,slight,C3_anchor100_cap_off,95.0967,A级_安全,A级_安全,A级_安全,渗流破坏,100.0
0+408,slope,slight,full,95.0967,A级_安全,A级_安全,A级_安全,渗流破坏,100.0
0+408,slope,slight,cap_off,95.0967,A级_安全,A级_安全,A级_安全,渗流破坏,100.0
0+408,slope,slight,C3_anchor100,95.0967,A级_安全,A级_安全,A级_安全,渗流破坏,100.0
0+408,slope,slight,C3_anchor100_cap_off,95.0967,A级_安全,A级_安全,A级_安全,渗流破坏,100.0
0+409,slope,slight,full,95.0967,A级_安全,A级_安全,A级_安全,渗流破坏,100.0
0+409,slope,slight,cap_off,95.0967,A级_安全,A级_安全,A级_安全,渗流破坏,100.0
0+409,slope,slight,C3_anchor100,95.0967,A级_安全,A级_安全,A级_安全,渗流破坏,100.0
0+409,slope,slight,C3_anchor100_cap_off,95.0967,A级_安全,A级_安全,A级_安全,渗流破坏,100.0
0+410,slope,slight,full,95.0967,A级_安全,A级_安全,A级_安全,渗流破坏,100.0
0+410,slope,slight,cap_off,95.0967,A级_安全,A级_安全,A级_安全,渗流破坏,100.0
0+410,slope,slight,C3_anchor100,95.0967,A级_安全,A级_安全,A级_安全,渗流破坏,100.0
0+410,slope,slight,C3_anchor100_cap_off,95.0967,A级_安全,A级_安全,A级_安全,渗流破坏,100.0
0+411,slope,slight,full,95.0967,A级_安全,A级_安全,A级_安全,渗流破坏,100.0
0+411,slope,slight,cap_off,95.0967,A级_安全,A级_安全,A级_安全,渗流破坏,100.0
0+411,slope,slight,C3_anchor100,95.0967,A级_安全,A级_安全,A级_安全,渗流破坏,100.0
0+411,slope,slight,C3_anchor100_cap_off,95.0967,A级_安全,A级_安全,A级_安全,渗流破坏,100.0
0+412,slope,slight,full,95.0967,A级_安全,A级_安全,A级_安全,渗流破坏,100.0
0+412,slope,slight,cap_off,95.0967,A级_安全,A级_安全,A级_安全,渗流破坏,100.0
0+412,slope,slight,C3_anchor100,95.0967,A级_安全,A级_安全,A级_安全,渗流破坏,100.0
0+412,slope,slight,C3_anchor100_cap_off,95.0967,A级_安全,A级_安全,A级_安全,渗流破坏,100.0
0+413,slope,slight,full,95.0967,A级_安全,A级_安全,A级_安全,渗流破坏,100.0
0+413,slope,slight,cap_off,95.0967,A级_安全,A级_安全,A级_安全,渗流破坏,100.0
0+413,slope,slight,C3_anchor100,95.0967,A级_安全,A级_安全,A级_安全,渗流破坏,100.0
0+413,slope,slight,C3_anchor100_cap_off,95.0967,A级_安全,A级_安全,A级_安全,渗流破坏,100.0
0+414,slope,slight,full,95.0967,A级_安全,A级_安全,A级_安全,渗流破坏,100.0
0+414,slope,slight,cap_off,95.0967,A级_安全,A级_安全,A级_安全,渗流破坏,100.0
0+414,slope,slight,C3_anchor100,95.0967,A级_安全,A级_安全,A级_安全,渗流破坏,100.0
0+414,slope,slight,C3_anchor100_cap_off,95.0967,A级_安全,A级_安全,A级_安全,渗流破坏,100.0
0+415,slope,slight,full,95.0967,A级_安全,A级_安全,A级_安全,渗流破坏,100.0
0+415,slope,slight,cap_off,95.0967,A级_安全,A级_安全,A级_安全,渗流破坏,100.0
0+415,slope,slight,C3_anchor100,95.0967,A级_安全,A级_安全,A级_安全,渗流破坏,100.0
0+415,slope,slight,C3_anchor100_cap_off,95.0967,A级_安全,A级_安全,A级_安全,渗流破坏,100.0
0+416,slope,slight,full,95.0967,A级_安全,A级_安全,A级_安全,渗流破坏,100.0
0+416,slope,slight,cap_off,95.0967,A级_安全,A级_安全,A级_安全,渗流破坏,100.0
0+416,slope,slight,C3_anchor100,95.0967,A级_安全,A级_安全,A级_安全,渗流破坏,100.0
0+416,slope,slight,C3_anchor100_cap_off,95.0967,A级_安全,A级_安全,A级_安全,渗流破坏,100.0
0+417,slope,slight,full,95.0967,A级_安全,A级_安全,A级_安全,渗流破坏,100.0
0+417,slope,slight,cap_off,95.0967,A级_安全,A级_安全,A级_安全,渗流破坏,100.0
0+417,slope,slight,C3_anchor100,95.0967,A级_安全,A级_安全,A级_安全,渗流破坏,100.0
0+417,slope,slight,C3_anchor100_cap_off,95.0967,A级_安全,A级_安全,A级_安全,渗流破坏,100.0
0+418,slope,slight,full,95.0967,A级_安全,A级_安全,A级_安全,渗流破坏,100.0
0+418,slope,slight,cap_off,95.0967,A级_安全,A级_安全,A级_安全,渗流破坏,100.0
0+418,slope,slight,C3_anchor100,95.0967,A级_安全,A级_安全,A级_安全,渗流破坏,100.0
0+418,slope,slight,C3_anchor100_cap_off,95.0967,A级_安全,A级_安全,A级_安全,渗流破坏,100.0
0+419,slope,slight,full,95.0967,A级_安全,A级_安全,A级_安全,渗流破坏,100.0
0+419,slope,slight,cap_off,95.0967,A级_安全,A级_安全,A级_安全,渗流破坏,100.0
0+419,slope,slight,C3_anchor100,95.0967,A级_安全,A级_安全,A级_安全,渗流破坏,100.0
0+419,slope,slight,C3_anchor100_cap_off,95.0967,A级_安全,A级_安全,A级_安全,渗流破坏,100.0
0+420,slope,slight,full,95.0967,A级_安全,A级_安全,A级_安全,渗流破坏,100.0
0+420,slope,slight,cap_off,95.0967,A级_安全,A级_安全,A级_安全,渗流破坏,100.0
0+420,slope,slight,C3_anchor100,95.0967,A级_安全,A级_安全,A级_安全,渗流破坏,100.0
0+420,slope,slight,C3_anchor100_cap_off,95.0967,A级_安全,A级_安全,A级_安全,渗流破坏,100.0
0+421,slope,slight,full,95.0967,A级_安全,A级_安全,A级_安全,渗流破坏,100.0
0+421,slope,slight,cap_off,95.0967,A级_安全,A级_安全,A级_安全,渗流破坏,100.0
0+421,slope,slight,C3_anchor100,95.0967,A级_安全,A级_安全,A级_安全,渗流破坏,100.0
0+421,slope,slight,C3_anchor100_cap_off,95.0967,A级_安全,A级_安全,A级_安全,渗流破坏,100.0
0+422,slope,slight,full,95.0967,A级_安全,A级_安全,A级_安全,渗流破坏,100.0
0+422,slope,slight,cap_off,95.0967,A级_安全,A级_安全,A级_安全,渗流破坏,100.0
0+422,slope,slight,C3_anchor100,95.0967,A级_安全,A级_安全,A级_安全,渗流破坏,100.0
0+422,slope,slight,C3_anchor100_cap_off,95.0967,A级_安全,A级_安全,A级_安全,渗流破坏,100.0
0+423,slope,slight,full,95.0967,A级_安全,A级_安全,A级_安全,渗流破坏,100.0
0+423,slope,slight,cap_off,95.0967,A级_安全,A级_安全,A级_安全,渗流破坏,100.0
0+423,slope,slight,C3_anchor100,95.0967,A级_安全,A级_安全,A级_安全,渗流破坏,100.0
0+423,slope,slight,C3_anchor100_cap_off,95.0967,A级_安全,A级_安全,A级_安全,渗流破坏,100.0
0+424,slope,slight,full,95.0967,A级_安全,A级_安全,A级_安全,渗流破坏,100.0
0+424,slope,slight,cap_off,95.0967,A级_安全,A级_安全,A级_安全,渗流破坏,100.0
0+424,slope,slight,C3_anchor100,95.0967,A级_安全,A级_安全,A级_安全,渗流破坏,100.0
0+424,slope,slight,C3_anchor100_cap_off,95.0967,A级_安全,A级_安全,A级_安全,渗流破坏,100.0
0+425,slope,slight,full,95.0967,A级_安全,A级_安全,A级_安全,渗流破坏,100.0
0+425,slope,slight,cap_off,95.0967,A级_安全,A级_安全,A级_安全,渗流破坏,100.0
0+425,slope,slight,C3_anchor100,95.0967,A级_安全,A级_安全,A级_安全,渗流破坏,100.0
0+425,slope,slight,C3_anchor100_cap_off,95.0967,A级_安全,A级_安全,A级_安全,渗流破坏,100.0
0+426,slope,moderate,full,84.455,A级_安全,A级_安全,B级_基本安全,边坡失稳,100.0
0+426,slope,moderate,cap_off,84.455,A级_安全,A级_安全,B级_基本安全,边坡失稳,100.0
0+426,slope,moderate,C3_anchor100,84.455,A级_安全,A级_安全,B级_基本安全,边坡失稳,100.0
0+426,slope,moderate,C3_anchor100_cap_off,84.455,A级_安全,A级_安全,B级_基本安全,边坡失稳,100.0
0+427,slope,moderate,full,84.9555,A级_安全,A级_安全,B级_基本安全,边坡失稳,100.0
0+427,slope,moderate,cap_off,84.9555,A级_安全,A级_安全,B级_基本安全,边坡失稳,100.0
0+427,slope,moderate,C3_anchor100,84.9555,A级_安全,A级_安全,B级_基本安全,边坡失稳,100.0
0+427,slope,moderate,C3_anchor100_cap_off,84.9555,A级_安全,A级_安全,B级_基本安全,边坡失稳,100.0
0+428,slope,moderate,full,86.4613,A级_安全,A级_安全,B级_基本安全,边坡失稳,100.0
0+428,slope,moderate,cap_off,86.4613,A级_安全,A级_安全,B级_基本安全,边坡失稳,100.0
0+428,slope,moderate,C3_anchor100,86.4613,A级_安全,A级_安全,B级_基本安全,边坡失稳,100.0
0+428,slope,moderate,C3_anchor100_cap_off,86.4613,A级_安全,A级_安全,B级_基本安全,边坡失稳,100.0
0+429,slope,moderate,full,86.8711,A级_安全,A级_安全,B级_基本安全,边坡失稳,100.0
0+429,slope,moderate,cap_off,86.8711,A级_安全,A级_安全,B级_基本安全,边坡失稳,100.0
0+429,slope,moderate,C3_anchor100,86.8711,A级_安全,A级_安全,B级_基本安全,边坡失稳,100.0
0+429,slope,moderate,C3_anchor100_cap_off,86.8711,A级_安全,A级_安全,B级_基本安全,边坡失稳,100.0
0+430,slope,moderate,full,87.178,A级_安全,A级_安全,B级_基本安全,边坡失稳,100.0
0+430,slope,moderate,cap_off,87.178,A级_安全,A级_安全,B级_基本安全,边坡失稳,100.0
0+430,slope,moderate,C3_anchor100,87.178,A级_安全,A级_安全,B级_基本安全,边坡失稳,100.0
0+430,slope,moderate,C3_anchor100_cap_off,87.178,A级_安全,A级_安全,B级_基本安全,边坡失稳,100.0
0+431,slope,moderate,full,86.3978,A级_安全,A级_安全,B级_基本安全,边坡失稳,100.0
0+431,slope,moderate,cap_off,86.3978,A级_安全,A级_安全,B级_基本安全,边坡失稳,100.0
0+431,slope,moderate,C3_anchor100,86.3978,A级_安全,A级_安全,B级_基本安全,边坡失稳,100.0
0+431,slope,moderate,C3_anchor100_cap_off,86.3978,A级_安全,A级_安全,B级_基本安全,边坡失稳,100.0
0+432,slope,moderate,full,85.9682,A级_安全,A级_安全,B级_基本安全,边坡失稳,100.0
0+432,slope,moderate,cap_off,85.9682,A级_安全,A级_安全,B级_基本安全,边坡失稳,100.0
0+432,slope,moderate,C3_anchor100,85.9682,A级_安全,A级_安全,B级_基本安全,边坡失稳,100.0
0+432,slope,moderate,C3_anchor100_cap_off,85.9682,A级_安全,A级_安全,B级_基本安全,边坡失稳,100.0
0+433,slope,moderate,full,85.51,A级_安全,A级_安全,B级_基本安全,边坡失稳,100.0
0+433,slope,moderate,cap_off,85.51,A级_安全,A级_安全,B级_基本安全,边坡失稳,100.0
0+433,slope,moderate,C3_anchor100,85.51,A级_安全,A级_安全,B级_基本安全,边坡失稳,100.0
0+433,slope,moderate,C3_anchor100_cap_off,85.51,A级_安全,A级_安全,B级_基本安全,边坡失稳,100.0
0+434,slope,moderate,full,87.0162,A级_安全,A级_安全,B级_基本安全,边坡失稳,100.0
0+434,slope,moderate,cap_off,87.0162,A级_安全,A级_安全,B级_基本安全,边坡失稳,100.0
0+434,slope,moderate,C3_anchor100,87.0162,A级_安全,A级_安全,B级_基本安全,边坡失稳,100.0
0+434,slope,moderate,C3_anchor100_cap_off,87.0162,A级_安全,A级_安全,B级_基本安全,边坡失稳,100.0
0+435,slope,moderate,full,87.3752,A级_安全,A级_安全,B级_基本安全,边坡失稳,100.0
0+435,slope,moderate,cap_off,87.3752,A级_安全,A级_安全,B级_基本安全,边坡失稳,100.0
0+435,slope,moderate,C3_anchor100,87.3752,A级_安全,A级_安全,B级_基本安全,边坡失稳,100.0
0+435,slope,moderate,C3_anchor100_cap_off,87.3752,A级_安全,A级_安全,B级_基本安全,边坡失稳,100.0
0+436,slope,moderate,full,85.6133,A级_安全,A级_安全,B级_基本安全,边坡失稳,100.0
0+436,slope,moderate,cap_off,85.6133,A级_安全,A级_安全,B级_基本安全,边坡失稳,100.0
0+436,slope,moderate,C3_anchor100,85.6133,A级_安全,A级_安全,B级_基本安全,边坡失稳,100.0
0+436,slope,moderate,C3_anchor100_cap_off,85.6133,A级_安全,A级_安全,B级_基本安全,边坡失稳,100.0
0+437,slope,moderate,full,87.2958,A级_安全,A级_安全,B级_基本安全,边坡失稳,100.0
0+437,slope,moderate,cap_off,87.2958,A级_安全,A级_安全,B级_基本安全,边坡失稳,100.0
0+437,slope,moderate,C3_anchor100,87.2958,A级_安全,A级_安全,B级_基本安全,边坡失稳,100.0
0+437,slope,moderate,C3_anchor100_cap_off,87.2958,A级_安全,A级_安全,B级_基本安全,边坡失稳,100.0
0+438,slope,moderate,full,87.5179,A级_安全,A级_安全,B级_基本安全,边坡失稳,100.0
0+438,slope,moderate,cap_off,87.5179,A级_安全,A级_安全,B级_基本安全,边坡失稳,100.0
0+438,slope,moderate,C3_anchor100,87.5179,A级_安全,A级_安全,B级_基本安全,边坡失稳,100.0
0+438,slope,moderate,C3_anchor100_cap_off,87.5179,A级_安全,A级_安全,B级_基本安全,边坡失稳,100.0
0+439,slope,moderate,full,87.0202,A级_安全,A级_安全,B级_基本安全,边坡失稳,100.0
0+439,slope,moderate,cap_off,87.0202,A级_安全,A级_安全,B级_基本安全,边坡失稳,100.0
0+439,slope,moderate,C3_anchor100,87.0202,A级_安全,A级_安全,B级_基本安全,边坡失稳,100.0
0+439,slope,moderate,C3_anchor100_cap_off,87.0202,A级_安全,A级_安全,B级_基本安全,边坡失稳,100.0
0+440,slope,moderate,full,84.9364,A级_安全,A级_安全,B级_基本安全,边坡失稳,100.0
0+440,slope,moderate,cap_off,84.9364,A级_安全,A级_安全,B级_基本安全,边坡失稳,100.0
0+440,slope,moderate,C3_anchor100,84.9364,A级_安全,A级_安全,B级_基本安全,边坡失稳,100.0
0+440,slope,moderate,C3_anchor100_cap_off,84.9364,A级_安全,A级_安全,B级_基本安全,边坡失稳,100.0
0+441,slope,moderate,full,86.5515,A级_安全,A级_安全,B级_基本安全,边坡失稳,100.0
0+441,slope,moderate,cap_off,86.5515,A级_安全,A级_安全,B级_基本安全,边坡失稳,100.0
0+441,slope,moderate,C3_anchor100,86.5515,A级_安全,A级_安全,B级_基本安全,边坡失稳,100.0
0+441,slope,moderate,C3_anchor100_cap_off,86.5515,A级_安全,A级_安全,B级_基本安全,边坡失稳,100.0
0+442,slope,moderate,full,87.8726,A级_安全,A级_安全,B级_基本安全,边坡失稳,100.0
0+442,slope,moderate,cap_off,87.8726,A级_安全,A级_安全,B级_基本安全,边坡失稳,100.0
0+442,slope,moderate,C3_anchor100,87.8726,A级_安全,A级_安全,B级_基本安全,边坡失稳,100.0
0+442,slope,moderate,C3_anchor100_cap_off,87.8726,A级_安全,A级_安全,B级_基本安全,边坡失稳,100.0
0+443,slope,moderate,full,85.5628,A级_安全,A级_安全,B级_基本安全,边坡失稳,100.0
0+443,slope,moderate,cap_off,85.5628,A级_安全,A级_安全,B级_基本安全,边坡失稳,100.0
0+443,slope,moderate,C3_anchor100,85.5628,A级_安全,A级_安全,B级_基本安全,边坡失稳,100.0
0+443,slope,moderate,C3_anchor100_cap_off,85.5628,A级_安全,A级_安全,B级_基本安全,边坡失稳,100.0
0+444,slope,moderate,full,86.7045,A级_安全,A级_安全,B级_基本安全,边坡失稳,100.0
0+444,slope,moderate,cap_off,86.7045,A级_安全,A级_安全,B级_基本安全,边坡失稳,100.0
0+444,slope,moderate,C3_anchor100,86.7045,A级_安全,A级_安全,B级_基本安全,边坡失稳,100.0
0+444,slope,moderate,C3_anchor100_cap_off,86.7045,A级_安全,A级_安全,B级_基本安全,边坡失稳,100.0
0+445,slope,moderate,full,86.0819,A级_安全,A级_安全,B级_基本安全,边坡失稳,100.0
0+445,slope,moderate,cap_off,86.0819,A级_安全,A级_安全,B级_基本安全,边坡失稳,100.0
0+445,slope,moderate,C3_anchor100,86.0819,A级_安全,A级_安全,B级_基本安全,边坡失稳,100.0
0+445,slope,moderate,C3_anchor100_cap_off,86.0819,A级_安全,A级_安全,B级_基本安全,边坡失稳,100.0
0+446,slope,moderate,full,85.6647,A级_安全,A级_安全,B级_基本安全,边坡失稳,100.0
0+446,slope,moderate,cap_off,85.6647,A级_安全,A级_安全,B级_基本安全,边坡失稳,100.0
0+446,slope,moderate,C3_anchor100,85.6647,A级_安全,A级_安全,B级_基本安全,边坡失稳,100.0
0+446,slope,moderate,C3_anchor100_cap_off,85.6647,A级_安全,A级_安全,B级_基本安全,边坡失稳,100.0
0+447,slope,moderate,full,86.5934,A级_安全,A级_安全,B级_基本安全,边坡失稳,100.0
0+447,slope,moderate,cap_off,86.5934,A级_安全,A级_安全,B级_基本安全,边坡失稳,100.0
0+447,slope,moderate,C3_anchor100,86.5934,A级_安全,A级_安全,B级_基本安全,边坡失稳,100.0
0+447,slope,moderate,C3_anchor100_cap_off,86.5934,A级_安全,A级_安全,B级_基本安全,边坡失稳,100.0
0+448,slope,moderate,full,85.4894,A级_安全,A级_安全,B级_基本安全,边坡失稳,100.0
0+448,slope,moderate,cap_off,85.4894,A级_安全,A级_安全,B级_基本安全,边坡失稳,100.0
0+448,slope,moderate,C3_anchor100,85.4894,A级_安全,A级_安全,B级_基本安全,边坡失稳,100.0
0+448,slope,moderate,C3_anchor100_cap_off,85.4894,A级_安全,A级_安全,B级_基本安全,边坡失稳,100.0
0+449,slope,moderate,full,85.9738,A级_安全,A级_安全,B级_基本安全,边坡失稳,100.0
0+449,slope,moderate,cap_off,85.9738,A级_安全,A级_安全,B级_基本安全,边坡失稳,100.0
0+449,slope,moderate,C3_anchor100,85.9738,A级_安全,A级_安全,B级_基本安全,边坡失稳,100.0
0+449,slope,moderate,C3_anchor100_cap_off,85.9738,A级_安全,A级_安全,B级_基本安全,边坡失稳,100.0
0+450,slope,moderate,full,85.5129,A级_安全,A级_安全,B级_基本安全,边坡失稳,100.0
0+450,slope,moderate,cap_off,85.5129,A级_安全,A级_安全,B级_基本安全,边坡失稳,100.0
0+450,slope,moderate,C3_anchor100,85.5129,A级_安全,A级_安全,B级_基本安全,边坡失稳,100.0
0+450,slope,moderate,C3_anchor100_cap_off,85.5129,A级_安全,A级_安全,B级_基本安全,边坡失稳,100.0
0+451,slope,severe,full,62.3411,B级_基本安全,B级_基本安全,C级_不安全,边坡失稳,100.0
0+451,slope,severe,cap_off,62.3411,B级_基本安全,B级_基本安全,C级_不安全,边坡失稳,100.0
0+451,slope,severe,C3_anchor100,62.3411,B级_基本安全,B级_基本安全,C级_不安全,边坡失稳,100.0
0+451,slope,severe,C3_anchor100_cap_off,62.3411,B级_基本安全,B级_基本安全,C级_不安全,边坡失稳,100.0
0+452,slope,severe,full,63.7481,B级_基本安全,B级_基本安全,B级_基本安全,边坡失稳,100.0
0+452,slope,severe,cap_off,63.7481,B级_基本安全,B级_基本安全,B级_基本安全,边坡失稳,100.0
0+452,slope,severe,C3_anchor100,63.7481,B级_基本安全,B级_基本安全,B级_基本安全,边坡失稳,100.0
0+452,slope,severe,C3_anchor100_cap_off,63.7481,B级_基本安全,B级_基本安全,B级_基本安全,边坡失稳,100.0
0+453,slope,severe,full,61.9282,B级_基本安全,B级_基本安全,C级_不安全,边坡失稳,100.0
0+453,slope,severe,cap_off,61.9282,B级_基本安全,B级_基本安全,C级_不安全,边坡失稳,100.0
0+453,slope,severe,C3_anchor100,61.9282,B级_基本安全,B级_基本安全,C级_不安全,边坡失稳,100.0
0+453,slope,severe,C3_anchor100_cap_off,61.9282,B级_基本安全,B级_基本安全,C级_不安全,边坡失稳,100.0
0+454,slope,severe,full,62.4009,B级_基本安全,B级_基本安全,B级_基本安全,边坡失稳,100.0
0+454,slope,severe,cap_off,62.4009,B级_基本安全,B级_基本安全,B级_基本安全,边坡失稳,100.0
0+454,slope,severe,C3_anchor100,62.4009,B级_基本安全,B级_基本安全,B级_基本安全,边坡失稳,100.0
0+454,slope,severe,C3_anchor100_cap_off,62.4009,B级_基本安全,B级_基本安全,B级_基本安全,边坡失稳,100.0
0+455,slope,severe,full,61.3996,B级_基本安全,B级_基本安全,C级_不安全,边坡失稳,100.0
0+455,slope,severe,cap_off,61.3996,B级_基本安全,B级_基本安全,C级_不安全,边坡失稳,100.0
0+455,slope,severe,C3_anchor100,61.3996,B级_基本安全,B级_基本安全,C级_不安全,边坡失稳,100.0
0+455,slope,severe,C3_anchor100_cap_off,61.3996,B级_基本安全,B级_基本安全,C级_不安全,边坡失稳,100.0
0+456,slope,severe,full,63.8076,B级_基本安全,B级_基本安全,C级_不安全,边坡失稳,100.0
0+456,slope,severe,cap_off,63.8076,B级_基本安全,B级_基本安全,C级_不安全,边坡失稳,100.0
0+456,slope,severe,C3_anchor100,63.8076,B级_基本安全,B级_基本安全,C级_不安全,边坡失稳,100.0
0+456,slope,severe,C3_anchor100_cap_off,63.8076,B级_基本安全,B级_基本安全,C级_不安全,边坡失稳,100.0
0+457,slope,severe,full,63.8278,B级_基本安全,B级_基本安全,C级_不安全,边坡失稳,100.0
0+457,slope,severe,cap_off,63.8278,B级_基本安全,B级_基本安全,C级_不安全,边坡失稳,100.0
0+457,slope,severe,C3_anchor100,63.8278,B级_基本安全,B级_基本安全,C级_不安全,边坡失稳,100.0
0+457,slope,severe,C3_anchor100_cap_off,63.8278,B级_基本安全,B级_基本安全,C级_不安全,边坡失稳,100.0
0+458,slope,severe,full,62.2777,B级_基本安全,B级_基本安全,C级_不安全,边坡失稳,100.0
0+458,slope,severe,cap_off,62.2777,B级_基本安全,B级_基本安全,C级_不安全,边坡失稳,100.0
0+458,slope,severe,C3_anchor100,62.2777,B级_基本安全,B级_基本安全,C级_不安全,边坡失稳,100.0
0+458,slope,severe,C3_anchor100_cap_off,62.2777,B级_基本安全,B级_基本安全,C级_不安全,边坡失稳,100.0
0+459,slope,severe,full,61.4162,B级_基本安全,B级_基本安全,C级_不安全,边坡失稳,100.0
0+459,slope,severe,cap_off,61.4162,B级_基本安全,B级_基本安全,C级_不安全,边坡失稳,100.0
0+459,slope,severe,C3_anchor100,61.4162,B级_基本安全,B级_基本安全,C级_不安全,边坡失稳,100.0
0+459,slope,severe,C3_anchor100_cap_off,61.4162,B级_基本安全,B级_基本安全,C级_不安全,边坡失稳,100.0
0+460,slope,severe,full,63.362,B级_基本安全,B级_基本安全,C级_不安全,边坡失稳,100.0
0+460,slope,severe,cap_off,63.362,B级_基本安全,B级_基本安全,C级_不安全,边坡失稳,100.0
0+460,slope,severe,C3_anchor100,63.362,B级_基本安全,B级_基本安全,C级_不安全,边坡失稳,100.0
0+460,slope,severe,C3_anchor100_cap_off,63.362,B级_基本安全,B级_基本安全,C级_不安全,边坡失稳,100.0
0+461,slope,severe,full,61.5728,B级_基本安全,B级_基本安全,C级_不安全,边坡失稳,100.0
0+461,slope,severe,cap_off,61.5728,B级_基本安全,B级_基本安全,C级_不安全,边坡失稳,100.0
0+461,slope,severe,C3_anchor100,61.5728,B级_基本安全,B级_基本安全,C级_不安全,边坡失稳,100.0
0+461,slope,severe,C3_anchor100_cap_off,61.5728,B级_基本安全,B级_基本安全,C级_不安全,边坡失稳,100.0
0+462,slope,severe,full,63.0366,B级_基本安全,B级_基本安全,B级_基本安全,边坡失稳,100.0
0+462,slope,severe,cap_off,63.0366,B级_基本安全,B级_基本安全,B级_基本安全,边坡失稳,100.0
0+462,slope,severe,C3_anchor100,63.0366,B级_基本安全,B级_基本安全,B级_基本安全,边坡失稳,100.0
0+462,slope,severe,C3_anchor100_cap_off,63.0366,B级_基本安全,B级_基本安全,B级_基本安全,边坡失稳,100.0
0+463,slope,severe,full,63.1549,B级_基本安全,B级_基本安全,B级_基本安全,边坡失稳,100.0
0+463,slope,severe,cap_off,63.1549,B级_基本安全,B级_基本安全,B级_基本安全,边坡失稳,100.0
0+463,slope,severe,C3_anchor100,63.1549,B级_基本安全,B级_基本安全,B级_基本安全,边坡失稳,100.0
0+463,slope,severe,C3_anchor100_cap_off,63.1549,B级_基本安全,B级_基本安全,B级_基本安全,边坡失稳,100.0
0+464,slope,severe,full,63.0598,B级_基本安全,B级_基本安全,C级_不安全,边坡失稳,100.0
0+464,slope,severe,cap_off,63.0598,B级_基本安全,B级_基本安全,C级_不安全,边坡失稳,100.0
0+464,slope,severe,C3_anchor100,63.0598,B级_基本安全,B级_基本安全,C级_不安全,边坡失稳,100.0
0+464,slope,severe,C3_anchor100_cap_off,63.0598,B级_基本安全,B级_基本安全,C级_不安全,边坡失稳,100.0
0+465,slope,severe,full,62.0953,B级_基本安全,B级_基本安全,C级_不安全,边坡失稳,100.0
0+465,slope,severe,cap_off,62.0953,B级_基本安全,B级_基本安全,C级_不安全,边坡失稳,100.0
0+465,slope,severe,C3_anchor100,62.0953,B级_基本安全,B级_基本安全,C级_不安全,边坡失稳,100.0
0+465,slope,severe,C3_anchor100_cap_off,62.0953,B级_基本安全,B级_基本安全,C级_不安全,边坡失稳,100.0
0+466,slope,severe,full,63.1665,B级_基本安全,B级_基本安全,C级_不安全,边坡失稳,100.0
0+466,slope,severe,cap_off,63.1665,B级_基本安全,B级_基本安全,C级_不安全,边坡失稳,100.0
0+466,slope,severe,C3_anchor100,63.1665,B级_基本安全,B级_基本安全,C级_不安全,边坡失稳,100.0
0+466,slope,severe,C3_anchor100_cap_off,63.1665,B级_基本安全,B级_基本安全,C级_不安全,边坡失稳,100.0
0+467,slope,severe,full,61.9224,B级_基本安全,B级_基本安全,C级_不安全,边坡失稳,100.0
0+467,slope,severe,cap_off,61.9224,B级_基本安全,B级_基本安全,C级_不安全,边坡失稳,100.0
0+467,slope,severe,C3_anchor100,61.9224,B级_基本安全,B级_基本安全,C级_不安全,边坡失稳,100.0
0+467,slope,severe,C3_anchor100_cap_off,61.9224,B级_基本安全,B级_基本安全,C级_不安全,边坡失稳,100.0
0+468,slope,severe,full,62.2162,B级_基本安全,B级_基本安全,C级_不安全,边坡失稳,100.0
0+468,slope,severe,cap_off,62.2162,B级_基本安全,B级_基本安全,C级_不安全,边坡失稳,100.0
0+468,slope,severe,C3_anchor100,62.2162,B级_基本安全,B级_基本安全,C级_不安全,边坡失稳,100.0
0+468,slope,severe,C3_anchor100_cap_off,62.2162,B级_基本安全,B级_基本安全,C级_不安全,边坡失稳,100.0
0+469,slope,severe,full,63.3789,B级_基本安全,B级_基本安全,B级_基本安全,边坡失稳,100.0
0+469,slope,severe,cap_off,63.3789,B级_基本安全,B级_基本安全,B级_基本安全,边坡失稳,100.0
0+469,slope,severe,C3_anchor100,63.3789,B级_基本安全,B级_基本安全,B级_基本安全,边坡失稳,100.0
0+469,slope,severe,C3_anchor100_cap_off,63.3789,B级_基本安全,B级_基本安全,B级_基本安全,边坡失稳,100.0
0+470,slope,severe,full,62.0008,B级_基本安全,B级_基本安全,C级_不安全,边坡失稳,100.0
0+470,slope,severe,cap_off,62.0008,B级_基本安全,B级_基本安全,C级_不安全,边坡失稳,100.0
0+470,slope,severe,C3_anchor100,62.0008,B级_基本安全,B级_基本安全,C级_不安全,边坡失稳,100.0
0+470,slope,severe,C3_anchor100_cap_off,62.0008,B级_基本安全,B级_基本安全,C级_不安全,边坡失稳,100.0
0+471,slope,severe,full,62.8568,B级_基本安全,B级_基本安全,B级_基本安全,边坡失稳,100.0
0+471,slope,severe,cap_off,62.8568,B级_基本安全,B级_基本安全,B级_基本安全,边坡失稳,100.0
0+471,slope,severe,C3_anchor100,62.8568,B级_基本安全,B级_基本安全,B级_基本安全,边坡失稳,100.0
0+471,slope,severe,C3_anchor100_cap_off,62.8568,B级_基本安全,B级_基本安全,B级_基本安全,边坡失稳,100.0
0+472,slope,severe,full,62.7774,B级_基本安全,B级_基本安全,C级_不安全,边坡失稳,100.0
0+472,slope,severe,cap_off,62.7774,B级_基本安全,B级_基本安全,C级_不安全,边坡失稳,100.0
0+472,slope,severe,C3_anchor100,62.7774,B级_基本安全,B级_基本安全,C级_不安全,边坡失稳,100.0
0+472,slope,severe,C3_anchor100_cap_off,62.7774,B级_基本安全,B级_基本安全,C级_不安全,边坡失稳,100.0
0+473,slope,severe,full,63.6631,B级_基本安全,B级_基本安全,C级_不安全,边坡失稳,100.0
0+473,slope,severe,cap_off,63.6631,B级_基本安全,B级_基本安全,C级_不安全,边坡失稳,100.0
0+473,slope,severe,C3_anchor100,63.6631,B级_基本安全,B级_基本安全,C级_不安全,边坡失稳,100.0
0+473,slope,severe,C3_anchor100_cap_off,63.6631,B级_基本安全,B级_基本安全,C级_不安全,边坡失稳,100.0
0+474,slope,severe,full,63.7459,B级_基本安全,B级_基本安全,B级_基本安全,边坡失稳,100.0
0+474,slope,severe,cap_off,63.7459,B级_基本安全,B级_基本安全,B级_基本安全,边坡失稳,100.0
0+474,slope,severe,C3_anchor100,63.7459,B级_基本安全,B级_基本安全,B级_基本安全,边坡失稳,100.0
0+474,slope,severe,C3_anchor100_cap_off,63.7459,B级_基本安全,B级_基本安全,B级_基本安全,边坡失稳,100.0
0+475,slope,severe,full,63.4339,B级_基本安全,B级_基本安全,C级_不安全,边坡失稳,100.0
0+475,slope,severe,cap_off,63.4339,B级_基本安全,B级_基本安全,C级_不安全,边坡失稳,100.0
0+475,slope,severe,C3_anchor100,63.4339,B级_基本安全,B级_基本安全,C级_不安全,边坡失稳,100.0
0+475,slope,severe,C3_anchor100_cap_off,63.4339,B级_基本安全,B级_基本安全,C级_不安全,边坡失稳,100.0
0+476,slope,critical,full,38.3793,C级_不安全,C级_不安全,C级_不安全,边坡失稳,100.0
0+476,slope,critical,cap_off,38.3793,C级_不安全,C级_不安全,C级_不安全,边坡失稳,100.0
0+476,slope,critical,C3_anchor100,38.3793,C级_不安全,C级_不安全,C级_不安全,边坡失稳,100.0
0+476,slope,critical,C3_anchor100_cap_off,38.3793,C级_不安全,C级_不安全,C级_不安全,边坡失稳,100.0
0+477,slope,critical,full,38.3793,C级_不安全,C级_不安全,C级_不安全,边坡失稳,100.0
0+477,slope,critical,cap_off,38.3793,C级_不安全,C级_不安全,C级_不安全,边坡失稳,100.0
0+477,slope,critical,C3_anchor100,38.3793,C级_不安全,C级_不安全,C级_不安全,边坡失稳,100.0
0+477,slope,critical,C3_anchor100_cap_off,38.3793,C级_不安全,C级_不安全,C级_不安全,边坡失稳,100.0
0+478,slope,critical,full,38.3793,C级_不安全,C级_不安全,C级_不安全,边坡失稳,100.0
0+478,slope,critical,cap_off,38.3793,C级_不安全,C级_不安全,C级_不安全,边坡失稳,100.0
0+478,slope,critical,C3_anchor100,38.3793,C级_不安全,C级_不安全,C级_不安全,边坡失稳,100.0
0+478,slope,critical,C3_anchor100_cap_off,38.3793,C级_不安全,C级_不安全,C级_不安全,边坡失稳,100.0
0+479,slope,critical,full,38.3793,C级_不安全,C级_不安全,C级_不安全,边坡失稳,100.0
0+479,slope,critical,cap_off,38.3793,C级_不安全,C级_不安全,C级_不安全,边坡失稳,100.0
0+479,slope,critical,C3_anchor100,38.3793,C级_不安全,C级_不安全,C级_不安全,边坡失稳,100.0
0+479,slope,critical,C3_anchor100_cap_off,38.3793,C级_不安全,C级_不安全,C级_不安全,边坡失稳,100.0
0+480,slope,critical,full,38.3793,C级_不安全,C级_不安全,C级_不安全,边坡失稳,100.0
0+480,slope,critical,cap_off,38.3793,C级_不安全,C级_不安全,C级_不安全,边坡失稳,100.0
0+480,slope,critical,C3_anchor100,38.3793,C级_不安全,C级_不安全,C级_不安全,边坡失稳,100.0
0+480,slope,critical,C3_anchor100_cap_off,38.3793,C级_不安全,C级_不安全,C级_不安全,边坡失稳,100.0
0+481,slope,critical,full,38.3793,C级_不安全,C级_不安全,C级_不安全,边坡失稳,100.0
0+481,slope,critical,cap_off,38.3793,C级_不安全,C级_不安全,C级_不安全,边坡失稳,100.0
0+481,slope,critical,C3_anchor100,38.3793,C级_不安全,C级_不安全,C级_不安全,边坡失稳,100.0
0+481,slope,critical,C3_anchor100_cap_off,38.3793,C级_不安全,C级_不安全,C级_不安全,边坡失稳,100.0
0+482,slope,critical,full,38.3793,C级_不安全,C级_不安全,C级_不安全,边坡失稳,100.0
0+482,slope,critical,cap_off,38.3793,C级_不安全,C级_不安全,C级_不安全,边坡失稳,100.0
0+482,slope,critical,C3_anchor100,38.3793,C级_不安全,C级_不安全,C级_不安全,边坡失稳,100.0
0+482,slope,critical,C3_anchor100_cap_off,38.3793,C级_不安全,C级_不安全,C级_不安全,边坡失稳,100.0
0+483,slope,critical,full,38.3793,C级_不安全,C级_不安全,C级_不安全,边坡失稳,100.0
0+483,slope,critical,cap_off,38.3793,C级_不安全,C级_不安全,C级_不安全,边坡失稳,100.0
0+483,slope,critical,C3_anchor100,38.3793,C级_不安全,C级_不安全,C级_不安全,边坡失稳,100.0
0+483,slope,critical,C3_anchor100_cap_off,38.3793,C级_不安全,C级_不安全,C级_不安全,边坡失稳,100.0
0+484,slope,critical,full,38.3793,C级_不安全,C级_不安全,C级_不安全,边坡失稳,100.0
0+484,slope,critical,cap_off,38.3793,C级_不安全,C级_不安全,C级_不安全,边坡失稳,100.0
0+484,slope,critical,C3_anchor100,38.3793,C级_不安全,C级_不安全,C级_不安全,边坡失稳,100.0
0+484,slope,critical,C3_anchor100_cap_off,38.3793,C级_不安全,C级_不安全,C级_不安全,边坡失稳,100.0
0+485,slope,critical,full,38.3793,C级_不安全,C级_不安全,C级_不安全,边坡失稳,100.0
0+485,slope,critical,cap_off,38.3793,C级_不安全,C级_不安全,C级_不安全,边坡失稳,100.0
0+485,slope,critical,C3_anchor100,38.3793,C级_不安全,C级_不安全,C级_不安全,边坡失稳,100.0
0+485,slope,critical,C3_anchor100_cap_off,38.3793,C级_不安全,C级_不安全,C级_不安全,边坡失稳,100.0
0+486,slope,critical,full,38.3793,C级_不安全,C级_不安全,C级_不安全,边坡失稳,100.0
0+486,slope,critical,cap_off,38.3793,C级_不安全,C级_不安全,C级_不安全,边坡失稳,100.0
0+486,slope,critical,C3_anchor100,38.3793,C级_不安全,C级_不安全,C级_不安全,边坡失稳,100.0
0+486,slope,critical,C3_anchor100_cap_off,38.3793,C级_不安全,C级_不安全,C级_不安全,边坡失稳,100.0
0+487,slope,critical,full,38.3793,C级_不安全,C级_不安全,C级_不安全,边坡失稳,100.0
0+487,slope,critical,cap_off,38.3793,C级_不安全,C级_不安全,C级_不安全,边坡失稳,100.0
0+487,slope,critical,C3_anchor100,38.3793,C级_不安全,C级_不安全,C级_不安全,边坡失稳,100.0
0+487,slope,critical,C3_anchor100_cap_off,38.3793,C级_不安全,C级_不安全,C级_不安全,边坡失稳,100.0
0+488,slope,critical,full,38.3793,C级_不安全,C级_不安全,C级_不安全,边坡失稳,100.0
0+488,slope,critical,cap_off,38.3793,C级_不安全,C级_不安全,C级_不安全,边坡失稳,100.0
0+488,slope,critical,C3_anchor100,38.3793,C级_不安全,C级_不安全,C级_不安全,边坡失稳,100.0
0+488,slope,critical,C3_anchor100_cap_off,38.3793,C级_不安全,C级_不安全,C级_不安全,边坡失稳,100.0
0+489,slope,critical,full,38.3793,C级_不安全,C级_不安全,C级_不安全,边坡失稳,100.0
0+489,slope,critical,cap_off,38.3793,C级_不安全,C级_不安全,C级_不安全,边坡失稳,100.0
0+489,slope,critical,C3_anchor100,38.3793,C级_不安全,C级_不安全,C级_不安全,边坡失稳,100.0
0+489,slope,critical,C3_anchor100_cap_off,38.3793,C级_不安全,C级_不安全,C级_不安全,边坡失稳,100.0
0+490,slope,critical,full,38.3793,C级_不安全,C级_不安全,C级_不安全,边坡失稳,100.0
0+490,slope,critical,cap_off,38.3793,C级_不安全,C级_不安全,C级_不安全,边坡失稳,100.0
0+490,slope,critical,C3_anchor100,38.3793,C级_不安全,C级_不安全,C级_不安全,边坡失稳,100.0
0+490,slope,critical,C3_anchor100_cap_off,38.3793,C级_不安全,C级_不安全,C级_不安全,边坡失稳,100.0
0+491,slope,critical,full,38.3793,C级_不安全,C级_不安全,C级_不安全,边坡失稳,100.0
0+491,slope,critical,cap_off,38.3793,C级_不安全,C级_不安全,C级_不安全,边坡失稳,100.0
0+491,slope,critical,C3_anchor100,38.3793,C级_不安全,C级_不安全,C级_不安全,边坡失稳,100.0
0+491,slope,critical,C3_anchor100_cap_off,38.3793,C级_不安全,C级_不安全,C级_不安全,边坡失稳,100.0
0+492,slope,critical,full,38.3793,C级_不安全,C级_不安全,C级_不安全,边坡失稳,100.0
0+492,slope,critical,cap_off,38.3793,C级_不安全,C级_不安全,C级_不安全,边坡失稳,100.0
0+492,slope,critical,C3_anchor100,38.3793,C级_不安全,C级_不安全,C级_不安全,边坡失稳,100.0
0+492,slope,critical,C3_anchor100_cap_off,38.3793,C级_不安全,C级_不安全,C级_不安全,边坡失稳,100.0
0+493,slope,critical,full,38.3793,C级_不安全,C级_不安全,C级_不安全,边坡失稳,100.0
0+493,slope,critical,cap_off,38.3793,C级_不安全,C级_不安全,C级_不安全,边坡失稳,100.0
0+493,slope,critical,C3_anchor100,38.3793,C级_不安全,C级_不安全,C级_不安全,边坡失稳,100.0
0+493,slope,critical,C3_anchor100_cap_off,38.3793,C级_不安全,C级_不安全,C级_不安全,边坡失稳,100.0
0+494,slope,critical,full,38.3793,C级_不安全,C级_不安全,C级_不安全,边坡失稳,100.0
0+494,slope,critical,cap_off,38.3793,C级_不安全,C级_不安全,C级_不安全,边坡失稳,100.0
0+494,slope,critical,C3_anchor100,38.3793,C级_不安全,C级_不安全,C级_不安全,边坡失稳,100.0
0+494,slope,critical,C3_anchor100_cap_off,38.3793,C级_不安全,C级_不安全,C级_不安全,边坡失稳,100.0
0+495,slope,critical,full,38.3793,C级_不安全,C级_不安全,C级_不安全,边坡失稳,100.0
0+495,slope,critical,cap_off,38.3793,C级_不安全,C级_不安全,C级_不安全,边坡失稳,100.0
0+495,slope,critical,C3_anchor100,38.3793,C级_不安全,C级_不安全,C级_不安全,边坡失稳,100.0
0+495,slope,critical,C3_anchor100_cap_off,38.3793,C级_不安全,C级_不安全,C级_不安全,边坡失稳,100.0
0+496,slope,critical,full,38.3793,C级_不安全,C级_不安全,C级_不安全,边坡失稳,100.0
0+496,slope,critical,cap_off,38.3793,C级_不安全,C级_不安全,C级_不安全,边坡失稳,100.0
0+496,slope,critical,C3_anchor100,38.3793,C级_不安全,C级_不安全,C级_不安全,边坡失稳,100.0
0+496,slope,critical,C3_anchor100_cap_off,38.3793,C级_不安全,C级_不安全,C级_不安全,边坡失稳,100.0
0+497,slope,critical,full,38.3793,C级_不安全,C级_不安全,C级_不安全,边坡失稳,100.0
0+497,slope,critical,cap_off,38.3793,C级_不安全,C级_不安全,C级_不安全,边坡失稳,100.0
0+497,slope,critical,C3_anchor100,38.3793,C级_不安全,C级_不安全,C级_不安全,边坡失稳,100.0
0+497,slope,critical,C3_anchor100_cap_off,38.3793,C级_不安全,C级_不安全,C级_不安全,边坡失稳,100.0
0+498,slope,critical,full,38.3793,C级_不安全,C级_不安全,C级_不安全,边坡失稳,100.0
0+498,slope,critical,cap_off,38.3793,C级_不安全,C级_不安全,C级_不安全,边坡失稳,100.0
0+498,slope,critical,C3_anchor100,38.3793,C级_不安全,C级_不安全,C级_不安全,边坡失稳,100.0
0+498,slope,critical,C3_anchor100_cap_off,38.3793,C级_不安全,C级_不安全,C级_不安全,边坡失稳,100.0
0+499,slope,critical,full,38.3793,C级_不安全,C级_不安全,C级_不安全,边坡失稳,100.0
0+499,slope,critical,cap_off,38.3793,C级_不安全,C级_不安全,C级_不安全,边坡失稳,100.0
0+499,slope,critical,C3_anchor100,38.3793,C级_不安全,C级_不安全,C级_不安全,边坡失稳,100.0
0+499,slope,critical,C3_anchor100_cap_off,38.3793,C级_不安全,C级_不安全,C级_不安全,边坡失稳,100.0
0+500,slope,critical,full,38.3793,C级_不安全,C级_不安全,C级_不安全,边坡失稳,100.0
0+500,slope,critical,cap_off,38.3793,C级_不安全,C级_不安全,C级_不安全,边坡失稳,100.0
0+500,slope,critical,C3_anchor100,38.3793,C级_不安全,C级_不安全,C级_不安全,边坡失稳,100.0
0+500,slope,critical,C3_anchor100_cap_off,38.3793,C级_不安全,C级_不安全,C级_不安全,边坡失稳,100.0
0+501,scour,safe,full,96.0493,A级_安全,A级_安全,A级_安全,渗流破坏,100.0
0+501,scour,safe,cap_off,96.0493,A级_安全,A级_安全,A级_安全,渗流破坏,100.0
0+501,scour,safe,C3_anchor100,96.0493,A级_安全,A级_安全,A级_安全,渗流破坏,100.0
0+501,scour,safe,C3_anchor100_cap_off,96.0493,A级_安全,A级_安全,A级_安全,渗流破坏,100.0
0+502,scour,safe,full,96.0493,A级_安全,A级_安全,A级_安全,渗流破坏,100.0
0+502,scour,safe,cap_off,96.0493,A级_安全,A级_安全,A级_安全,渗流破坏,100.0
0+502,scour,safe,C3_anchor100,96.0493,A级_安全,A级_安全,A级_安全,渗流破坏,100.0
0+502,scour,safe,C3_anchor100_cap_off,96.0493,A级_安全,A级_安全,A级_安全,渗流破坏,100.0
0+503,scour,safe,full,96.0493,A级_安全,A级_安全,A级_安全,渗流破坏,100.0
0+503,scour,safe,cap_off,96.0493,A级_安全,A级_安全,A级_安全,渗流破坏,100.0
0+503,scour,safe,C3_anchor100,96.0493,A级_安全,A级_安全,A级_安全,渗流破坏,100.0
0+503,scour,safe,C3_anchor100_cap_off,96.0493,A级_安全,A级_安全,A级_安全,渗流破坏,100.0
0+504,scour,safe,full,96.0493,A级_安全,A级_安全,A级_安全,渗流破坏,100.0
0+504,scour,safe,cap_off,96.0493,A级_安全,A级_安全,A级_安全,渗流破坏,100.0
0+504,scour,safe,C3_anchor100,96.0493,A级_安全,A级_安全,A级_安全,渗流破坏,100.0
0+504,scour,safe,C3_anchor100_cap_off,96.0493,A级_安全,A级_安全,A级_安全,渗流破坏,100.0
0+505,scour,safe,full,96.0493,A级_安全,A级_安全,A级_安全,渗流破坏,100.0
0+505,scour,safe,cap_off,96.0493,A级_安全,A级_安全,A级_安全,渗流破坏,100.0
0+505,scour,safe,C3_anchor100,96.0493,A级_安全,A级_安全,A级_安全,渗流破坏,100.0
0+505,scour,safe,C3_anchor100_cap_off,96.0493,A级_安全,A级_安全,A级_安全,渗流破坏,100.0
0+506,scour,safe,full,96.0493,A级_安全,A级_安全,A级_安全,渗流破坏,100.0
0+506,scour,safe,cap_off,96.0493,A级_安全,A级_安全,A级_安全,渗流破坏,100.0
0+506,scour,safe,C3_anchor100,96.0493,A级_安全,A级_安全,A级_安全,渗流破坏,100.0
0+506,scour,safe,C3_anchor100_cap_off,96.0493,A级_安全,A级_安全,A级_安全,渗流破坏,100.0
0+507,scour,safe,full,96.0493,A级_安全,A级_安全,A级_安全,渗流破坏,100.0
0+507,scour,safe,cap_off,96.0493,A级_安全,A级_安全,A级_安全,渗流破坏,100.0
0+507,scour,safe,C3_anchor100,96.0493,A级_安全,A级_安全,A级_安全,渗流破坏,100.0
0+507,scour,safe,C3_anchor100_cap_off,96.0493,A级_安全,A级_安全,A级_安全,渗流破坏,100.0
0+508,scour,safe,full,96.0493,A级_安全,A级_安全,A级_安全,渗流破坏,100.0
0+508,scour,safe,cap_off,96.0493,A级_安全,A级_安全,A级_安全,渗流破坏,100.0
0+508,scour,safe,C3_anchor100,96.0493,A级_安全,A级_安全,A级_安全,渗流破坏,100.0
0+508,scour,safe,C3_anchor100_cap_off,96.0493,A级_安全,A级_安全,A级_安全,渗流破坏,100.0
0+509,scour,safe,full,96.0493,A级_安全,A级_安全,A级_安全,渗流破坏,100.0
0+509,scour,safe,cap_off,96.0493,A级_安全,A级_安全,A级_安全,渗流破坏,100.0
0+509,scour,safe,C3_anchor100,96.0493,A级_安全,A级_安全,A级_安全,渗流破坏,100.0
0+509,scour,safe,C3_anchor100_cap_off,96.0493,A级_安全,A级_安全,A级_安全,渗流破坏,100.0
0+510,scour,safe,full,96.0493,A级_安全,A级_安全,A级_安全,渗流破坏,100.0
0+510,scour,safe,cap_off,96.0493,A级_安全,A级_安全,A级_安全,渗流破坏,100.0
0+510,scour,safe,C3_anchor100,96.0493,A级_安全,A级_安全,A级_安全,渗流破坏,100.0
0+510,scour,safe,C3_anchor100_cap_off,96.0493,A级_安全,A级_安全,A级_安全,渗流破坏,100.0
0+511,scour,safe,full,96.0493,A级_安全,A级_安全,A级_安全,渗流破坏,100.0
0+511,scour,safe,cap_off,96.0493,A级_安全,A级_安全,A级_安全,渗流破坏,100.0
0+511,scour,safe,C3_anchor100,96.0493,A级_安全,A级_安全,A级_安全,渗流破坏,100.0
0+511,scour,safe,C3_anchor100_cap_off,96.0493,A级_安全,A级_安全,A级_安全,渗流破坏,100.0
0+512,scour,safe,full,96.0493,A级_安全,A级_安全,A级_安全,渗流破坏,100.0
0+512,scour,safe,cap_off,96.0493,A级_安全,A级_安全,A级_安全,渗流破坏,100.0
0+512,scour,safe,C3_anchor100,96.0493,A级_安全,A级_安全,A级_安全,渗流破坏,100.0
0+512,scour,safe,C3_anchor100_cap_off,96.0493,A级_安全,A级_安全,A级_安全,渗流破坏,100.0
0+513,scour,safe,full,96.0493,A级_安全,A级_安全,A级_安全,渗流破坏,100.0
0+513,scour,safe,cap_off,96.0493,A级_安全,A级_安全,A级_安全,渗流破坏,100.0
0+513,scour,safe,C3_anchor100,96.0493,A级_安全,A级_安全,A级_安全,渗流破坏,100.0
0+513,scour,safe,C3_anchor100_cap_off,96.0493,A级_安全,A级_安全,A级_安全,渗流破坏,100.0
0+514,scour,safe,full,96.0493,A级_安全,A级_安全,A级_安全,渗流破坏,100.0
0+514,scour,safe,cap_off,96.0493,A级_安全,A级_安全,A级_安全,渗流破坏,100.0
0+514,scour,safe,C3_anchor100,96.0493,A级_安全,A级_安全,A级_安全,渗流破坏,100.0
0+514,scour,safe,C3_anchor100_cap_off,96.0493,A级_安全,A级_安全,A级_安全,渗流破坏,100.0
0+515,scour,safe,full,96.0493,A级_安全,A级_安全,A级_安全,渗流破坏,100.0
0+515,scour,safe,cap_off,96.0493,A级_安全,A级_安全,A级_安全,渗流破坏,100.0
0+515,scour,safe,C3_anchor100,96.0493,A级_安全,A级_安全,A级_安全,渗流破坏,100.0
0+515,scour,safe,C3_anchor100_cap_off,96.0493,A级_安全,A级_安全,A级_安全,渗流破坏,100.0
0+516,scour,safe,full,96.0493,A级_安全,A级_安全,A级_安全,渗流破坏,100.0
0+516,scour,safe,cap_off,96.0493,A级_安全,A级_安全,A级_安全,渗流破坏,100.0
0+516,scour,safe,C3_anchor100,96.0493,A级_安全,A级_安全,A级_安全,渗流破坏,100.0
0+516,scour,safe,C3_anchor100_cap_off,96.0493,A级_安全,A级_安全,A级_安全,渗流破坏,100.0
0+517,scour,safe,full,96.0493,A级_安全,A级_安全,A级_安全,渗流破坏,100.0
0+517,scour,safe,cap_off,96.0493,A级_安全,A级_安全,A级_安全,渗流破坏,100.0
0+517,scour,safe,C3_anchor100,96.0493,A级_安全,A级_安全,A级_安全,渗流破坏,100.0
0+517,scour,safe,C3_anchor100_cap_off,96.0493,A级_安全,A级_安全,A级_安全,渗流破坏,100.0
0+518,scour,safe,full,96.0493,A级_安全,A级_安全,A级_安全,渗流破坏,100.0
0+518,scour,safe,cap_off,96.0493,A级_安全,A级_安全,A级_安全,渗流破坏,100.0
0+518,scour,safe,C3_anchor100,96.0493,A级_安全,A级_安全,A级_安全,渗流破坏,100.0
0+518,scour,safe,C3_anchor100_cap_off,96.0493,A级_安全,A级_安全,A级_安全,渗流破坏,100.0
0+519,scour,safe,full,96.0493,A级_安全,A级_安全,A级_安全,渗流破坏,100.0
0+519,scour,safe,cap_off,96.0493,A级_安全,A级_安全,A级_安全,渗流破坏,100.0
0+519,scour,safe,C3_anchor100,96.0493,A级_安全,A级_安全,A级_安全,渗流破坏,100.0
0+519,scour,safe,C3_anchor100_cap_off,96.0493,A级_安全,A级_安全,A级_安全,渗流破坏,100.0
0+520,scour,safe,full,96.0493,A级_安全,A级_安全,A级_安全,渗流破坏,100.0
0+520,scour,safe,cap_off,96.0493,A级_安全,A级_安全,A级_安全,渗流破坏,100.0
0+520,scour,safe,C3_anchor100,96.0493,A级_安全,A级_安全,A级_安全,渗流破坏,100.0
0+520,scour,safe,C3_anchor100_cap_off,96.0493,A级_安全,A级_安全,A级_安全,渗流破坏,100.0
0+521,scour,safe,full,96.0493,A级_安全,A级_安全,A级_安全,渗流破坏,100.0
0+521,scour,safe,cap_off,96.0493,A级_安全,A级_安全,A级_安全,渗流破坏,100.0
0+521,scour,safe,C3_anchor100,96.0493,A级_安全,A级_安全,A级_安全,渗流破坏,100.0
0+521,scour,safe,C3_anchor100_cap_off,96.0493,A级_安全,A级_安全,A级_安全,渗流破坏,100.0
0+522,scour,safe,full,96.0493,A级_安全,A级_安全,A级_安全,渗流破坏,100.0
0+522,scour,safe,cap_off,96.0493,A级_安全,A级_安全,A级_安全,渗流破坏,100.0
0+522,scour,safe,C3_anchor100,96.0493,A级_安全,A级_安全,A级_安全,渗流破坏,100.0
0+522,scour,safe,C3_anchor100_cap_off,96.0493,A级_安全,A级_安全,A级_安全,渗流破坏,100.0
0+523,scour,safe,full,96.0493,A级_安全,A级_安全,A级_安全,渗流破坏,100.0
0+523,scour,safe,cap_off,96.0493,A级_安全,A级_安全,A级_安全,渗流破坏,100.0
0+523,scour,safe,C3_anchor100,96.0493,A级_安全,A级_安全,A级_安全,渗流破坏,100.0
0+523,scour,safe,C3_anchor100_cap_off,96.0493,A级_安全,A级_安全,A级_安全,渗流破坏,100.0
0+524,scour,safe,full,96.0493,A级_安全,A级_安全,A级_安全,渗流破坏,100.0
0+524,scour,safe,cap_off,96.0493,A级_安全,A级_安全,A级_安全,渗流破坏,100.0
0+524,scour,safe,C3_anchor100,96.0493,A级_安全,A级_安全,A级_安全,渗流破坏,100.0
0+524,scour,safe,C3_anchor100_cap_off,96.0493,A级_安全,A级_安全,A级_安全,渗流破坏,100.0
0+525,scour,safe,full,96.0493,A级_安全,A级_安全,A级_安全,渗流破坏,100.0
0+525,scour,safe,cap_off,96.0493,A级_安全,A级_安全,A级_安全,渗流破坏,100.0
0+525,scour,safe,C3_anchor100,96.0493,A级_安全,A级_安全,A级_安全,渗流破坏,100.0
0+525,scour,safe,C3_anchor100_cap_off,96.0493,A级_安全,A级_安全,A级_安全,渗流破坏,100.0
0+526,scour,slight,full,95.9719,A级_安全,A级_安全,A级_安全,渗流破坏,100.0
0+526,scour,slight,cap_off,95.9719,A级_安全,A级_安全,A级_安全,渗流破坏,100.0
0+526,scour,slight,C3_anchor100,95.9719,A级_安全,A级_安全,A级_安全,渗流破坏,100.0
0+526,scour,slight,C3_anchor100_cap_off,95.9719,A级_安全,A级_安全,A级_安全,渗流破坏,100.0
0+527,scour,slight,full,93.6218,A级_安全,A级_安全,B级_基本安全,冲刷破坏,100.0
0+527,scour,slight,cap_off,93.6218,A级_安全,A级_安全,B级_基本安全,冲刷破坏,100.0
0+527,scour,slight,C3_anchor100,93.6218,A级_安全,A级_安全,B级_基本安全,冲刷破坏,100.0
0+527,scour,slight,C3_anchor100_cap_off,93.6218,A级_安全,A级_安全,B级_基本安全,冲刷破坏,100.0
0+528,scour,slight,full,95.9719,A级_安全,A级_安全,A级_安全,渗流破坏,100.0
0+528,scour,slight,cap_off,95.9719,A级_安全,A级_安全,A级_安全,渗流破坏,100.0
0+528,scour,slight,C3_anchor100,95.9719,A级_安全,A级_安全,A级_安全,渗流破坏,100.0
0+528,scour,slight,C3_anchor100_cap_off,95.9719,A级_安全,A级_安全,A级_安全,渗流破坏,100.0
0+529,scour,slight,full,95.9719,A级_安全,A级_安全,A级_安全,渗流破坏,100.0
0+529,scour,slight,cap_off,95.9719,A级_安全,A级_安全,A级_安全,渗流破坏,100.0
0+529,scour,slight,C3_anchor100,95.9719,A级_安全,A级_安全,A级_安全,渗流破坏,100.0
0+529,scour,slight,C3_anchor100_cap_off,95.9719,A级_安全,A级_安全,A级_安全,渗流破坏,100.0
0+530,scour,slight,full,95.9719,A级_安全,A级_安全,A级_安全,渗流破坏,100.0
0+530,scour,slight,cap_off,95.9719,A级_安全,A级_安全,A级_安全,渗流破坏,100.0
0+530,scour,slight,C3_anchor100,95.9719,A级_安全,A级_安全,A级_安全,渗流破坏,100.0
0+530,scour,slight,C3_anchor100_cap_off,95.9719,A级_安全,A级_安全,A级_安全,渗流破坏,100.0
0+531,scour,slight,full,95.9719,A级_安全,A级_安全,A级_安全,渗流破坏,100.0
0+531,scour,slight,cap_off,95.9719,A级_安全,A级_安全,A级_安全,渗流破坏,100.0
0+531,scour,slight,C3_anchor100,95.9719,A级_安全,A级_安全,A级_安全,渗流破坏,100.0
0+531,scour,slight,C3_anchor100_cap_off,95.9719,A级_安全,A级_安全,A级_安全,渗流破坏,100.0
0+532,scour,slight,full,95.9719,A级_安全,A级_安全,A级_安全,渗流破坏,100.0
0+532,scour,slight,cap_off,95.9719,A级_安全,A级_安全,A级_安全,渗流破坏,100.0
0+532,scour,slight,C3_anchor100,95.9719,A级_安全,A级_安全,A级_安全,渗流破坏,100.0
0+532,scour,slight,C3_anchor100_cap_off,95.9719,A级_安全,A级_安全,A级_安全,渗流破坏,100.0
0+533,scour,slight,full,95.9719,A级_安全,A级_安全,A级_安全,渗流破坏,100.0
0+533,scour,slight,cap_off,95.9719,A级_安全,A级_安全,A级_安全,渗流破坏,100.0
0+533,scour,slight,C3_anchor100,95.9719,A级_安全,A级_安全,A级_安全,渗流破坏,100.0
0+533,scour,slight,C3_anchor100_cap_off,95.9719,A级_安全,A级_安全,A级_安全,渗流破坏,100.0
0+534,scour,slight,full,93.6218,A级_安全,A级_安全,B级_基本安全,冲刷破坏,100.0
0+534,scour,slight,cap_off,93.6218,A级_安全,A级_安全,B级_基本安全,冲刷破坏,100.0
0+534,scour,slight,C3_anchor100,93.6218,A级_安全,A级_安全,B级_基本安全,冲刷破坏,100.0
0+534,scour,slight,C3_anchor100_cap_off,93.6218,A级_安全,A级_安全,B级_基本安全,冲刷破坏,100.0
0+535,scour,slight,full,95.9719,A级_安全,A级_安全,A级_安全,渗流破坏,100.0
0+535,scour,slight,cap_off,95.9719,A级_安全,A级_安全,A级_安全,渗流破坏,100.0
0+535,scour,slight,C3_anchor100,95.9719,A级_安全,A级_安全,A级_安全,渗流破坏,100.0
0+535,scour,slight,C3_anchor100_cap_off,95.9719,A级_安全,A级_安全,A级_安全,渗流破坏,100.0
0+536,scour,slight,full,95.9719,A级_安全,A级_安全,A级_安全,渗流破坏,100.0
0+536,scour,slight,cap_off,95.9719,A级_安全,A级_安全,A级_安全,渗流破坏,100.0
0+536,scour,slight,C3_anchor100,95.9719,A级_安全,A级_安全,A级_安全,渗流破坏,100.0
0+536,scour,slight,C3_anchor100_cap_off,95.9719,A级_安全,A级_安全,A级_安全,渗流破坏,100.0
0+537,scour,slight,full,95.9719,A级_安全,A级_安全,A级_安全,渗流破坏,100.0
0+537,scour,slight,cap_off,95.9719,A级_安全,A级_安全,A级_安全,渗流破坏,100.0
0+537,scour,slight,C3_anchor100,95.9719,A级_安全,A级_安全,A级_安全,渗流破坏,100.0
0+537,scour,slight,C3_anchor100_cap_off,95.9719,A级_安全,A级_安全,A级_安全,渗流破坏,100.0
0+538,scour,slight,full,93.6218,A级_安全,A级_安全,B级_基本安全,冲刷破坏,100.0
0+538,scour,slight,cap_off,93.6218,A级_安全,A级_安全,B级_基本安全,冲刷破坏,100.0
0+538,scour,slight,C3_anchor100,93.6218,A级_安全,A级_安全,B级_基本安全,冲刷破坏,100.0
0+538,scour,slight,C3_anchor100_cap_off,93.6218,A级_安全,A级_安全,B级_基本安全,冲刷破坏,100.0
0+539,scour,slight,full,95.9719,A级_安全,A级_安全,A级_安全,渗流破坏,100.0
0+539,scour,slight,cap_off,95.9719,A级_安全,A级_安全,A级_安全,渗流破坏,100.0
0+539,scour,slight,C3_anchor100,95.9719,A级_安全,A级_安全,A级_安全,渗流破坏,100.0
0+539,scour,slight,C3_anchor100_cap_off,95.9719,A级_安全,A级_安全,A级_安全,渗流破坏,100.0
0+540,scour,slight,full,95.9719,A级_安全,A级_安全,A级_安全,渗流破坏,100.0
0+540,scour,slight,cap_off,95.9719,A级_安全,A级_安全,A级_安全,渗流破坏,100.0
0+540,scour,slight,C3_anchor100,95.9719,A级_安全,A级_安全,A级_安全,渗流破坏,100.0
0+540,scour,slight,C3_anchor100_cap_off,95.9719,A级_安全,A级_安全,A级_安全,渗流破坏,100.0
0+541,scour,slight,full,95.9719,A级_安全,A级_安全,A级_安全,渗流破坏,100.0
0+541,scour,slight,cap_off,95.9719,A级_安全,A级_安全,A级_安全,渗流破坏,100.0
0+541,scour,slight,C3_anchor100,95.9719,A级_安全,A级_安全,A级_安全,渗流破坏,100.0
0+541,scour,slight,C3_anchor100_cap_off,95.9719,A级_安全,A级_安全,A级_安全,渗流破坏,100.0
0+542,scour,slight,full,95.9719,A级_安全,A级_安全,A级_安全,渗流破坏,100.0
0+542,scour,slight,cap_off,95.9719,A级_安全,A级_安全,A级_安全,渗流破坏,100.0
0+542,scour,slight,C3_anchor100,95.9719,A级_安全,A级_安全,A级_安全,渗流破坏,100.0
0+542,scour,slight,C3_anchor100_cap_off,95.9719,A级_安全,A级_安全,A级_安全,渗流破坏,100.0
0+543,scour,slight,full,95.9719,A级_安全,A级_安全,A级_安全,渗流破坏,100.0
0+543,scour,slight,cap_off,95.9719,A级_安全,A级_安全,A级_安全,渗流破坏,100.0
0+543,scour,slight,C3_anchor100,95.9719,A级_安全,A级_安全,A级_安全,渗流破坏,100.0
0+543,scour,slight,C3_anchor100_cap_off,95.9719,A级_安全,A级_安全,A级_安全,渗流破坏,100.0
0+544,scour,slight,full,95.9719,A级_安全,A级_安全,A级_安全,渗流破坏,100.0
0+544,scour,slight,cap_off,95.9719,A级_安全,A级_安全,A级_安全,渗流破坏,100.0
0+544,scour,slight,C3_anchor100,95.9719,A级_安全,A级_安全,A级_安全,渗流破坏,100.0
0+544,scour,slight,C3_anchor100_cap_off,95.9719,A级_安全,A级_安全,A级_安全,渗流破坏,100.0
0+545,scour,slight,full,95.9719,A级_安全,A级_安全,A级_安全,渗流破坏,100.0
0+545,scour,slight,cap_off,95.9719,A级_安全,A级_安全,A级_安全,渗流破坏,100.0
0+545,scour,slight,C3_anchor100,95.9719,A级_安全,A级_安全,A级_安全,渗流破坏,100.0
0+545,scour,slight,C3_anchor100_cap_off,95.9719,A级_安全,A级_安全,A级_安全,渗流破坏,100.0
0+546,scour,slight,full,95.9719,A级_安全,A级_安全,A级_安全,渗流破坏,100.0
0+546,scour,slight,cap_off,95.9719,A级_安全,A级_安全,A级_安全,渗流破坏,100.0
0+546,scour,slight,C3_anchor100,95.9719,A级_安全,A级_安全,A级_安全,渗流破坏,100.0
0+546,scour,slight,C3_anchor100_cap_off,95.9719,A级_安全,A级_安全,A级_安全,渗流破坏,100.0
0+547,scour,slight,full,93.6218,A级_安全,A级_安全,B级_基本安全,冲刷破坏,100.0
0+547,scour,slight,cap_off,93.6218,A级_安全,A级_安全,B级_基本安全,冲刷破坏,100.0
0+547,scour,slight,C3_anchor100,93.6218,A级_安全,A级_安全,B级_基本安全,冲刷破坏,100.0
0+547,scour,slight,C3_anchor100_cap_off,93.6218,A级_安全,A级_安全,B级_基本安全,冲刷破坏,100.0
0+548,scour,slight,full,95.9719,A级_安全,A级_安全,A级_安全,渗流破坏,100.0
0+548,scour,slight,cap_off,95.9719,A级_安全,A级_安全,A级_安全,渗流破坏,100.0
0+548,scour,slight,C3_anchor100,95.9719,A级_安全,A级_安全,A级_安全,渗流破坏,100.0
0+548,scour,slight,C3_anchor100_cap_off,95.9719,A级_安全,A级_安全,A级_安全,渗流破坏,100.0
0+549,scour,slight,full,95.9719,A级_安全,A级_安全,A级_安全,渗流破坏,100.0
0+549,scour,slight,cap_off,95.9719,A级_安全,A级_安全,A级_安全,渗流破坏,100.0
0+549,scour,slight,C3_anchor100,95.9719,A级_安全,A级_安全,A级_安全,渗流破坏,100.0
0+549,scour,slight,C3_anchor100_cap_off,95.9719,A级_安全,A级_安全,A级_安全,渗流破坏,100.0
0+550,scour,slight,full,95.9719,A级_安全,A级_安全,A级_安全,渗流破坏,100.0
0+550,scour,slight,cap_off,95.9719,A级_安全,A级_安全,A级_安全,渗流破坏,100.0
0+550,scour,slight,C3_anchor100,95.9719,A级_安全,A级_安全,A级_安全,渗流破坏,100.0
0+550,scour,slight,C3_anchor100_cap_off,95.9719,A级_安全,A级_安全,A级_安全,渗流破坏,100.0
0+551,scour,moderate,full,92.1741,A级_安全,A级_安全,B级_基本安全,冲刷破坏,100.0
0+551,scour,moderate,cap_off,92.1741,A级_安全,A级_安全,B级_基本安全,冲刷破坏,100.0
0+551,scour,moderate,C3_anchor100,92.1741,A级_安全,A级_安全,B级_基本安全,冲刷破坏,100.0
0+551,scour,moderate,C3_anchor100_cap_off,92.1741,A级_安全,A级_安全,B级_基本安全,冲刷破坏,100.0
0+552,scour,moderate,full,92.1741,A级_安全,A级_安全,B级_基本安全,冲刷破坏,100.0
0+552,scour,moderate,cap_off,92.1741,A级_安全,A级_安全,B级_基本安全,冲刷破坏,100.0
0+552,scour,moderate,C3_anchor100,92.1741,A级_安全,A级_安全,B级_基本安全,冲刷破坏,100.0
0+552,scour,moderate,C3_anchor100_cap_off,92.1741,A级_安全,A级_安全,B级_基本安全,冲刷破坏,100.0
0+553,scour,moderate,full,92.1741,A级_安全,A级_安全,B级_基本安全,冲刷破坏,100.0
0+553,scour,moderate,cap_off,92.1741,A级_安全,A级_安全,B级_基本安全,冲刷破坏,100.0
0+553,scour,moderate,C3_anchor100,92.1741,A级_安全,A级_安全,B级_基本安全,冲刷破坏,100.0
0+553,scour,moderate,C3_anchor100_cap_off,92.1741,A级_安全,A级_安全,B级_基本安全,冲刷破坏,100.0
0+554,scour,moderate,full,92.1741,A级_安全,A级_安全,B级_基本安全,冲刷破坏,100.0
0+554,scour,moderate,cap_off,92.1741,A级_安全,A级_安全,B级_基本安全,冲刷破坏,100.0
0+554,scour,moderate,C3_anchor100,92.1741,A级_安全,A级_安全,B级_基本安全,冲刷破坏,100.0
0+554,scour,moderate,C3_anchor100_cap_off,92.1741,A级_安全,A级_安全,B级_基本安全,冲刷破坏,100.0
0+555,scour,moderate,full,92.1741,A级_安全,A级_安全,B级_基本安全,冲刷破坏,100.0
0+555,scour,moderate,cap_off,92.1741,A级_安全,A级_安全,B级_基本安全,冲刷破坏,100.0
0+555,scour,moderate,C3_anchor100,92.1741,A级_安全,A级_安全,B级_基本安全,冲刷破坏,100.0
0+555,scour,moderate,C3_anchor100_cap_off,92.1741,A级_安全,A级_安全,B级_基本安全,冲刷破坏,100.0
0+556,scour,moderate,full,92.1741,A级_安全,A级_安全,B级_基本安全,冲刷破坏,100.0
0+556,scour,moderate,cap_off,92.1741,A级_安全,A级_安全,B级_基本安全,冲刷破坏,100.0
0+556,scour,moderate,C3_anchor100,92.1741,A级_安全,A级_安全,B级_基本安全,冲刷破坏,100.0
0+556,scour,moderate,C3_anchor100_cap_off,92.1741,A级_安全,A级_安全,B级_基本安全,冲刷破坏,100.0
0+557,scour,moderate,full,92.1741,A级_安全,A级_安全,B级_基本安全,冲刷破坏,100.0
0+557,scour,moderate,cap_off,92.1741,A级_安全,A级_安全,B级_基本安全,冲刷破坏,100.0
0+557,scour,moderate,C3_anchor100,92.1741,A级_安全,A级_安全,B级_基本安全,冲刷破坏,100.0
0+557,scour,moderate,C3_anchor100_cap_off,92.1741,A级_安全,A级_安全,B级_基本安全,冲刷破坏,100.0
0+558,scour,moderate,full,92.1741,A级_安全,A级_安全,B级_基本安全,冲刷破坏,100.0
0+558,scour,moderate,cap_off,92.1741,A级_安全,A级_安全,B级_基本安全,冲刷破坏,100.0
0+558,scour,moderate,C3_anchor100,92.1741,A级_安全,A级_安全,B级_基本安全,冲刷破坏,100.0
0+558,scour,moderate,C3_anchor100_cap_off,92.1741,A级_安全,A级_安全,B级_基本安全,冲刷破坏,100.0
0+559,scour,moderate,full,92.1741,A级_安全,A级_安全,B级_基本安全,冲刷破坏,100.0
0+559,scour,moderate,cap_off,92.1741,A级_安全,A级_安全,B级_基本安全,冲刷破坏,100.0
0+559,scour,moderate,C3_anchor100,92.1741,A级_安全,A级_安全,B级_基本安全,冲刷破坏,100.0
0+559,scour,moderate,C3_anchor100_cap_off,92.1741,A级_安全,A级_安全,B级_基本安全,冲刷破坏,100.0
0+560,scour,moderate,full,92.1741,A级_安全,A级_安全,B级_基本安全,冲刷破坏,100.0
0+560,scour,moderate,cap_off,92.1741,A级_安全,A级_安全,B级_基本安全,冲刷破坏,100.0
0+560,scour,moderate,C3_anchor100,92.1741,A级_安全,A级_安全,B级_基本安全,冲刷破坏,100.0
0+560,scour,moderate,C3_anchor100_cap_off,92.1741,A级_安全,A级_安全,B级_基本安全,冲刷破坏,100.0
0+561,scour,moderate,full,92.1741,A级_安全,A级_安全,B级_基本安全,冲刷破坏,100.0
0+561,scour,moderate,cap_off,92.1741,A级_安全,A级_安全,B级_基本安全,冲刷破坏,100.0
0+561,scour,moderate,C3_anchor100,92.1741,A级_安全,A级_安全,B级_基本安全,冲刷破坏,100.0
0+561,scour,moderate,C3_anchor100_cap_off,92.1741,A级_安全,A级_安全,B级_基本安全,冲刷破坏,100.0
0+562,scour,moderate,full,92.1741,A级_安全,A级_安全,B级_基本安全,冲刷破坏,100.0
0+562,scour,moderate,cap_off,92.1741,A级_安全,A级_安全,B级_基本安全,冲刷破坏,100.0
0+562,scour,moderate,C3_anchor100,92.1741,A级_安全,A级_安全,B级_基本安全,冲刷破坏,100.0
0+562,scour,moderate,C3_anchor100_cap_off,92.1741,A级_安全,A级_安全,B级_基本安全,冲刷破坏,100.0
0+563,scour,moderate,full,92.1741,A级_安全,A级_安全,B级_基本安全,冲刷破坏,100.0
0+563,scour,moderate,cap_off,92.1741,A级_安全,A级_安全,B级_基本安全,冲刷破坏,100.0
0+563,scour,moderate,C3_anchor100,92.1741,A级_安全,A级_安全,B级_基本安全,冲刷破坏,100.0
0+563,scour,moderate,C3_anchor100_cap_off,92.1741,A级_安全,A级_安全,B级_基本安全,冲刷破坏,100.0
0+564,scour,moderate,full,92.1741,A级_安全,A级_安全,B级_基本安全,冲刷破坏,100.0
0+564,scour,moderate,cap_off,92.1741,A级_安全,A级_安全,B级_基本安全,冲刷破坏,100.0
0+564,scour,moderate,C3_anchor100,92.1741,A级_安全,A级_安全,B级_基本安全,冲刷破坏,100.0
0+564,scour,moderate,C3_anchor100_cap_off,92.1741,A级_安全,A级_安全,B级_基本安全,冲刷破坏,100.0
0+565,scour,moderate,full,92.1741,A级_安全,A级_安全,B级_基本安全,冲刷破坏,100.0
0+565,scour,moderate,cap_off,92.1741,A级_安全,A级_安全,B级_基本安全,冲刷破坏,100.0
0+565,scour,moderate,C3_anchor100,92.1741,A级_安全,A级_安全,B级_基本安全,冲刷破坏,100.0
0+565,scour,moderate,C3_anchor100_cap_off,92.1741,A级_安全,A级_安全,B级_基本安全,冲刷破坏,100.0
0+566,scour,moderate,full,92.1741,A级_安全,A级_安全,B级_基本安全,冲刷破坏,100.0
0+566,scour,moderate,cap_off,92.1741,A级_安全,A级_安全,B级_基本安全,冲刷破坏,100.0
0+566,scour,moderate,C3_anchor100,92.1741,A级_安全,A级_安全,B级_基本安全,冲刷破坏,100.0
0+566,scour,moderate,C3_anchor100_cap_off,92.1741,A级_安全,A级_安全,B级_基本安全,冲刷破坏,100.0
0+567,scour,moderate,full,92.1741,A级_安全,A级_安全,B级_基本安全,冲刷破坏,100.0
0+567,scour,moderate,cap_off,92.1741,A级_安全,A级_安全,B级_基本安全,冲刷破坏,100.0
0+567,scour,moderate,C3_anchor100,92.1741,A级_安全,A级_安全,B级_基本安全,冲刷破坏,100.0
0+567,scour,moderate,C3_anchor100_cap_off,92.1741,A级_安全,A级_安全,B级_基本安全,冲刷破坏,100.0
0+568,scour,moderate,full,92.1741,A级_安全,A级_安全,B级_基本安全,冲刷破坏,100.0
0+568,scour,moderate,cap_off,92.1741,A级_安全,A级_安全,B级_基本安全,冲刷破坏,100.0
0+568,scour,moderate,C3_anchor100,92.1741,A级_安全,A级_安全,B级_基本安全,冲刷破坏,100.0
0+568,scour,moderate,C3_anchor100_cap_off,92.1741,A级_安全,A级_安全,B级_基本安全,冲刷破坏,100.0
0+569,scour,moderate,full,92.1741,A级_安全,A级_安全,B级_基本安全,冲刷破坏,100.0
0+569,scour,moderate,cap_off,92.1741,A级_安全,A级_安全,B级_基本安全,冲刷破坏,100.0
0+569,scour,moderate,C3_anchor100,92.1741,A级_安全,A级_安全,B级_基本安全,冲刷破坏,100.0
0+569,scour,moderate,C3_anchor100_cap_off,92.1741,A级_安全,A级_安全,B级_基本安全,冲刷破坏,100.0
0+570,scour,moderate,full,92.1741,A级_安全,A级_安全,B级_基本安全,冲刷破坏,100.0
0+570,scour,moderate,cap_off,92.1741,A级_安全,A级_安全,B级_基本安全,冲刷破坏,100.0
0+570,scour,moderate,C3_anchor100,92.1741,A级_安全,A级_安全,B级_基本安全,冲刷破坏,100.0
0+570,scour,moderate,C3_anchor100_cap_off,92.1741,A级_安全,A级_安全,B级_基本安全,冲刷破坏,100.0
0+571,scour,moderate,full,92.1741,A级_安全,A级_安全,B级_基本安全,冲刷破坏,100.0
0+571,scour,moderate,cap_off,92.1741,A级_安全,A级_安全,B级_基本安全,冲刷破坏,100.0
0+571,scour,moderate,C3_anchor100,92.1741,A级_安全,A级_安全,B级_基本安全,冲刷破坏,100.0
0+571,scour,moderate,C3_anchor100_cap_off,92.1741,A级_安全,A级_安全,B级_基本安全,冲刷破坏,100.0
0+572,scour,moderate,full,92.1741,A级_安全,A级_安全,B级_基本安全,冲刷破坏,100.0
0+572,scour,moderate,cap_off,92.1741,A级_安全,A级_安全,B级_基本安全,冲刷破坏,100.0
0+572,scour,moderate,C3_anchor100,92.1741,A级_安全,A级_安全,B级_基本安全,冲刷破坏,100.0
0+572,scour,moderate,C3_anchor100_cap_off,92.1741,A级_安全,A级_安全,B级_基本安全,冲刷破坏,100.0
0+573,scour,moderate,full,92.1741,A级_安全,A级_安全,B级_基本安全,冲刷破坏,100.0
0+573,scour,moderate,cap_off,92.1741,A级_安全,A级_安全,B级_基本安全,冲刷破坏,100.0
0+573,scour,moderate,C3_anchor100,92.1741,A级_安全,A级_安全,B级_基本安全,冲刷破坏,100.0
0+573,scour,moderate,C3_anchor100_cap_off,92.1741,A级_安全,A级_安全,B级_基本安全,冲刷破坏,100.0
0+574,scour,moderate,full,92.1741,A级_安全,A级_安全,B级_基本安全,冲刷破坏,100.0
0+574,scour,moderate,cap_off,92.1741,A级_安全,A级_安全,B级_基本安全,冲刷破坏,100.0
0+574,scour,moderate,C3_anchor100,92.1741,A级_安全,A级_安全,B级_基本安全,冲刷破坏,100.0
0+574,scour,moderate,C3_anchor100_cap_off,92.1741,A级_安全,A级_安全,B级_基本安全,冲刷破坏,100.0
0+575,scour,moderate,full,92.1741,A级_安全,A级_安全,B级_基本安全,冲刷破坏,100.0
0+575,scour,moderate,cap_off,92.1741,A级_安全,A级_安全,B级_基本安全,冲刷破坏,100.0
0+575,scour,moderate,C3_anchor100,92.1741,A级_安全,A级_安全,B级_基本安全,冲刷破坏,100.0
0+575,scour,moderate,C3_anchor100_cap_off,92.1741,A级_安全,A级_安全,B级_基本安全,冲刷破坏,100.0
0+576,scour,severe,full,79.789,B级_基本安全,B级_基本安全,C级_不安全,冲刷破坏,100.0
0+576,scour,severe,cap_off,79.789,B级_基本安全,B级_基本安全,C级_不安全,冲刷破坏,100.0
0+576,scour,severe,C3_anchor100,79.789,B级_基本安全,B级_基本安全,C级_不安全,冲刷破坏,100.0
0+576,scour,severe,C3_anchor100_cap_off,79.789,B级_基本安全,B级_基本安全,C级_不安全,冲刷破坏,100.0
0+577,scour,severe,full,79.789,B级_基本安全,B级_基本安全,C级_不安全,冲刷破坏,100.0
0+577,scour,severe,cap_off,79.789,B级_基本安全,B级_基本安全,C级_不安全,冲刷破坏,100.0
0+577,scour,severe,C3_anchor100,79.789,B级_基本安全,B级_基本安全,C级_不安全,冲刷破坏,100.0
0+577,scour,severe,C3_anchor100_cap_off,79.789,B级_基本安全,B级_基本安全,C级_不安全,冲刷破坏,100.0
0+578,scour,severe,full,79.789,B级_基本安全,B级_基本安全,C级_不安全,冲刷破坏,100.0
0+578,scour,severe,cap_off,79.789,B级_基本安全,B级_基本安全,C级_不安全,冲刷破坏,100.0
0+578,scour,severe,C3_anchor100,79.789,B级_基本安全,B级_基本安全,C级_不安全,冲刷破坏,100.0
0+578,scour,severe,C3_anchor100_cap_off,79.789,B级_基本安全,B级_基本安全,C级_不安全,冲刷破坏,100.0
0+579,scour,severe,full,79.789,B级_基本安全,B级_基本安全,C级_不安全,冲刷破坏,100.0
0+579,scour,severe,cap_off,79.789,B级_基本安全,B级_基本安全,C级_不安全,冲刷破坏,100.0
0+579,scour,severe,C3_anchor100,79.789,B级_基本安全,B级_基本安全,C级_不安全,冲刷破坏,100.0
0+579,scour,severe,C3_anchor100_cap_off,79.789,B级_基本安全,B级_基本安全,C级_不安全,冲刷破坏,100.0
0+580,scour,severe,full,79.789,B级_基本安全,B级_基本安全,C级_不安全,冲刷破坏,100.0
0+580,scour,severe,cap_off,79.789,B级_基本安全,B级_基本安全,C级_不安全,冲刷破坏,100.0
0+580,scour,severe,C3_anchor100,79.789,B级_基本安全,B级_基本安全,C级_不安全,冲刷破坏,100.0
0+580,scour,severe,C3_anchor100_cap_off,79.789,B级_基本安全,B级_基本安全,C级_不安全,冲刷破坏,100.0
0+581,scour,severe,full,79.789,B级_基本安全,B级_基本安全,C级_不安全,冲刷破坏,100.0
0+581,scour,severe,cap_off,79.789,B级_基本安全,B级_基本安全,C级_不安全,冲刷破坏,100.0
0+581,scour,severe,C3_anchor100,79.789,B级_基本安全,B级_基本安全,C级_不安全,冲刷破坏,100.0
0+581,scour,severe,C3_anchor100_cap_off,79.789,B级_基本安全,B级_基本安全,C级_不安全,冲刷破坏,100.0
0+582,scour,severe,full,79.789,B级_基本安全,B级_基本安全,C级_不安全,冲刷破坏,100.0
0+582,scour,severe,cap_off,79.789,B级_基本安全,B级_基本安全,C级_不安全,冲刷破坏,100.0
0+582,scour,severe,C3_anchor100,79.789,B级_基本安全,B级_基本安全,C级_不安全,冲刷破坏,100.0
0+582,scour,severe,C3_anchor100_cap_off,79.789,B级_基本安全,B级_基本安全,C级_不安全,冲刷破坏,100.0
0+583,scour,severe,full,79.789,B级_基本安全,B级_基本安全,C级_不安全,冲刷破坏,100.0
0+583,scour,severe,cap_off,79.789,B级_基本安全,B级_基本安全,C级_不安全,冲刷破坏,100.0
0+583,scour,severe,C3_anchor100,79.789,B级_基本安全,B级_基本安全,C级_不安全,冲刷破坏,100.0
0+583,scour,severe,C3_anchor100_cap_off,79.789,B级_基本安全,B级_基本安全,C级_不安全,冲刷破坏,100.0
0+584,scour,severe,full,79.789,B级_基本安全,B级_基本安全,C级_不安全,冲刷破坏,100.0
0+584,scour,severe,cap_off,79.789,B级_基本安全,B级_基本安全,C级_不安全,冲刷破坏,100.0
0+584,scour,severe,C3_anchor100,79.789,B级_基本安全,B级_基本安全,C级_不安全,冲刷破坏,100.0
0+584,scour,severe,C3_anchor100_cap_off,79.789,B级_基本安全,B级_基本安全,C级_不安全,冲刷破坏,100.0
0+585,scour,severe,full,79.789,B级_基本安全,B级_基本安全,C级_不安全,冲刷破坏,100.0
0+585,scour,severe,cap_off,79.789,B级_基本安全,B级_基本安全,C级_不安全,冲刷破坏,100.0
0+585,scour,severe,C3_anchor100,79.789,B级_基本安全,B级_基本安全,C级_不安全,冲刷破坏,100.0
0+585,scour,severe,C3_anchor100_cap_off,79.789,B级_基本安全,B级_基本安全,C级_不安全,冲刷破坏,100.0
0+586,scour,severe,full,79.789,B级_基本安全,B级_基本安全,C级_不安全,冲刷破坏,100.0
0+586,scour,severe,cap_off,79.789,B级_基本安全,B级_基本安全,C级_不安全,冲刷破坏,100.0
0+586,scour,severe,C3_anchor100,79.789,B级_基本安全,B级_基本安全,C级_不安全,冲刷破坏,100.0
0+586,scour,severe,C3_anchor100_cap_off,79.789,B级_基本安全,B级_基本安全,C级_不安全,冲刷破坏,100.0
0+587,scour,severe,full,79.789,B级_基本安全,B级_基本安全,C级_不安全,冲刷破坏,100.0
0+587,scour,severe,cap_off,79.789,B级_基本安全,B级_基本安全,C级_不安全,冲刷破坏,100.0
0+587,scour,severe,C3_anchor100,79.789,B级_基本安全,B级_基本安全,C级_不安全,冲刷破坏,100.0
0+587,scour,severe,C3_anchor100_cap_off,79.789,B级_基本安全,B级_基本安全,C级_不安全,冲刷破坏,100.0
0+588,scour,severe,full,79.789,B级_基本安全,B级_基本安全,C级_不安全,冲刷破坏,100.0
0+588,scour,severe,cap_off,79.789,B级_基本安全,B级_基本安全,C级_不安全,冲刷破坏,100.0
0+588,scour,severe,C3_anchor100,79.789,B级_基本安全,B级_基本安全,C级_不安全,冲刷破坏,100.0
0+588,scour,severe,C3_anchor100_cap_off,79.789,B级_基本安全,B级_基本安全,C级_不安全,冲刷破坏,100.0
0+589,scour,severe,full,79.789,B级_基本安全,B级_基本安全,C级_不安全,冲刷破坏,100.0
0+589,scour,severe,cap_off,79.789,B级_基本安全,B级_基本安全,C级_不安全,冲刷破坏,100.0
0+589,scour,severe,C3_anchor100,79.789,B级_基本安全,B级_基本安全,C级_不安全,冲刷破坏,100.0
0+589,scour,severe,C3_anchor100_cap_off,79.789,B级_基本安全,B级_基本安全,C级_不安全,冲刷破坏,100.0
0+590,scour,severe,full,79.789,B级_基本安全,B级_基本安全,C级_不安全,冲刷破坏,100.0
0+590,scour,severe,cap_off,79.789,B级_基本安全,B级_基本安全,C级_不安全,冲刷破坏,100.0
0+590,scour,severe,C3_anchor100,79.789,B级_基本安全,B级_基本安全,C级_不安全,冲刷破坏,100.0
0+590,scour,severe,C3_anchor100_cap_off,79.789,B级_基本安全,B级_基本安全,C级_不安全,冲刷破坏,100.0
0+591,scour,severe,full,79.789,B级_基本安全,B级_基本安全,C级_不安全,冲刷破坏,100.0
0+591,scour,severe,cap_off,79.789,B级_基本安全,B级_基本安全,C级_不安全,冲刷破坏,100.0
0+591,scour,severe,C3_anchor100,79.789,B级_基本安全,B级_基本安全,C级_不安全,冲刷破坏,100.0
0+591,scour,severe,C3_anchor100_cap_off,79.789,B级_基本安全,B级_基本安全,C级_不安全,冲刷破坏,100.0
0+592,scour,severe,full,79.789,B级_基本安全,B级_基本安全,C级_不安全,冲刷破坏,100.0
0+592,scour,severe,cap_off,79.789,B级_基本安全,B级_基本安全,C级_不安全,冲刷破坏,100.0
0+592,scour,severe,C3_anchor100,79.789,B级_基本安全,B级_基本安全,C级_不安全,冲刷破坏,100.0
0+592,scour,severe,C3_anchor100_cap_off,79.789,B级_基本安全,B级_基本安全,C级_不安全,冲刷破坏,100.0
0+593,scour,severe,full,79.789,B级_基本安全,B级_基本安全,C级_不安全,冲刷破坏,100.0
0+593,scour,severe,cap_off,79.789,B级_基本安全,B级_基本安全,C级_不安全,冲刷破坏,100.0
0+593,scour,severe,C3_anchor100,79.789,B级_基本安全,B级_基本安全,C级_不安全,冲刷破坏,100.0
0+593,scour,severe,C3_anchor100_cap_off,79.789,B级_基本安全,B级_基本安全,C级_不安全,冲刷破坏,100.0
0+594,scour,severe,full,79.789,B级_基本安全,B级_基本安全,C级_不安全,冲刷破坏,100.0
0+594,scour,severe,cap_off,79.789,B级_基本安全,B级_基本安全,C级_不安全,冲刷破坏,100.0
0+594,scour,severe,C3_anchor100,79.789,B级_基本安全,B级_基本安全,C级_不安全,冲刷破坏,100.0
0+594,scour,severe,C3_anchor100_cap_off,79.789,B级_基本安全,B级_基本安全,C级_不安全,冲刷破坏,100.0
0+595,scour,severe,full,79.789,B级_基本安全,B级_基本安全,C级_不安全,冲刷破坏,100.0
0+595,scour,severe,cap_off,79.789,B级_基本安全,B级_基本安全,C级_不安全,冲刷破坏,100.0
0+595,scour,severe,C3_anchor100,79.789,B级_基本安全,B级_基本安全,C级_不安全,冲刷破坏,100.0
0+595,scour,severe,C3_anchor100_cap_off,79.789,B级_基本安全,B级_基本安全,C级_不安全,冲刷破坏,100.0
0+596,scour,severe,full,79.789,B级_基本安全,B级_基本安全,C级_不安全,冲刷破坏,100.0
0+596,scour,severe,cap_off,79.789,B级_基本安全,B级_基本安全,C级_不安全,冲刷破坏,100.0
0+596,scour,severe,C3_anchor100,79.789,B级_基本安全,B级_基本安全,C级_不安全,冲刷破坏,100.0
0+596,scour,severe,C3_anchor100_cap_off,79.789,B级_基本安全,B级_基本安全,C级_不安全,冲刷破坏,100.0
0+597,scour,severe,full,79.789,B级_基本安全,B级_基本安全,C级_不安全,冲刷破坏,100.0
0+597,scour,severe,cap_off,79.789,B级_基本安全,B级_基本安全,C级_不安全,冲刷破坏,100.0
0+597,scour,severe,C3_anchor100,79.789,B级_基本安全,B级_基本安全,C级_不安全,冲刷破坏,100.0
0+597,scour,severe,C3_anchor100_cap_off,79.789,B级_基本安全,B级_基本安全,C级_不安全,冲刷破坏,100.0
0+598,scour,severe,full,79.789,B级_基本安全,B级_基本安全,C级_不安全,冲刷破坏,100.0
0+598,scour,severe,cap_off,79.789,B级_基本安全,B级_基本安全,C级_不安全,冲刷破坏,100.0
0+598,scour,severe,C3_anchor100,79.789,B级_基本安全,B级_基本安全,C级_不安全,冲刷破坏,100.0
0+598,scour,severe,C3_anchor100_cap_off,79.789,B级_基本安全,B级_基本安全,C级_不安全,冲刷破坏,100.0
0+599,scour,severe,full,79.789,B级_基本安全,B级_基本安全,C级_不安全,冲刷破坏,100.0
0+599,scour,severe,cap_off,79.789,B级_基本安全,B级_基本安全,C级_不安全,冲刷破坏,100.0
0+599,scour,severe,C3_anchor100,79.789,B级_基本安全,B级_基本安全,C级_不安全,冲刷破坏,100.0
0+599,scour,severe,C3_anchor100_cap_off,79.789,B级_基本安全,B级_基本安全,C级_不安全,冲刷破坏,100.0
0+600,scour,severe,full,79.789,B级_基本安全,B级_基本安全,C级_不安全,冲刷破坏,100.0
0+600,scour,severe,cap_off,79.789,B级_基本安全,B级_基本安全,C级_不安全,冲刷破坏,100.0
0+600,scour,severe,C3_anchor100,79.789,B级_基本安全,B级_基本安全,C级_不安全,冲刷破坏,100.0
0+600,scour,severe,C3_anchor100_cap_off,79.789,B级_基本安全,B级_基本安全,C级_不安全,冲刷破坏,100.0
0+601,scour,critical,full,77.9461,B级_基本安全,B级_基本安全,C级_不安全,冲刷破坏,100.0
0+601,scour,critical,cap_off,77.9461,B级_基本安全,B级_基本安全,C级_不安全,冲刷破坏,100.0
0+601,scour,critical,C3_anchor100,77.9461,B级_基本安全,B级_基本安全,C级_不安全,冲刷破坏,100.0
0+601,scour,critical,C3_anchor100_cap_off,77.9461,B级_基本安全,B级_基本安全,C级_不安全,冲刷破坏,100.0
0+602,scour,critical,full,77.9461,B级_基本安全,B级_基本安全,C级_不安全,冲刷破坏,100.0
0+602,scour,critical,cap_off,77.9461,B级_基本安全,B级_基本安全,C级_不安全,冲刷破坏,100.0
0+602,scour,critical,C3_anchor100,77.9461,B级_基本安全,B级_基本安全,C级_不安全,冲刷破坏,100.0
0+602,scour,critical,C3_anchor100_cap_off,77.9461,B级_基本安全,B级_基本安全,C级_不安全,冲刷破坏,100.0
0+603,scour,critical,full,77.9461,B级_基本安全,B级_基本安全,C级_不安全,冲刷破坏,100.0
0+603,scour,critical,cap_off,77.9461,B级_基本安全,B级_基本安全,C级_不安全,冲刷破坏,100.0
0+603,scour,critical,C3_anchor100,77.9461,B级_基本安全,B级_基本安全,C级_不安全,冲刷破坏,100.0
0+603,scour,critical,C3_anchor100_cap_off,77.9461,B级_基本安全,B级_基本安全,C级_不安全,冲刷破坏,100.0
0+604,scour,critical,full,77.9461,B级_基本安全,B级_基本安全,C级_不安全,冲刷破坏,100.0
0+604,scour,critical,cap_off,77.9461,B级_基本安全,B级_基本安全,C级_不安全,冲刷破坏,100.0
0+604,scour,critical,C3_anchor100,77.9461,B级_基本安全,B级_基本安全,C级_不安全,冲刷破坏,100.0
0+604,scour,critical,C3_anchor100_cap_off,77.9461,B级_基本安全,B级_基本安全,C级_不安全,冲刷破坏,100.0
0+605,scour,critical,full,77.9461,B级_基本安全,B级_基本安全,C级_不安全,冲刷破坏,100.0
0+605,scour,critical,cap_off,77.9461,B级_基本安全,B级_基本安全,C级_不安全,冲刷破坏,100.0
0+605,scour,critical,C3_anchor100,77.9461,B级_基本安全,B级_基本安全,C级_不安全,冲刷破坏,100.0
0+605,scour,critical,C3_anchor100_cap_off,77.9461,B级_基本安全,B级_基本安全,C级_不安全,冲刷破坏,100.0
0+606,scour,critical,full,77.9461,B级_基本安全,B级_基本安全,C级_不安全,冲刷破坏,100.0
0+606,scour,critical,cap_off,77.9461,B级_基本安全,B级_基本安全,C级_不安全,冲刷破坏,100.0
0+606,scour,critical,C3_anchor100,77.9461,B级_基本安全,B级_基本安全,C级_不安全,冲刷破坏,100.0
0+606,scour,critical,C3_anchor100_cap_off,77.9461,B级_基本安全,B级_基本安全,C级_不安全,冲刷破坏,100.0
0+607,scour,critical,full,77.9461,B级_基本安全,B级_基本安全,C级_不安全,冲刷破坏,100.0
0+607,scour,critical,cap_off,77.9461,B级_基本安全,B级_基本安全,C级_不安全,冲刷破坏,100.0
0+607,scour,critical,C3_anchor100,77.9461,B级_基本安全,B级_基本安全,C级_不安全,冲刷破坏,100.0
0+607,scour,critical,C3_anchor100_cap_off,77.9461,B级_基本安全,B级_基本安全,C级_不安全,冲刷破坏,100.0
0+608,scour,critical,full,77.9461,B级_基本安全,B级_基本安全,C级_不安全,冲刷破坏,100.0
0+608,scour,critical,cap_off,77.9461,B级_基本安全,B级_基本安全,C级_不安全,冲刷破坏,100.0
0+608,scour,critical,C3_anchor100,77.9461,B级_基本安全,B级_基本安全,C级_不安全,冲刷破坏,100.0
0+608,scour,critical,C3_anchor100_cap_off,77.9461,B级_基本安全,B级_基本安全,C级_不安全,冲刷破坏,100.0
0+609,scour,critical,full,77.9461,B级_基本安全,B级_基本安全,C级_不安全,冲刷破坏,100.0
0+609,scour,critical,cap_off,77.9461,B级_基本安全,B级_基本安全,C级_不安全,冲刷破坏,100.0
0+609,scour,critical,C3_anchor100,77.9461,B级_基本安全,B级_基本安全,C级_不安全,冲刷破坏,100.0
0+609,scour,critical,C3_anchor100_cap_off,77.9461,B级_基本安全,B级_基本安全,C级_不安全,冲刷破坏,100.0
0+610,scour,critical,full,77.9461,B级_基本安全,B级_基本安全,C级_不安全,冲刷破坏,100.0
0+610,scour,critical,cap_off,77.9461,B级_基本安全,B级_基本安全,C级_不安全,冲刷破坏,100.0
0+610,scour,critical,C3_anchor100,77.9461,B级_基本安全,B级_基本安全,C级_不安全,冲刷破坏,100.0
0+610,scour,critical,C3_anchor100_cap_off,77.9461,B级_基本安全,B级_基本安全,C级_不安全,冲刷破坏,100.0
0+611,scour,critical,full,77.9461,B级_基本安全,B级_基本安全,C级_不安全,冲刷破坏,100.0
0+611,scour,critical,cap_off,77.9461,B级_基本安全,B级_基本安全,C级_不安全,冲刷破坏,100.0
0+611,scour,critical,C3_anchor100,77.9461,B级_基本安全,B级_基本安全,C级_不安全,冲刷破坏,100.0
0+611,scour,critical,C3_anchor100_cap_off,77.9461,B级_基本安全,B级_基本安全,C级_不安全,冲刷破坏,100.0
0+612,scour,critical,full,77.9461,B级_基本安全,B级_基本安全,C级_不安全,冲刷破坏,100.0
0+612,scour,critical,cap_off,77.9461,B级_基本安全,B级_基本安全,C级_不安全,冲刷破坏,100.0
0+612,scour,critical,C3_anchor100,77.9461,B级_基本安全,B级_基本安全,C级_不安全,冲刷破坏,100.0
0+612,scour,critical,C3_anchor100_cap_off,77.9461,B级_基本安全,B级_基本安全,C级_不安全,冲刷破坏,100.0
0+613,scour,critical,full,77.9461,B级_基本安全,B级_基本安全,C级_不安全,冲刷破坏,100.0
0+613,scour,critical,cap_off,77.9461,B级_基本安全,B级_基本安全,C级_不安全,冲刷破坏,100.0
0+613,scour,critical,C3_anchor100,77.9461,B级_基本安全,B级_基本安全,C级_不安全,冲刷破坏,100.0
0+613,scour,critical,C3_anchor100_cap_off,77.9461,B级_基本安全,B级_基本安全,C级_不安全,冲刷破坏,100.0
0+614,scour,critical,full,77.9461,B级_基本安全,B级_基本安全,C级_不安全,冲刷破坏,100.0
0+614,scour,critical,cap_off,77.9461,B级_基本安全,B级_基本安全,C级_不安全,冲刷破坏,100.0
0+614,scour,critical,C3_anchor100,77.9461,B级_基本安全,B级_基本安全,C级_不安全,冲刷破坏,100.0
0+614,scour,critical,C3_anchor100_cap_off,77.9461,B级_基本安全,B级_基本安全,C级_不安全,冲刷破坏,100.0
0+615,scour,critical,full,77.9461,B级_基本安全,B级_基本安全,C级_不安全,冲刷破坏,100.0
0+615,scour,critical,cap_off,77.9461,B级_基本安全,B级_基本安全,C级_不安全,冲刷破坏,100.0
0+615,scour,critical,C3_anchor100,77.9461,B级_基本安全,B级_基本安全,C级_不安全,冲刷破坏,100.0
0+615,scour,critical,C3_anchor100_cap_off,77.9461,B级_基本安全,B级_基本安全,C级_不安全,冲刷破坏,100.0
0+616,scour,critical,full,77.9461,B级_基本安全,B级_基本安全,C级_不安全,冲刷破坏,100.0
0+616,scour,critical,cap_off,77.9461,B级_基本安全,B级_基本安全,C级_不安全,冲刷破坏,100.0
0+616,scour,critical,C3_anchor100,77.9461,B级_基本安全,B级_基本安全,C级_不安全,冲刷破坏,100.0
0+616,scour,critical,C3_anchor100_cap_off,77.9461,B级_基本安全,B级_基本安全,C级_不安全,冲刷破坏,100.0
0+617,scour,critical,full,77.9461,B级_基本安全,B级_基本安全,C级_不安全,冲刷破坏,100.0
0+617,scour,critical,cap_off,77.9461,B级_基本安全,B级_基本安全,C级_不安全,冲刷破坏,100.0
0+617,scour,critical,C3_anchor100,77.9461,B级_基本安全,B级_基本安全,C级_不安全,冲刷破坏,100.0
0+617,scour,critical,C3_anchor100_cap_off,77.9461,B级_基本安全,B级_基本安全,C级_不安全,冲刷破坏,100.0
0+618,scour,critical,full,77.9461,B级_基本安全,B级_基本安全,C级_不安全,冲刷破坏,100.0
0+618,scour,critical,cap_off,77.9461,B级_基本安全,B级_基本安全,C级_不安全,冲刷破坏,100.0
0+618,scour,critical,C3_anchor100,77.9461,B级_基本安全,B级_基本安全,C级_不安全,冲刷破坏,100.0
0+618,scour,critical,C3_anchor100_cap_off,77.9461,B级_基本安全,B级_基本安全,C级_不安全,冲刷破坏,100.0
0+619,scour,critical,full,77.9461,B级_基本安全,B级_基本安全,C级_不安全,冲刷破坏,100.0
0+619,scour,critical,cap_off,77.9461,B级_基本安全,B级_基本安全,C级_不安全,冲刷破坏,100.0
0+619,scour,critical,C3_anchor100,77.9461,B级_基本安全,B级_基本安全,C级_不安全,冲刷破坏,100.0
0+619,scour,critical,C3_anchor100_cap_off,77.9461,B级_基本安全,B级_基本安全,C级_不安全,冲刷破坏,100.0
0+620,scour,critical,full,77.9461,B级_基本安全,B级_基本安全,C级_不安全,冲刷破坏,100.0
0+620,scour,critical,cap_off,77.9461,B级_基本安全,B级_基本安全,C级_不安全,冲刷破坏,100.0
0+620,scour,critical,C3_anchor100,77.9461,B级_基本安全,B级_基本安全,C级_不安全,冲刷破坏,100.0
0+620,scour,critical,C3_anchor100_cap_off,77.9461,B级_基本安全,B级_基本安全,C级_不安全,冲刷破坏,100.0
0+621,scour,critical,full,77.9461,B级_基本安全,B级_基本安全,C级_不安全,冲刷破坏,100.0
0+621,scour,critical,cap_off,77.9461,B级_基本安全,B级_基本安全,C级_不安全,冲刷破坏,100.0
0+621,scour,critical,C3_anchor100,77.9461,B级_基本安全,B级_基本安全,C级_不安全,冲刷破坏,100.0
0+621,scour,critical,C3_anchor100_cap_off,77.9461,B级_基本安全,B级_基本安全,C级_不安全,冲刷破坏,100.0
0+622,scour,critical,full,77.9461,B级_基本安全,B级_基本安全,C级_不安全,冲刷破坏,100.0
0+622,scour,critical,cap_off,77.9461,B级_基本安全,B级_基本安全,C级_不安全,冲刷破坏,100.0
0+622,scour,critical,C3_anchor100,77.9461,B级_基本安全,B级_基本安全,C级_不安全,冲刷破坏,100.0
0+622,scour,critical,C3_anchor100_cap_off,77.9461,B级_基本安全,B级_基本安全,C级_不安全,冲刷破坏,100.0
0+623,scour,critical,full,77.9461,B级_基本安全,B级_基本安全,C级_不安全,冲刷破坏,100.0
0+623,scour,critical,cap_off,77.9461,B级_基本安全,B级_基本安全,C级_不安全,冲刷破坏,100.0
0+623,scour,critical,C3_anchor100,77.9461,B级_基本安全,B级_基本安全,C级_不安全,冲刷破坏,100.0
0+623,scour,critical,C3_anchor100_cap_off,77.9461,B级_基本安全,B级_基本安全,C级_不安全,冲刷破坏,100.0
0+624,scour,critical,full,77.9461,B级_基本安全,B级_基本安全,C级_不安全,冲刷破坏,100.0
0+624,scour,critical,cap_off,77.9461,B级_基本安全,B级_基本安全,C级_不安全,冲刷破坏,100.0
0+624,scour,critical,C3_anchor100,77.9461,B级_基本安全,B级_基本安全,C级_不安全,冲刷破坏,100.0
0+624,scour,critical,C3_anchor100_cap_off,77.9461,B级_基本安全,B级_基本安全,C级_不安全,冲刷破坏,100.0
0+625,scour,critical,full,77.9461,B级_基本安全,B级_基本安全,C级_不安全,冲刷破坏,100.0
0+625,scour,critical,cap_off,77.9461,B级_基本安全,B级_基本安全,C级_不安全,冲刷破坏,100.0
0+625,scour,critical,C3_anchor100,77.9461,B级_基本安全,B级_基本安全,C级_不安全,冲刷破坏,100.0
0+625,scour,critical,C3_anchor100_cap_off,77.9461,B级_基本安全,B级_基本安全,C级_不安全,冲刷破坏,100.0
0+626,building,safe,full,96.0493,A级_安全,A级_安全,A级_安全,渗流破坏,100.0
0+626,building,safe,cap_off,96.0493,A级_安全,A级_安全,A级_安全,渗流破坏,100.0
0+626,building,safe,C3_anchor100,96.0493,A级_安全,A级_安全,A级_安全,渗流破坏,100.0
0+626,building,safe,C3_anchor100_cap_off,96.0493,A级_安全,A级_安全,A级_安全,渗流破坏,100.0
0+627,building,safe,full,96.0493,A级_安全,A级_安全,A级_安全,渗流破坏,100.0
0+627,building,safe,cap_off,96.0493,A级_安全,A级_安全,A级_安全,渗流破坏,100.0
0+627,building,safe,C3_anchor100,96.0493,A级_安全,A级_安全,A级_安全,渗流破坏,100.0
0+627,building,safe,C3_anchor100_cap_off,96.0493,A级_安全,A级_安全,A级_安全,渗流破坏,100.0
0+628,building,safe,full,96.0493,A级_安全,A级_安全,A级_安全,渗流破坏,100.0
0+628,building,safe,cap_off,96.0493,A级_安全,A级_安全,A级_安全,渗流破坏,100.0
0+628,building,safe,C3_anchor100,96.0493,A级_安全,A级_安全,A级_安全,渗流破坏,100.0
0+628,building,safe,C3_anchor100_cap_off,96.0493,A级_安全,A级_安全,A级_安全,渗流破坏,100.0
0+629,building,safe,full,96.0493,A级_安全,A级_安全,A级_安全,渗流破坏,100.0
0+629,building,safe,cap_off,96.0493,A级_安全,A级_安全,A级_安全,渗流破坏,100.0
0+629,building,safe,C3_anchor100,96.0493,A级_安全,A级_安全,A级_安全,渗流破坏,100.0
0+629,building,safe,C3_anchor100_cap_off,96.0493,A级_安全,A级_安全,A级_安全,渗流破坏,100.0
0+630,building,safe,full,96.0493,A级_安全,A级_安全,A级_安全,渗流破坏,100.0
0+630,building,safe,cap_off,96.0493,A级_安全,A级_安全,A级_安全,渗流破坏,100.0
0+630,building,safe,C3_anchor100,96.0493,A级_安全,A级_安全,A级_安全,渗流破坏,100.0
0+630,building,safe,C3_anchor100_cap_off,96.0493,A级_安全,A级_安全,A级_安全,渗流破坏,100.0
0+631,building,safe,full,96.0493,A级_安全,A级_安全,A级_安全,渗流破坏,100.0
0+631,building,safe,cap_off,96.0493,A级_安全,A级_安全,A级_安全,渗流破坏,100.0
0+631,building,safe,C3_anchor100,96.0493,A级_安全,A级_安全,A级_安全,渗流破坏,100.0
0+631,building,safe,C3_anchor100_cap_off,96.0493,A级_安全,A级_安全,A级_安全,渗流破坏,100.0
0+632,building,safe,full,96.0493,A级_安全,A级_安全,A级_安全,渗流破坏,100.0
0+632,building,safe,cap_off,96.0493,A级_安全,A级_安全,A级_安全,渗流破坏,100.0
0+632,building,safe,C3_anchor100,96.0493,A级_安全,A级_安全,A级_安全,渗流破坏,100.0
0+632,building,safe,C3_anchor100_cap_off,96.0493,A级_安全,A级_安全,A级_安全,渗流破坏,100.0
0+633,building,safe,full,96.0493,A级_安全,A级_安全,A级_安全,渗流破坏,100.0
0+633,building,safe,cap_off,96.0493,A级_安全,A级_安全,A级_安全,渗流破坏,100.0
0+633,building,safe,C3_anchor100,96.0493,A级_安全,A级_安全,A级_安全,渗流破坏,100.0
0+633,building,safe,C3_anchor100_cap_off,96.0493,A级_安全,A级_安全,A级_安全,渗流破坏,100.0
0+634,building,safe,full,96.0493,A级_安全,A级_安全,A级_安全,渗流破坏,100.0
0+634,building,safe,cap_off,96.0493,A级_安全,A级_安全,A级_安全,渗流破坏,100.0
0+634,building,safe,C3_anchor100,96.0493,A级_安全,A级_安全,A级_安全,渗流破坏,100.0
0+634,building,safe,C3_anchor100_cap_off,96.0493,A级_安全,A级_安全,A级_安全,渗流破坏,100.0
0+635,building,safe,full,96.0493,A级_安全,A级_安全,A级_安全,渗流破坏,100.0
0+635,building,safe,cap_off,96.0493,A级_安全,A级_安全,A级_安全,渗流破坏,100.0
0+635,building,safe,C3_anchor100,96.0493,A级_安全,A级_安全,A级_安全,渗流破坏,100.0
0+635,building,safe,C3_anchor100_cap_off,96.0493,A级_安全,A级_安全,A级_安全,渗流破坏,100.0
0+636,building,safe,full,96.0493,A级_安全,A级_安全,A级_安全,渗流破坏,100.0
0+636,building,safe,cap_off,96.0493,A级_安全,A级_安全,A级_安全,渗流破坏,100.0
0+636,building,safe,C3_anchor100,96.0493,A级_安全,A级_安全,A级_安全,渗流破坏,100.0
0+636,building,safe,C3_anchor100_cap_off,96.0493,A级_安全,A级_安全,A级_安全,渗流破坏,100.0
0+637,building,safe,full,96.0493,A级_安全,A级_安全,A级_安全,渗流破坏,100.0
0+637,building,safe,cap_off,96.0493,A级_安全,A级_安全,A级_安全,渗流破坏,100.0
0+637,building,safe,C3_anchor100,96.0493,A级_安全,A级_安全,A级_安全,渗流破坏,100.0
0+637,building,safe,C3_anchor100_cap_off,96.0493,A级_安全,A级_安全,A级_安全,渗流破坏,100.0
0+638,building,safe,full,96.0493,A级_安全,A级_安全,A级_安全,渗流破坏,100.0
0+638,building,safe,cap_off,96.0493,A级_安全,A级_安全,A级_安全,渗流破坏,100.0
0+638,building,safe,C3_anchor100,96.0493,A级_安全,A级_安全,A级_安全,渗流破坏,100.0
0+638,building,safe,C3_anchor100_cap_off,96.0493,A级_安全,A级_安全,A级_安全,渗流破坏,100.0
0+639,building,safe,full,96.0493,A级_安全,A级_安全,A级_安全,渗流破坏,100.0
0+639,building,safe,cap_off,96.0493,A级_安全,A级_安全,A级_安全,渗流破坏,100.0
0+639,building,safe,C3_anchor100,96.0493,A级_安全,A级_安全,A级_安全,渗流破坏,100.0
0+639,building,safe,C3_anchor100_cap_off,96.0493,A级_安全,A级_安全,A级_安全,渗流破坏,100.0
0+640,building,safe,full,96.0493,A级_安全,A级_安全,A级_安全,渗流破坏,100.0
0+640,building,safe,cap_off,96.0493,A级_安全,A级_安全,A级_安全,渗流破坏,100.0
0+640,building,safe,C3_anchor100,96.0493,A级_安全,A级_安全,A级_安全,渗流破坏,100.0
0+640,building,safe,C3_anchor100_cap_off,96.0493,A级_安全,A级_安全,A级_安全,渗流破坏,100.0
0+641,building,safe,full,96.0493,A级_安全,A级_安全,A级_安全,渗流破坏,100.0
0+641,building,safe,cap_off,96.0493,A级_安全,A级_安全,A级_安全,渗流破坏,100.0
0+641,building,safe,C3_anchor100,96.0493,A级_安全,A级_安全,A级_安全,渗流破坏,100.0
0+641,building,safe,C3_anchor100_cap_off,96.0493,A级_安全,A级_安全,A级_安全,渗流破坏,100.0
0+642,building,safe,full,96.0493,A级_安全,A级_安全,A级_安全,渗流破坏,100.0
0+642,building,safe,cap_off,96.0493,A级_安全,A级_安全,A级_安全,渗流破坏,100.0
0+642,building,safe,C3_anchor100,96.0493,A级_安全,A级_安全,A级_安全,渗流破坏,100.0
0+642,building,safe,C3_anchor100_cap_off,96.0493,A级_安全,A级_安全,A级_安全,渗流破坏,100.0
0+643,building,safe,full,96.0493,A级_安全,A级_安全,A级_安全,渗流破坏,100.0
0+643,building,safe,cap_off,96.0493,A级_安全,A级_安全,A级_安全,渗流破坏,100.0
0+643,building,safe,C3_anchor100,96.0493,A级_安全,A级_安全,A级_安全,渗流破坏,100.0
0+643,building,safe,C3_anchor100_cap_off,96.0493,A级_安全,A级_安全,A级_安全,渗流破坏,100.0
0+644,building,safe,full,96.0493,A级_安全,A级_安全,A级_安全,渗流破坏,100.0
0+644,building,safe,cap_off,96.0493,A级_安全,A级_安全,A级_安全,渗流破坏,100.0
0+644,building,safe,C3_anchor100,96.0493,A级_安全,A级_安全,A级_安全,渗流破坏,100.0
0+644,building,safe,C3_anchor100_cap_off,96.0493,A级_安全,A级_安全,A级_安全,渗流破坏,100.0
0+645,building,safe,full,96.0493,A级_安全,A级_安全,A级_安全,渗流破坏,100.0
0+645,building,safe,cap_off,96.0493,A级_安全,A级_安全,A级_安全,渗流破坏,100.0
0+645,building,safe,C3_anchor100,96.0493,A级_安全,A级_安全,A级_安全,渗流破坏,100.0
0+645,building,safe,C3_anchor100_cap_off,96.0493,A级_安全,A级_安全,A级_安全,渗流破坏,100.0
0+646,building,safe,full,96.0493,A级_安全,A级_安全,A级_安全,渗流破坏,100.0
0+646,building,safe,cap_off,96.0493,A级_安全,A级_安全,A级_安全,渗流破坏,100.0
0+646,building,safe,C3_anchor100,96.0493,A级_安全,A级_安全,A级_安全,渗流破坏,100.0
0+646,building,safe,C3_anchor100_cap_off,96.0493,A级_安全,A级_安全,A级_安全,渗流破坏,100.0
0+647,building,safe,full,96.0493,A级_安全,A级_安全,A级_安全,渗流破坏,100.0
0+647,building,safe,cap_off,96.0493,A级_安全,A级_安全,A级_安全,渗流破坏,100.0
0+647,building,safe,C3_anchor100,96.0493,A级_安全,A级_安全,A级_安全,渗流破坏,100.0
0+647,building,safe,C3_anchor100_cap_off,96.0493,A级_安全,A级_安全,A级_安全,渗流破坏,100.0
0+648,building,safe,full,96.0493,A级_安全,A级_安全,A级_安全,渗流破坏,100.0
0+648,building,safe,cap_off,96.0493,A级_安全,A级_安全,A级_安全,渗流破坏,100.0
0+648,building,safe,C3_anchor100,96.0493,A级_安全,A级_安全,A级_安全,渗流破坏,100.0
0+648,building,safe,C3_anchor100_cap_off,96.0493,A级_安全,A级_安全,A级_安全,渗流破坏,100.0
0+649,building,safe,full,96.0493,A级_安全,A级_安全,A级_安全,渗流破坏,100.0
0+649,building,safe,cap_off,96.0493,A级_安全,A级_安全,A级_安全,渗流破坏,100.0
0+649,building,safe,C3_anchor100,96.0493,A级_安全,A级_安全,A级_安全,渗流破坏,100.0
0+649,building,safe,C3_anchor100_cap_off,96.0493,A级_安全,A级_安全,A级_安全,渗流破坏,100.0
0+650,building,safe,full,96.0493,A级_安全,A级_安全,A级_安全,渗流破坏,100.0
0+650,building,safe,cap_off,96.0493,A级_安全,A级_安全,A级_安全,渗流破坏,100.0
0+650,building,safe,C3_anchor100,96.0493,A级_安全,A级_安全,A级_安全,渗流破坏,100.0
0+650,building,safe,C3_anchor100_cap_off,96.0493,A级_安全,A级_安全,A级_安全,渗流破坏,100.0
0+651,building,slight,full,96.0493,A级_安全,A级_安全,A级_安全,渗流破坏,100.0
0+651,building,slight,cap_off,96.0493,A级_安全,A级_安全,A级_安全,渗流破坏,100.0
0+651,building,slight,C3_anchor100,96.0493,A级_安全,A级_安全,A级_安全,渗流破坏,100.0
0+651,building,slight,C3_anchor100_cap_off,96.0493,A级_安全,A级_安全,A级_安全,渗流破坏,100.0
0+652,building,slight,full,96.0493,A级_安全,A级_安全,A级_安全,渗流破坏,100.0
0+652,building,slight,cap_off,96.0493,A级_安全,A级_安全,A级_安全,渗流破坏,100.0
0+652,building,slight,C3_anchor100,96.0493,A级_安全,A级_安全,A级_安全,渗流破坏,100.0
0+652,building,slight,C3_anchor100_cap_off,96.0493,A级_安全,A级_安全,A级_安全,渗流破坏,100.0
0+653,building,slight,full,96.0493,A级_安全,A级_安全,A级_安全,渗流破坏,100.0
0+653,building,slight,cap_off,96.0493,A级_安全,A级_安全,A级_安全,渗流破坏,100.0
0+653,building,slight,C3_anchor100,96.0493,A级_安全,A级_安全,A级_安全,渗流破坏,100.0
0+653,building,slight,C3_anchor100_cap_off,96.0493,A级_安全,A级_安全,A级_安全,渗流破坏,100.0
0+654,building,slight,full,96.0493,A级_安全,A级_安全,A级_安全,渗流破坏,100.0
0+654,building,slight,cap_off,96.0493,A级_安全,A级_安全,A级_安全,渗流破坏,100.0
0+654,building,slight,C3_anchor100,96.0493,A级_安全,A级_安全,A级_安全,渗流破坏,100.0
0+654,building,slight,C3_anchor100_cap_off,96.0493,A级_安全,A级_安全,A级_安全,渗流破坏,100.0
0+655,building,slight,full,96.0493,A级_安全,A级_安全,A级_安全,渗流破坏,100.0
0+655,building,slight,cap_off,96.0493,A级_安全,A级_安全,A级_安全,渗流破坏,100.0
0+655,building,slight,C3_anchor100,96.0493,A级_安全,A级_安全,A级_安全,渗流破坏,100.0
0+655,building,slight,C3_anchor100_cap_off,96.0493,A级_安全,A级_安全,A级_安全,渗流破坏,100.0
0+656,building,slight,full,96.0493,A级_安全,A级_安全,A级_安全,渗流破坏,100.0
0+656,building,slight,cap_off,96.0493,A级_安全,A级_安全,A级_安全,渗流破坏,100.0
0+656,building,slight,C3_anchor100,96.0493,A级_安全,A级_安全,A级_安全,渗流破坏,100.0
0+656,building,slight,C3_anchor100_cap_off,96.0493,A级_安全,A级_安全,A级_安全,渗流破坏,100.0
0+657,building,slight,full,96.0493,A级_安全,A级_安全,A级_安全,渗流破坏,100.0
0+657,building,slight,cap_off,96.0493,A级_安全,A级_安全,A级_安全,渗流破坏,100.0
0+657,building,slight,C3_anchor100,96.0493,A级_安全,A级_安全,A级_安全,渗流破坏,100.0
0+657,building,slight,C3_anchor100_cap_off,96.0493,A级_安全,A级_安全,A级_安全,渗流破坏,100.0
0+658,building,slight,full,96.0493,A级_安全,A级_安全,A级_安全,渗流破坏,100.0
0+658,building,slight,cap_off,96.0493,A级_安全,A级_安全,A级_安全,渗流破坏,100.0
0+658,building,slight,C3_anchor100,96.0493,A级_安全,A级_安全,A级_安全,渗流破坏,100.0
0+658,building,slight,C3_anchor100_cap_off,96.0493,A级_安全,A级_安全,A级_安全,渗流破坏,100.0
0+659,building,slight,full,96.0493,A级_安全,A级_安全,A级_安全,渗流破坏,100.0
0+659,building,slight,cap_off,96.0493,A级_安全,A级_安全,A级_安全,渗流破坏,100.0
0+659,building,slight,C3_anchor100,96.0493,A级_安全,A级_安全,A级_安全,渗流破坏,100.0
0+659,building,slight,C3_anchor100_cap_off,96.0493,A级_安全,A级_安全,A级_安全,渗流破坏,100.0
0+660,building,slight,full,96.0493,A级_安全,A级_安全,A级_安全,渗流破坏,100.0
0+660,building,slight,cap_off,96.0493,A级_安全,A级_安全,A级_安全,渗流破坏,100.0
0+660,building,slight,C3_anchor100,96.0493,A级_安全,A级_安全,A级_安全,渗流破坏,100.0
0+660,building,slight,C3_anchor100_cap_off,96.0493,A级_安全,A级_安全,A级_安全,渗流破坏,100.0
0+661,building,slight,full,96.0493,A级_安全,A级_安全,A级_安全,渗流破坏,100.0
0+661,building,slight,cap_off,96.0493,A级_安全,A级_安全,A级_安全,渗流破坏,100.0
0+661,building,slight,C3_anchor100,96.0493,A级_安全,A级_安全,A级_安全,渗流破坏,100.0
0+661,building,slight,C3_anchor100_cap_off,96.0493,A级_安全,A级_安全,A级_安全,渗流破坏,100.0
0+662,building,slight,full,96.0493,A级_安全,A级_安全,A级_安全,渗流破坏,100.0
0+662,building,slight,cap_off,96.0493,A级_安全,A级_安全,A级_安全,渗流破坏,100.0
0+662,building,slight,C3_anchor100,96.0493,A级_安全,A级_安全,A级_安全,渗流破坏,100.0
0+662,building,slight,C3_anchor100_cap_off,96.0493,A级_安全,A级_安全,A级_安全,渗流破坏,100.0
0+663,building,slight,full,96.0493,A级_安全,A级_安全,A级_安全,渗流破坏,100.0
0+663,building,slight,cap_off,96.0493,A级_安全,A级_安全,A级_安全,渗流破坏,100.0
0+663,building,slight,C3_anchor100,96.0493,A级_安全,A级_安全,A级_安全,渗流破坏,100.0
0+663,building,slight,C3_anchor100_cap_off,96.0493,A级_安全,A级_安全,A级_安全,渗流破坏,100.0
0+664,building,slight,full,96.0493,A级_安全,A级_安全,A级_安全,渗流破坏,100.0
0+664,building,slight,cap_off,96.0493,A级_安全,A级_安全,A级_安全,渗流破坏,100.0
0+664,building,slight,C3_anchor100,96.0493,A级_安全,A级_安全,A级_安全,渗流破坏,100.0
0+664,building,slight,C3_anchor100_cap_off,96.0493,A级_安全,A级_安全,A级_安全,渗流破坏,100.0
0+665,building,slight,full,96.0493,A级_安全,A级_安全,A级_安全,渗流破坏,100.0
0+665,building,slight,cap_off,96.0493,A级_安全,A级_安全,A级_安全,渗流破坏,100.0
0+665,building,slight,C3_anchor100,96.0493,A级_安全,A级_安全,A级_安全,渗流破坏,100.0
0+665,building,slight,C3_anchor100_cap_off,96.0493,A级_安全,A级_安全,A级_安全,渗流破坏,100.0
0+666,building,slight,full,96.0493,A级_安全,A级_安全,A级_安全,渗流破坏,100.0
0+666,building,slight,cap_off,96.0493,A级_安全,A级_安全,A级_安全,渗流破坏,100.0
0+666,building,slight,C3_anchor100,96.0493,A级_安全,A级_安全,A级_安全,渗流破坏,100.0
0+666,building,slight,C3_anchor100_cap_off,96.0493,A级_安全,A级_安全,A级_安全,渗流破坏,100.0
0+667,building,slight,full,96.0493,A级_安全,A级_安全,A级_安全,渗流破坏,100.0
0+667,building,slight,cap_off,96.0493,A级_安全,A级_安全,A级_安全,渗流破坏,100.0
0+667,building,slight,C3_anchor100,96.0493,A级_安全,A级_安全,A级_安全,渗流破坏,100.0
0+667,building,slight,C3_anchor100_cap_off,96.0493,A级_安全,A级_安全,A级_安全,渗流破坏,100.0
0+668,building,slight,full,96.0493,A级_安全,A级_安全,A级_安全,渗流破坏,100.0
0+668,building,slight,cap_off,96.0493,A级_安全,A级_安全,A级_安全,渗流破坏,100.0
0+668,building,slight,C3_anchor100,96.0493,A级_安全,A级_安全,A级_安全,渗流破坏,100.0
0+668,building,slight,C3_anchor100_cap_off,96.0493,A级_安全,A级_安全,A级_安全,渗流破坏,100.0
0+669,building,slight,full,96.0493,A级_安全,A级_安全,A级_安全,渗流破坏,100.0
0+669,building,slight,cap_off,96.0493,A级_安全,A级_安全,A级_安全,渗流破坏,100.0
0+669,building,slight,C3_anchor100,96.0493,A级_安全,A级_安全,A级_安全,渗流破坏,100.0
0+669,building,slight,C3_anchor100_cap_off,96.0493,A级_安全,A级_安全,A级_安全,渗流破坏,100.0
0+670,building,slight,full,96.0493,A级_安全,A级_安全,A级_安全,渗流破坏,100.0
0+670,building,slight,cap_off,96.0493,A级_安全,A级_安全,A级_安全,渗流破坏,100.0
0+670,building,slight,C3_anchor100,96.0493,A级_安全,A级_安全,A级_安全,渗流破坏,100.0
0+670,building,slight,C3_anchor100_cap_off,96.0493,A级_安全,A级_安全,A级_安全,渗流破坏,100.0
0+671,building,slight,full,96.0493,A级_安全,A级_安全,A级_安全,渗流破坏,100.0
0+671,building,slight,cap_off,96.0493,A级_安全,A级_安全,A级_安全,渗流破坏,100.0
0+671,building,slight,C3_anchor100,96.0493,A级_安全,A级_安全,A级_安全,渗流破坏,100.0
0+671,building,slight,C3_anchor100_cap_off,96.0493,A级_安全,A级_安全,A级_安全,渗流破坏,100.0
0+672,building,slight,full,96.0493,A级_安全,A级_安全,A级_安全,渗流破坏,100.0
0+672,building,slight,cap_off,96.0493,A级_安全,A级_安全,A级_安全,渗流破坏,100.0
0+672,building,slight,C3_anchor100,96.0493,A级_安全,A级_安全,A级_安全,渗流破坏,100.0
0+672,building,slight,C3_anchor100_cap_off,96.0493,A级_安全,A级_安全,A级_安全,渗流破坏,100.0
0+673,building,slight,full,96.0493,A级_安全,A级_安全,A级_安全,渗流破坏,100.0
0+673,building,slight,cap_off,96.0493,A级_安全,A级_安全,A级_安全,渗流破坏,100.0
0+673,building,slight,C3_anchor100,96.0493,A级_安全,A级_安全,A级_安全,渗流破坏,100.0
0+673,building,slight,C3_anchor100_cap_off,96.0493,A级_安全,A级_安全,A级_安全,渗流破坏,100.0
0+674,building,slight,full,96.0493,A级_安全,A级_安全,A级_安全,渗流破坏,100.0
0+674,building,slight,cap_off,96.0493,A级_安全,A级_安全,A级_安全,渗流破坏,100.0
0+674,building,slight,C3_anchor100,96.0493,A级_安全,A级_安全,A级_安全,渗流破坏,100.0
0+674,building,slight,C3_anchor100_cap_off,96.0493,A级_安全,A级_安全,A级_安全,渗流破坏,100.0
0+675,building,slight,full,96.0493,A级_安全,A级_安全,A级_安全,渗流破坏,100.0
0+675,building,slight,cap_off,96.0493,A级_安全,A级_安全,A级_安全,渗流破坏,100.0
0+675,building,slight,C3_anchor100,96.0493,A级_安全,A级_安全,A级_安全,渗流破坏,100.0
0+675,building,slight,C3_anchor100_cap_off,96.0493,A级_安全,A级_安全,A级_安全,渗流破坏,100.0
0+676,building,moderate,full,82.2924,A级_安全,A级_安全,B级_基本安全,穿堤建筑物失效,100.0
0+676,building,moderate,cap_off,82.2924,A级_安全,A级_安全,B级_基本安全,穿堤建筑物失效,100.0
0+676,building,moderate,C3_anchor100,82.2924,A级_安全,A级_安全,B级_基本安全,穿堤建筑物失效,100.0
0+676,building,moderate,C3_anchor100_cap_off,82.2924,A级_安全,A级_安全,B级_基本安全,穿堤建筑物失效,100.0
0+677,building,moderate,full,82.2924,A级_安全,A级_安全,B级_基本安全,穿堤建筑物失效,100.0
0+677,building,moderate,cap_off,82.2924,A级_安全,A级_安全,B级_基本安全,穿堤建筑物失效,100.0
0+677,building,moderate,C3_anchor100,82.2924,A级_安全,A级_安全,B级_基本安全,穿堤建筑物失效,100.0
0+677,building,moderate,C3_anchor100_cap_off,82.2924,A级_安全,A级_安全,B级_基本安全,穿堤建筑物失效,100.0
0+678,building,moderate,full,82.2924,A级_安全,A级_安全,B级_基本安全,穿堤建筑物失效,100.0
0+678,building,moderate,cap_off,82.2924,A级_安全,A级_安全,B级_基本安全,穿堤建筑物失效,100.0
0+678,building,moderate,C3_anchor100,82.2924,A级_安全,A级_安全,B级_基本安全,穿堤建筑物失效,100.0
0+678,building,moderate,C3_anchor100_cap_off,82.2924,A级_安全,A级_安全,B级_基本安全,穿堤建筑物失效,100.0
0+679,building,moderate,full,82.2924,A级_安全,A级_安全,B级_基本安全,穿堤建筑物失效,100.0
0+679,building,moderate,cap_off,82.2924,A级_安全,A级_安全,B级_基本安全,穿堤建筑物失效,100.0
0+679,building,moderate,C3_anchor100,82.2924,A级_安全,A级_安全,B级_基本安全,穿堤建筑物失效,100.0
0+679,building,moderate,C3_anchor100_cap_off,82.2924,A级_安全,A级_安全,B级_基本安全,穿堤建筑物失效,100.0
0+680,building,moderate,full,82.2924,A级_安全,A级_安全,B级_基本安全,穿堤建筑物失效,100.0
0+680,building,moderate,cap_off,82.2924,A级_安全,A级_安全,B级_基本安全,穿堤建筑物失效,100.0
0+680,building,moderate,C3_anchor100,82.2924,A级_安全,A级_安全,B级_基本安全,穿堤建筑物失效,100.0
0+680,building,moderate,C3_anchor100_cap_off,82.2924,A级_安全,A级_安全,B级_基本安全,穿堤建筑物失效,100.0
0+681,building,moderate,full,82.2924,A级_安全,A级_安全,B级_基本安全,穿堤建筑物失效,100.0
0+681,building,moderate,cap_off,82.2924,A级_安全,A级_安全,B级_基本安全,穿堤建筑物失效,100.0
0+681,building,moderate,C3_anchor100,82.2924,A级_安全,A级_安全,B级_基本安全,穿堤建筑物失效,100.0
0+681,building,moderate,C3_anchor100_cap_off,82.2924,A级_安全,A级_安全,B级_基本安全,穿堤建筑物失效,100.0
0+682,building,moderate,full,82.2924,A级_安全,A级_安全,B级_基本安全,穿堤建筑物失效,100.0
0+682,building,moderate,cap_off,82.2924,A级_安全,A级_安全,B级_基本安全,穿堤建筑物失效,100.0
0+682,building,moderate,C3_anchor100,82.2924,A级_安全,A级_安全,B级_基本安全,穿堤建筑物失效,100.0
0+682,building,moderate,C3_anchor100_cap_off,82.2924,A级_安全,A级_安全,B级_基本安全,穿堤建筑物失效,100.0
0+683,building,moderate,full,82.2924,A级_安全,A级_安全,B级_基本安全,穿堤建筑物失效,100.0
0+683,building,moderate,cap_off,82.2924,A级_安全,A级_安全,B级_基本安全,穿堤建筑物失效,100.0
0+683,building,moderate,C3_anchor100,82.2924,A级_安全,A级_安全,B级_基本安全,穿堤建筑物失效,100.0
0+683,building,moderate,C3_anchor100_cap_off,82.2924,A级_安全,A级_安全,B级_基本安全,穿堤建筑物失效,100.0
0+684,building,moderate,full,82.2924,A级_安全,A级_安全,B级_基本安全,穿堤建筑物失效,100.0
0+684,building,moderate,cap_off,82.2924,A级_安全,A级_安全,B级_基本安全,穿堤建筑物失效,100.0
0+684,building,moderate,C3_anchor100,82.2924,A级_安全,A级_安全,B级_基本安全,穿堤建筑物失效,100.0
0+684,building,moderate,C3_anchor100_cap_off,82.2924,A级_安全,A级_安全,B级_基本安全,穿堤建筑物失效,100.0
0+685,building,moderate,full,82.2924,A级_安全,A级_安全,B级_基本安全,穿堤建筑物失效,100.0
0+685,building,moderate,cap_off,82.2924,A级_安全,A级_安全,B级_基本安全,穿堤建筑物失效,100.0
0+685,building,moderate,C3_anchor100,82.2924,A级_安全,A级_安全,B级_基本安全,穿堤建筑物失效,100.0
0+685,building,moderate,C3_anchor100_cap_off,82.2924,A级_安全,A级_安全,B级_基本安全,穿堤建筑物失效,100.0
0+686,building,moderate,full,82.2924,A级_安全,A级_安全,B级_基本安全,穿堤建筑物失效,100.0
0+686,building,moderate,cap_off,82.2924,A级_安全,A级_安全,B级_基本安全,穿堤建筑物失效,100.0
0+686,building,moderate,C3_anchor100,82.2924,A级_安全,A级_安全,B级_基本安全,穿堤建筑物失效,100.0
0+686,building,moderate,C3_anchor100_cap_off,82.2924,A级_安全,A级_安全,B级_基本安全,穿堤建筑物失效,100.0
0+687,building,moderate,full,82.2924,A级_安全,A级_安全,B级_基本安全,穿堤建筑物失效,100.0
0+687,building,moderate,cap_off,82.2924,A级_安全,A级_安全,B级_基本安全,穿堤建筑物失效,100.0
0+687,building,moderate,C3_anchor100,82.2924,A级_安全,A级_安全,B级_基本安全,穿堤建筑物失效,100.0
0+687,building,moderate,C3_anchor100_cap_off,82.2924,A级_安全,A级_安全,B级_基本安全,穿堤建筑物失效,100.0
0+688,building,moderate,full,82.2924,A级_安全,A级_安全,B级_基本安全,穿堤建筑物失效,100.0
0+688,building,moderate,cap_off,82.2924,A级_安全,A级_安全,B级_基本安全,穿堤建筑物失效,100.0
0+688,building,moderate,C3_anchor100,82.2924,A级_安全,A级_安全,B级_基本安全,穿堤建筑物失效,100.0
0+688,building,moderate,C3_anchor100_cap_off,82.2924,A级_安全,A级_安全,B级_基本安全,穿堤建筑物失效,100.0
0+689,building,moderate,full,82.2924,A级_安全,A级_安全,B级_基本安全,穿堤建筑物失效,100.0
0+689,building,moderate,cap_off,82.2924,A级_安全,A级_安全,B级_基本安全,穿堤建筑物失效,100.0
0+689,building,moderate,C3_anchor100,82.2924,A级_安全,A级_安全,B级_基本安全,穿堤建筑物失效,100.0
0+689,building,moderate,C3_anchor100_cap_off,82.2924,A级_安全,A级_安全,B级_基本安全,穿堤建筑物失效,100.0
0+690,building,moderate,full,82.2924,A级_安全,A级_安全,B级_基本安全,穿堤建筑物失效,100.0
0+690,building,moderate,cap_off,82.2924,A级_安全,A级_安全,B级_基本安全,穿堤建筑物失效,100.0
0+690,building,moderate,C3_anchor100,82.2924,A级_安全,A级_安全,B级_基本安全,穿堤建筑物失效,100.0
0+690,building,moderate,C3_anchor100_cap_off,82.2924,A级_安全,A级_安全,B级_基本安全,穿堤建筑物失效,100.0
0+691,building,moderate,full,82.2924,A级_安全,A级_安全,B级_基本安全,穿堤建筑物失效,100.0
0+691,building,moderate,cap_off,82.2924,A级_安全,A级_安全,B级_基本安全,穿堤建筑物失效,100.0
0+691,building,moderate,C3_anchor100,82.2924,A级_安全,A级_安全,B级_基本安全,穿堤建筑物失效,100.0
0+691,building,moderate,C3_anchor100_cap_off,82.2924,A级_安全,A级_安全,B级_基本安全,穿堤建筑物失效,100.0
0+692,building,moderate,full,82.2924,A级_安全,A级_安全,B级_基本安全,穿堤建筑物失效,100.0
0+692,building,moderate,cap_off,82.2924,A级_安全,A级_安全,B级_基本安全,穿堤建筑物失效,100.0
0+692,building,moderate,C3_anchor100,82.2924,A级_安全,A级_安全,B级_基本安全,穿堤建筑物失效,100.0
0+692,building,moderate,C3_anchor100_cap_off,82.2924,A级_安全,A级_安全,B级_基本安全,穿堤建筑物失效,100.0
0+693,building,moderate,full,82.2924,A级_安全,A级_安全,B级_基本安全,穿堤建筑物失效,100.0
0+693,building,moderate,cap_off,82.2924,A级_安全,A级_安全,B级_基本安全,穿堤建筑物失效,100.0
0+693,building,moderate,C3_anchor100,82.2924,A级_安全,A级_安全,B级_基本安全,穿堤建筑物失效,100.0
0+693,building,moderate,C3_anchor100_cap_off,82.2924,A级_安全,A级_安全,B级_基本安全,穿堤建筑物失效,100.0
0+694,building,moderate,full,82.2924,A级_安全,A级_安全,B级_基本安全,穿堤建筑物失效,100.0
0+694,building,moderate,cap_off,82.2924,A级_安全,A级_安全,B级_基本安全,穿堤建筑物失效,100.0
0+694,building,moderate,C3_anchor100,82.2924,A级_安全,A级_安全,B级_基本安全,穿堤建筑物失效,100.0
0+694,building,moderate,C3_anchor100_cap_off,82.2924,A级_安全,A级_安全,B级_基本安全,穿堤建筑物失效,100.0
0+695,building,moderate,full,82.2924,A级_安全,A级_安全,B级_基本安全,穿堤建筑物失效,100.0
0+695,building,moderate,cap_off,82.2924,A级_安全,A级_安全,B级_基本安全,穿堤建筑物失效,100.0
0+695,building,moderate,C3_anchor100,82.2924,A级_安全,A级_安全,B级_基本安全,穿堤建筑物失效,100.0
0+695,building,moderate,C3_anchor100_cap_off,82.2924,A级_安全,A级_安全,B级_基本安全,穿堤建筑物失效,100.0
0+696,building,moderate,full,82.2924,A级_安全,A级_安全,B级_基本安全,穿堤建筑物失效,100.0
0+696,building,moderate,cap_off,82.2924,A级_安全,A级_安全,B级_基本安全,穿堤建筑物失效,100.0
0+696,building,moderate,C3_anchor100,82.2924,A级_安全,A级_安全,B级_基本安全,穿堤建筑物失效,100.0
0+696,building,moderate,C3_anchor100_cap_off,82.2924,A级_安全,A级_安全,B级_基本安全,穿堤建筑物失效,100.0
0+697,building,moderate,full,82.2924,A级_安全,A级_安全,B级_基本安全,穿堤建筑物失效,100.0
0+697,building,moderate,cap_off,82.2924,A级_安全,A级_安全,B级_基本安全,穿堤建筑物失效,100.0
0+697,building,moderate,C3_anchor100,82.2924,A级_安全,A级_安全,B级_基本安全,穿堤建筑物失效,100.0
0+697,building,moderate,C3_anchor100_cap_off,82.2924,A级_安全,A级_安全,B级_基本安全,穿堤建筑物失效,100.0
0+698,building,moderate,full,82.2924,A级_安全,A级_安全,B级_基本安全,穿堤建筑物失效,100.0
0+698,building,moderate,cap_off,82.2924,A级_安全,A级_安全,B级_基本安全,穿堤建筑物失效,100.0
0+698,building,moderate,C3_anchor100,82.2924,A级_安全,A级_安全,B级_基本安全,穿堤建筑物失效,100.0
0+698,building,moderate,C3_anchor100_cap_off,82.2924,A级_安全,A级_安全,B级_基本安全,穿堤建筑物失效,100.0
0+699,building,moderate,full,82.2924,A级_安全,A级_安全,B级_基本安全,穿堤建筑物失效,100.0
0+699,building,moderate,cap_off,82.2924,A级_安全,A级_安全,B级_基本安全,穿堤建筑物失效,100.0
0+699,building,moderate,C3_anchor100,82.2924,A级_安全,A级_安全,B级_基本安全,穿堤建筑物失效,100.0
0+699,building,moderate,C3_anchor100_cap_off,82.2924,A级_安全,A级_安全,B级_基本安全,穿堤建筑物失效,100.0
0+700,building,moderate,full,82.2924,A级_安全,A级_安全,B级_基本安全,穿堤建筑物失效,100.0
0+700,building,moderate,cap_off,82.2924,A级_安全,A级_安全,B级_基本安全,穿堤建筑物失效,100.0
0+700,building,moderate,C3_anchor100,82.2924,A级_安全,A级_安全,B级_基本安全,穿堤建筑物失效,100.0
0+700,building,moderate,C3_anchor100_cap_off,82.2924,A级_安全,A级_安全,B级_基本安全,穿堤建筑物失效,100.0
0+701,building,severe,full,54.1632,B级_基本安全,B级_基本安全,C级_不安全,穿堤建筑物失效,100.0
0+701,building,severe,cap_off,54.1632,B级_基本安全,B级_基本安全,C级_不安全,穿堤建筑物失效,100.0
0+701,building,severe,C3_anchor100,54.1632,B级_基本安全,B级_基本安全,C级_不安全,穿堤建筑物失效,100.0
0+701,building,severe,C3_anchor100_cap_off,54.1632,B级_基本安全,B级_基本安全,C级_不安全,穿堤建筑物失效,100.0
0+702,building,severe,full,54.1632,B级_基本安全,B级_基本安全,C级_不安全,穿堤建筑物失效,100.0
0+702,building,severe,cap_off,54.1632,B级_基本安全,B级_基本安全,C级_不安全,穿堤建筑物失效,100.0
0+702,building,severe,C3_anchor100,54.1632,B级_基本安全,B级_基本安全,C级_不安全,穿堤建筑物失效,100.0
0+702,building,severe,C3_anchor100_cap_off,54.1632,B级_基本安全,B级_基本安全,C级_不安全,穿堤建筑物失效,100.0
0+703,building,severe,full,54.1632,B级_基本安全,B级_基本安全,C级_不安全,穿堤建筑物失效,100.0
0+703,building,severe,cap_off,54.1632,B级_基本安全,B级_基本安全,C级_不安全,穿堤建筑物失效,100.0
0+703,building,severe,C3_anchor100,54.1632,B级_基本安全,B级_基本安全,C级_不安全,穿堤建筑物失效,100.0
0+703,building,severe,C3_anchor100_cap_off,54.1632,B级_基本安全,B级_基本安全,C级_不安全,穿堤建筑物失效,100.0
0+704,building,severe,full,54.1632,B级_基本安全,B级_基本安全,C级_不安全,穿堤建筑物失效,100.0
0+704,building,severe,cap_off,54.1632,B级_基本安全,B级_基本安全,C级_不安全,穿堤建筑物失效,100.0
0+704,building,severe,C3_anchor100,54.1632,B级_基本安全,B级_基本安全,C级_不安全,穿堤建筑物失效,100.0
0+704,building,severe,C3_anchor100_cap_off,54.1632,B级_基本安全,B级_基本安全,C级_不安全,穿堤建筑物失效,100.0
0+705,building,severe,full,54.1632,B级_基本安全,B级_基本安全,C级_不安全,穿堤建筑物失效,100.0
0+705,building,severe,cap_off,54.1632,B级_基本安全,B级_基本安全,C级_不安全,穿堤建筑物失效,100.0
0+705,building,severe,C3_anchor100,54.1632,B级_基本安全,B级_基本安全,C级_不安全,穿堤建筑物失效,100.0
0+705,building,severe,C3_anchor100_cap_off,54.1632,B级_基本安全,B级_基本安全,C级_不安全,穿堤建筑物失效,100.0
0+706,building,severe,full,54.1632,B级_基本安全,B级_基本安全,C级_不安全,穿堤建筑物失效,100.0
0+706,building,severe,cap_off,54.1632,B级_基本安全,B级_基本安全,C级_不安全,穿堤建筑物失效,100.0
0+706,building,severe,C3_anchor100,54.1632,B级_基本安全,B级_基本安全,C级_不安全,穿堤建筑物失效,100.0
0+706,building,severe,C3_anchor100_cap_off,54.1632,B级_基本安全,B级_基本安全,C级_不安全,穿堤建筑物失效,100.0
0+707,building,severe,full,54.1632,B级_基本安全,B级_基本安全,C级_不安全,穿堤建筑物失效,100.0
0+707,building,severe,cap_off,54.1632,B级_基本安全,B级_基本安全,C级_不安全,穿堤建筑物失效,100.0
0+707,building,severe,C3_anchor100,54.1632,B级_基本安全,B级_基本安全,C级_不安全,穿堤建筑物失效,100.0
0+707,building,severe,C3_anchor100_cap_off,54.1632,B级_基本安全,B级_基本安全,C级_不安全,穿堤建筑物失效,100.0
0+708,building,severe,full,54.1632,B级_基本安全,B级_基本安全,C级_不安全,穿堤建筑物失效,100.0
0+708,building,severe,cap_off,54.1632,B级_基本安全,B级_基本安全,C级_不安全,穿堤建筑物失效,100.0
0+708,building,severe,C3_anchor100,54.1632,B级_基本安全,B级_基本安全,C级_不安全,穿堤建筑物失效,100.0
0+708,building,severe,C3_anchor100_cap_off,54.1632,B级_基本安全,B级_基本安全,C级_不安全,穿堤建筑物失效,100.0
0+709,building,severe,full,54.1632,B级_基本安全,B级_基本安全,C级_不安全,穿堤建筑物失效,100.0
0+709,building,severe,cap_off,54.1632,B级_基本安全,B级_基本安全,C级_不安全,穿堤建筑物失效,100.0
0+709,building,severe,C3_anchor100,54.1632,B级_基本安全,B级_基本安全,C级_不安全,穿堤建筑物失效,100.0
0+709,building,severe,C3_anchor100_cap_off,54.1632,B级_基本安全,B级_基本安全,C级_不安全,穿堤建筑物失效,100.0
0+710,building,severe,full,54.1632,B级_基本安全,B级_基本安全,C级_不安全,穿堤建筑物失效,100.0
0+710,building,severe,cap_off,54.1632,B级_基本安全,B级_基本安全,C级_不安全,穿堤建筑物失效,100.0
0+710,building,severe,C3_anchor100,54.1632,B级_基本安全,B级_基本安全,C级_不安全,穿堤建筑物失效,100.0
0+710,building,severe,C3_anchor100_cap_off,54.1632,B级_基本安全,B级_基本安全,C级_不安全,穿堤建筑物失效,100.0
0+711,building,severe,full,54.1632,B级_基本安全,B级_基本安全,C级_不安全,穿堤建筑物失效,100.0
0+711,building,severe,cap_off,54.1632,B级_基本安全,B级_基本安全,C级_不安全,穿堤建筑物失效,100.0
0+711,building,severe,C3_anchor100,54.1632,B级_基本安全,B级_基本安全,C级_不安全,穿堤建筑物失效,100.0
0+711,building,severe,C3_anchor100_cap_off,54.1632,B级_基本安全,B级_基本安全,C级_不安全,穿堤建筑物失效,100.0
0+712,building,severe,full,54.1632,B级_基本安全,B级_基本安全,C级_不安全,穿堤建筑物失效,100.0
0+712,building,severe,cap_off,54.1632,B级_基本安全,B级_基本安全,C级_不安全,穿堤建筑物失效,100.0
0+712,building,severe,C3_anchor100,54.1632,B级_基本安全,B级_基本安全,C级_不安全,穿堤建筑物失效,100.0
0+712,building,severe,C3_anchor100_cap_off,54.1632,B级_基本安全,B级_基本安全,C级_不安全,穿堤建筑物失效,100.0
0+713,building,severe,full,54.1632,B级_基本安全,B级_基本安全,C级_不安全,穿堤建筑物失效,100.0
0+713,building,severe,cap_off,54.1632,B级_基本安全,B级_基本安全,C级_不安全,穿堤建筑物失效,100.0
0+713,building,severe,C3_anchor100,54.1632,B级_基本安全,B级_基本安全,C级_不安全,穿堤建筑物失效,100.0
0+713,building,severe,C3_anchor100_cap_off,54.1632,B级_基本安全,B级_基本安全,C级_不安全,穿堤建筑物失效,100.0
0+714,building,severe,full,54.1632,B级_基本安全,B级_基本安全,C级_不安全,穿堤建筑物失效,100.0
0+714,building,severe,cap_off,54.1632,B级_基本安全,B级_基本安全,C级_不安全,穿堤建筑物失效,100.0
0+714,building,severe,C3_anchor100,54.1632,B级_基本安全,B级_基本安全,C级_不安全,穿堤建筑物失效,100.0
0+714,building,severe,C3_anchor100_cap_off,54.1632,B级_基本安全,B级_基本安全,C级_不安全,穿堤建筑物失效,100.0
0+715,building,severe,full,54.1632,B级_基本安全,B级_基本安全,C级_不安全,穿堤建筑物失效,100.0
0+715,building,severe,cap_off,54.1632,B级_基本安全,B级_基本安全,C级_不安全,穿堤建筑物失效,100.0
0+715,building,severe,C3_anchor100,54.1632,B级_基本安全,B级_基本安全,C级_不安全,穿堤建筑物失效,100.0
0+715,building,severe,C3_anchor100_cap_off,54.1632,B级_基本安全,B级_基本安全,C级_不安全,穿堤建筑物失效,100.0
0+716,building,severe,full,54.1632,B级_基本安全,B级_基本安全,C级_不安全,穿堤建筑物失效,100.0
0+716,building,severe,cap_off,54.1632,B级_基本安全,B级_基本安全,C级_不安全,穿堤建筑物失效,100.0
0+716,building,severe,C3_anchor100,54.1632,B级_基本安全,B级_基本安全,C级_不安全,穿堤建筑物失效,100.0
0+716,building,severe,C3_anchor100_cap_off,54.1632,B级_基本安全,B级_基本安全,C级_不安全,穿堤建筑物失效,100.0
0+717,building,severe,full,54.1632,B级_基本安全,B级_基本安全,C级_不安全,穿堤建筑物失效,100.0
0+717,building,severe,cap_off,54.1632,B级_基本安全,B级_基本安全,C级_不安全,穿堤建筑物失效,100.0
0+717,building,severe,C3_anchor100,54.1632,B级_基本安全,B级_基本安全,C级_不安全,穿堤建筑物失效,100.0
0+717,building,severe,C3_anchor100_cap_off,54.1632,B级_基本安全,B级_基本安全,C级_不安全,穿堤建筑物失效,100.0
0+718,building,severe,full,54.1632,B级_基本安全,B级_基本安全,C级_不安全,穿堤建筑物失效,100.0
0+718,building,severe,cap_off,54.1632,B级_基本安全,B级_基本安全,C级_不安全,穿堤建筑物失效,100.0
0+718,building,severe,C3_anchor100,54.1632,B级_基本安全,B级_基本安全,C级_不安全,穿堤建筑物失效,100.0
0+718,building,severe,C3_anchor100_cap_off,54.1632,B级_基本安全,B级_基本安全,C级_不安全,穿堤建筑物失效,100.0
0+719,building,severe,full,54.1632,B级_基本安全,B级_基本安全,C级_不安全,穿堤建筑物失效,100.0
0+719,building,severe,cap_off,54.1632,B级_基本安全,B级_基本安全,C级_不安全,穿堤建筑物失效,100.0
0+719,building,severe,C3_anchor100,54.1632,B级_基本安全,B级_基本安全,C级_不安全,穿堤建筑物失效,100.0
0+719,building,severe,C3_anchor100_cap_off,54.1632,B级_基本安全,B级_基本安全,C级_不安全,穿堤建筑物失效,100.0
0+720,building,severe,full,54.1632,B级_基本安全,B级_基本安全,C级_不安全,穿堤建筑物失效,100.0
0+720,building,severe,cap_off,54.1632,B级_基本安全,B级_基本安全,C级_不安全,穿堤建筑物失效,100.0
0+720,building,severe,C3_anchor100,54.1632,B级_基本安全,B级_基本安全,C级_不安全,穿堤建筑物失效,100.0
0+720,building,severe,C3_anchor100_cap_off,54.1632,B级_基本安全,B级_基本安全,C级_不安全,穿堤建筑物失效,100.0
0+721,building,severe,full,54.1632,B级_基本安全,B级_基本安全,C级_不安全,穿堤建筑物失效,100.0
0+721,building,severe,cap_off,54.1632,B级_基本安全,B级_基本安全,C级_不安全,穿堤建筑物失效,100.0
0+721,building,severe,C3_anchor100,54.1632,B级_基本安全,B级_基本安全,C级_不安全,穿堤建筑物失效,100.0
0+721,building,severe,C3_anchor100_cap_off,54.1632,B级_基本安全,B级_基本安全,C级_不安全,穿堤建筑物失效,100.0
0+722,building,severe,full,54.1632,B级_基本安全,B级_基本安全,C级_不安全,穿堤建筑物失效,100.0
0+722,building,severe,cap_off,54.1632,B级_基本安全,B级_基本安全,C级_不安全,穿堤建筑物失效,100.0
0+722,building,severe,C3_anchor100,54.1632,B级_基本安全,B级_基本安全,C级_不安全,穿堤建筑物失效,100.0
0+722,building,severe,C3_anchor100_cap_off,54.1632,B级_基本安全,B级_基本安全,C级_不安全,穿堤建筑物失效,100.0
0+723,building,severe,full,54.1632,B级_基本安全,B级_基本安全,C级_不安全,穿堤建筑物失效,100.0
0+723,building,severe,cap_off,54.1632,B级_基本安全,B级_基本安全,C级_不安全,穿堤建筑物失效,100.0
0+723,building,severe,C3_anchor100,54.1632,B级_基本安全,B级_基本安全,C级_不安全,穿堤建筑物失效,100.0
0+723,building,severe,C3_anchor100_cap_off,54.1632,B级_基本安全,B级_基本安全,C级_不安全,穿堤建筑物失效,100.0
0+724,building,severe,full,54.1632,B级_基本安全,B级_基本安全,C级_不安全,穿堤建筑物失效,100.0
0+724,building,severe,cap_off,54.1632,B级_基本安全,B级_基本安全,C级_不安全,穿堤建筑物失效,100.0
0+724,building,severe,C3_anchor100,54.1632,B级_基本安全,B级_基本安全,C级_不安全,穿堤建筑物失效,100.0
0+724,building,severe,C3_anchor100_cap_off,54.1632,B级_基本安全,B级_基本安全,C级_不安全,穿堤建筑物失效,100.0
0+725,building,severe,full,54.1632,B级_基本安全,B级_基本安全,C级_不安全,穿堤建筑物失效,100.0
0+725,building,severe,cap_off,54.1632,B级_基本安全,B级_基本安全,C级_不安全,穿堤建筑物失效,100.0
0+725,building,severe,C3_anchor100,54.1632,B级_基本安全,B级_基本安全,C级_不安全,穿堤建筑物失效,100.0
0+725,building,severe,C3_anchor100_cap_off,54.1632,B级_基本安全,B级_基本安全,C级_不安全,穿堤建筑物失效,100.0
0+726,building,critical,full,54.1632,B级_基本安全,B级_基本安全,C级_不安全,穿堤建筑物失效,100.0
0+726,building,critical,cap_off,54.1632,B级_基本安全,B级_基本安全,C级_不安全,穿堤建筑物失效,100.0
0+726,building,critical,C3_anchor100,54.1632,B级_基本安全,B级_基本安全,C级_不安全,穿堤建筑物失效,100.0
0+726,building,critical,C3_anchor100_cap_off,54.1632,B级_基本安全,B级_基本安全,C级_不安全,穿堤建筑物失效,100.0
0+727,building,critical,full,54.1632,B级_基本安全,B级_基本安全,C级_不安全,穿堤建筑物失效,100.0
0+727,building,critical,cap_off,54.1632,B级_基本安全,B级_基本安全,C级_不安全,穿堤建筑物失效,100.0
0+727,building,critical,C3_anchor100,54.1632,B级_基本安全,B级_基本安全,C级_不安全,穿堤建筑物失效,100.0
0+727,building,critical,C3_anchor100_cap_off,54.1632,B级_基本安全,B级_基本安全,C级_不安全,穿堤建筑物失效,100.0
0+728,building,critical,full,54.1632,B级_基本安全,B级_基本安全,C级_不安全,穿堤建筑物失效,100.0
0+728,building,critical,cap_off,54.1632,B级_基本安全,B级_基本安全,C级_不安全,穿堤建筑物失效,100.0
0+728,building,critical,C3_anchor100,54.1632,B级_基本安全,B级_基本安全,C级_不安全,穿堤建筑物失效,100.0
0+728,building,critical,C3_anchor100_cap_off,54.1632,B级_基本安全,B级_基本安全,C级_不安全,穿堤建筑物失效,100.0
0+729,building,critical,full,54.1632,B级_基本安全,B级_基本安全,C级_不安全,穿堤建筑物失效,100.0
0+729,building,critical,cap_off,54.1632,B级_基本安全,B级_基本安全,C级_不安全,穿堤建筑物失效,100.0
0+729,building,critical,C3_anchor100,54.1632,B级_基本安全,B级_基本安全,C级_不安全,穿堤建筑物失效,100.0
0+729,building,critical,C3_anchor100_cap_off,54.1632,B级_基本安全,B级_基本安全,C级_不安全,穿堤建筑物失效,100.0
0+730,building,critical,full,54.1632,B级_基本安全,B级_基本安全,C级_不安全,穿堤建筑物失效,100.0
0+730,building,critical,cap_off,54.1632,B级_基本安全,B级_基本安全,C级_不安全,穿堤建筑物失效,100.0
0+730,building,critical,C3_anchor100,54.1632,B级_基本安全,B级_基本安全,C级_不安全,穿堤建筑物失效,100.0
0+730,building,critical,C3_anchor100_cap_off,54.1632,B级_基本安全,B级_基本安全,C级_不安全,穿堤建筑物失效,100.0
0+731,building,critical,full,54.1632,B级_基本安全,B级_基本安全,C级_不安全,穿堤建筑物失效,100.0
0+731,building,critical,cap_off,54.1632,B级_基本安全,B级_基本安全,C级_不安全,穿堤建筑物失效,100.0
0+731,building,critical,C3_anchor100,54.1632,B级_基本安全,B级_基本安全,C级_不安全,穿堤建筑物失效,100.0
0+731,building,critical,C3_anchor100_cap_off,54.1632,B级_基本安全,B级_基本安全,C级_不安全,穿堤建筑物失效,100.0
0+732,building,critical,full,54.1632,B级_基本安全,B级_基本安全,C级_不安全,穿堤建筑物失效,100.0
0+732,building,critical,cap_off,54.1632,B级_基本安全,B级_基本安全,C级_不安全,穿堤建筑物失效,100.0
0+732,building,critical,C3_anchor100,54.1632,B级_基本安全,B级_基本安全,C级_不安全,穿堤建筑物失效,100.0
0+732,building,critical,C3_anchor100_cap_off,54.1632,B级_基本安全,B级_基本安全,C级_不安全,穿堤建筑物失效,100.0
0+733,building,critical,full,54.1632,B级_基本安全,B级_基本安全,C级_不安全,穿堤建筑物失效,100.0
0+733,building,critical,cap_off,54.1632,B级_基本安全,B级_基本安全,C级_不安全,穿堤建筑物失效,100.0
0+733,building,critical,C3_anchor100,54.1632,B级_基本安全,B级_基本安全,C级_不安全,穿堤建筑物失效,100.0
0+733,building,critical,C3_anchor100_cap_off,54.1632,B级_基本安全,B级_基本安全,C级_不安全,穿堤建筑物失效,100.0
0+734,building,critical,full,54.1632,B级_基本安全,B级_基本安全,C级_不安全,穿堤建筑物失效,100.0
0+734,building,critical,cap_off,54.1632,B级_基本安全,B级_基本安全,C级_不安全,穿堤建筑物失效,100.0
0+734,building,critical,C3_anchor100,54.1632,B级_基本安全,B级_基本安全,C级_不安全,穿堤建筑物失效,100.0
0+734,building,critical,C3_anchor100_cap_off,54.1632,B级_基本安全,B级_基本安全,C级_不安全,穿堤建筑物失效,100.0
0+735,building,critical,full,54.1632,B级_基本安全,B级_基本安全,C级_不安全,穿堤建筑物失效,100.0
0+735,building,critical,cap_off,54.1632,B级_基本安全,B级_基本安全,C级_不安全,穿堤建筑物失效,100.0
0+735,building,critical,C3_anchor100,54.1632,B级_基本安全,B级_基本安全,C级_不安全,穿堤建筑物失效,100.0
0+735,building,critical,C3_anchor100_cap_off,54.1632,B级_基本安全,B级_基本安全,C级_不安全,穿堤建筑物失效,100.0
0+736,building,critical,full,54.1632,B级_基本安全,B级_基本安全,C级_不安全,穿堤建筑物失效,100.0
0+736,building,critical,cap_off,54.1632,B级_基本安全,B级_基本安全,C级_不安全,穿堤建筑物失效,100.0
0+736,building,critical,C3_anchor100,54.1632,B级_基本安全,B级_基本安全,C级_不安全,穿堤建筑物失效,100.0
0+736,building,critical,C3_anchor100_cap_off,54.1632,B级_基本安全,B级_基本安全,C级_不安全,穿堤建筑物失效,100.0
0+737,building,critical,full,54.1632,B级_基本安全,B级_基本安全,C级_不安全,穿堤建筑物失效,100.0
0+737,building,critical,cap_off,54.1632,B级_基本安全,B级_基本安全,C级_不安全,穿堤建筑物失效,100.0
0+737,building,critical,C3_anchor100,54.1632,B级_基本安全,B级_基本安全,C级_不安全,穿堤建筑物失效,100.0
0+737,building,critical,C3_anchor100_cap_off,54.1632,B级_基本安全,B级_基本安全,C级_不安全,穿堤建筑物失效,100.0
0+738,building,critical,full,54.1632,B级_基本安全,B级_基本安全,C级_不安全,穿堤建筑物失效,100.0
0+738,building,critical,cap_off,54.1632,B级_基本安全,B级_基本安全,C级_不安全,穿堤建筑物失效,100.0
0+738,building,critical,C3_anchor100,54.1632,B级_基本安全,B级_基本安全,C级_不安全,穿堤建筑物失效,100.0
0+738,building,critical,C3_anchor100_cap_off,54.1632,B级_基本安全,B级_基本安全,C级_不安全,穿堤建筑物失效,100.0
0+739,building,critical,full,54.1632,B级_基本安全,B级_基本安全,C级_不安全,穿堤建筑物失效,100.0
0+739,building,critical,cap_off,54.1632,B级_基本安全,B级_基本安全,C级_不安全,穿堤建筑物失效,100.0
0+739,building,critical,C3_anchor100,54.1632,B级_基本安全,B级_基本安全,C级_不安全,穿堤建筑物失效,100.0
0+739,building,critical,C3_anchor100_cap_off,54.1632,B级_基本安全,B级_基本安全,C级_不安全,穿堤建筑物失效,100.0
0+740,building,critical,full,54.1632,B级_基本安全,B级_基本安全,C级_不安全,穿堤建筑物失效,100.0
0+740,building,critical,cap_off,54.1632,B级_基本安全,B级_基本安全,C级_不安全,穿堤建筑物失效,100.0
0+740,building,critical,C3_anchor100,54.1632,B级_基本安全,B级_基本安全,C级_不安全,穿堤建筑物失效,100.0
0+740,building,critical,C3_anchor100_cap_off,54.1632,B级_基本安全,B级_基本安全,C级_不安全,穿堤建筑物失效,100.0
0+741,building,critical,full,54.1632,B级_基本安全,B级_基本安全,C级_不安全,穿堤建筑物失效,100.0
0+741,building,critical,cap_off,54.1632,B级_基本安全,B级_基本安全,C级_不安全,穿堤建筑物失效,100.0
0+741,building,critical,C3_anchor100,54.1632,B级_基本安全,B级_基本安全,C级_不安全,穿堤建筑物失效,100.0
0+741,building,critical,C3_anchor100_cap_off,54.1632,B级_基本安全,B级_基本安全,C级_不安全,穿堤建筑物失效,100.0
0+742,building,critical,full,54.1632,B级_基本安全,B级_基本安全,C级_不安全,穿堤建筑物失效,100.0
0+742,building,critical,cap_off,54.1632,B级_基本安全,B级_基本安全,C级_不安全,穿堤建筑物失效,100.0
0+742,building,critical,C3_anchor100,54.1632,B级_基本安全,B级_基本安全,C级_不安全,穿堤建筑物失效,100.0
0+742,building,critical,C3_anchor100_cap_off,54.1632,B级_基本安全,B级_基本安全,C级_不安全,穿堤建筑物失效,100.0
0+743,building,critical,full,54.1632,B级_基本安全,B级_基本安全,C级_不安全,穿堤建筑物失效,100.0
0+743,building,critical,cap_off,54.1632,B级_基本安全,B级_基本安全,C级_不安全,穿堤建筑物失效,100.0
0+743,building,critical,C3_anchor100,54.1632,B级_基本安全,B级_基本安全,C级_不安全,穿堤建筑物失效,100.0
0+743,building,critical,C3_anchor100_cap_off,54.1632,B级_基本安全,B级_基本安全,C级_不安全,穿堤建筑物失效,100.0
0+744,building,critical,full,54.1632,B级_基本安全,B级_基本安全,C级_不安全,穿堤建筑物失效,100.0
0+744,building,critical,cap_off,54.1632,B级_基本安全,B级_基本安全,C级_不安全,穿堤建筑物失效,100.0
0+744,building,critical,C3_anchor100,54.1632,B级_基本安全,B级_基本安全,C级_不安全,穿堤建筑物失效,100.0
0+744,building,critical,C3_anchor100_cap_off,54.1632,B级_基本安全,B级_基本安全,C级_不安全,穿堤建筑物失效,100.0
0+745,building,critical,full,54.1632,B级_基本安全,B级_基本安全,C级_不安全,穿堤建筑物失效,100.0
0+745,building,critical,cap_off,54.1632,B级_基本安全,B级_基本安全,C级_不安全,穿堤建筑物失效,100.0
0+745,building,critical,C3_anchor100,54.1632,B级_基本安全,B级_基本安全,C级_不安全,穿堤建筑物失效,100.0
0+745,building,critical,C3_anchor100_cap_off,54.1632,B级_基本安全,B级_基本安全,C级_不安全,穿堤建筑物失效,100.0
0+746,building,critical,full,54.1632,B级_基本安全,B级_基本安全,C级_不安全,穿堤建筑物失效,100.0
0+746,building,critical,cap_off,54.1632,B级_基本安全,B级_基本安全,C级_不安全,穿堤建筑物失效,100.0
0+746,building,critical,C3_anchor100,54.1632,B级_基本安全,B级_基本安全,C级_不安全,穿堤建筑物失效,100.0
0+746,building,critical,C3_anchor100_cap_off,54.1632,B级_基本安全,B级_基本安全,C级_不安全,穿堤建筑物失效,100.0
0+747,building,critical,full,54.1632,B级_基本安全,B级_基本安全,C级_不安全,穿堤建筑物失效,100.0
0+747,building,critical,cap_off,54.1632,B级_基本安全,B级_基本安全,C级_不安全,穿堤建筑物失效,100.0
0+747,building,critical,C3_anchor100,54.1632,B级_基本安全,B级_基本安全,C级_不安全,穿堤建筑物失效,100.0
0+747,building,critical,C3_anchor100_cap_off,54.1632,B级_基本安全,B级_基本安全,C级_不安全,穿堤建筑物失效,100.0
0+748,building,critical,full,54.1632,B级_基本安全,B级_基本安全,C级_不安全,穿堤建筑物失效,100.0
0+748,building,critical,cap_off,54.1632,B级_基本安全,B级_基本安全,C级_不安全,穿堤建筑物失效,100.0
0+748,building,critical,C3_anchor100,54.1632,B级_基本安全,B级_基本安全,C级_不安全,穿堤建筑物失效,100.0
0+748,building,critical,C3_anchor100_cap_off,54.1632,B级_基本安全,B级_基本安全,C级_不安全,穿堤建筑物失效,100.0
0+749,building,critical,full,54.1632,B级_基本安全,B级_基本安全,C级_不安全,穿堤建筑物失效,100.0
0+749,building,critical,cap_off,54.1632,B级_基本安全,B级_基本安全,C级_不安全,穿堤建筑物失效,100.0
0+749,building,critical,C3_anchor100,54.1632,B级_基本安全,B级_基本安全,C级_不安全,穿堤建筑物失效,100.0
0+749,building,critical,C3_anchor100_cap_off,54.1632,B级_基本安全,B级_基本安全,C级_不安全,穿堤建筑物失效,100.0
0+750,building,critical,full,54.1632,B级_基本安全,B级_基本安全,C级_不安全,穿堤建筑物失效,100.0
0+750,building,critical,cap_off,54.1632,B级_基本安全,B级_基本安全,C级_不安全,穿堤建筑物失效,100.0
0+750,building,critical,C3_anchor100,54.1632,B级_基本安全,B级_基本安全,C级_不安全,穿堤建筑物失效,100.0
0+750,building,critical,C3_anchor100_cap_off,54.1632,B级_基本安全,B级_基本安全,C级_不安全,穿堤建筑物失效,100.0
0+751,mixed,safe,full,85.5471,A级_安全,A级_安全,A级_安全,渗流破坏,100.0
0+751,mixed,safe,cap_off,85.5471,A级_安全,A级_安全,A级_安全,渗流破坏,100.0
0+751,mixed,safe,C3_anchor100,85.5471,A级_安全,A级_安全,A级_安全,渗流破坏,100.0
0+751,mixed,safe,C3_anchor100_cap_off,85.5471,A级_安全,A级_安全,A级_安全,渗流破坏,100.0
0+752,mixed,safe,full,85.6664,A级_安全,A级_安全,A级_安全,渗流破坏,100.0
0+752,mixed,safe,cap_off,85.6664,A级_安全,A级_安全,A级_安全,渗流破坏,100.0
0+752,mixed,safe,C3_anchor100,85.6664,A级_安全,A级_安全,A级_安全,渗流破坏,100.0
0+752,mixed,safe,C3_anchor100_cap_off,85.6664,A级_安全,A级_安全,A级_安全,渗流破坏,100.0
0+753,mixed,safe,full,85.4799,A级_安全,A级_安全,A级_安全,渗流破坏,100.0
0+753,mixed,safe,cap_off,85.4799,A级_安全,A级_安全,A级_安全,渗流破坏,100.0
0+753,mixed,safe,C3_anchor100,85.4799,A级_安全,A级_安全,A级_安全,渗流破坏,100.0
0+753,mixed,safe,C3_anchor100_cap_off,85.4799,A级_安全,A级_安全,A级_安全,渗流破坏,100.0
0+754,mixed,safe,full,85.8,A级_安全,A级_安全,A级_安全,渗流破坏,100.0
0+754,mixed,safe,cap_off,85.8,A级_安全,A级_安全,A级_安全,渗流破坏,100.0
0+754,mixed,safe,C3_anchor100,85.8,A级_安全,A级_安全,A级_安全,渗流破坏,100.0
0+754,mixed,safe,C3_anchor100_cap_off,85.8,A级_安全,A级_安全,A级_安全,渗流破坏,100.0
0+755,mixed,safe,full,86.222,A级_安全,A级_安全,A级_安全,渗流破坏,100.0
0+755,mixed,safe,cap_off,86.222,A级_安全,A级_安全,A级_安全,渗流破坏,100.0
0+755,mixed,safe,C3_anchor100,86.222,A级_安全,A级_安全,A级_安全,渗流破坏,100.0
0+755,mixed,safe,C3_anchor100_cap_off,86.222,A级_安全,A级_安全,A级_安全,渗流破坏,100.0
0+756,mixed,safe,full,86.229,A级_安全,A级_安全,A级_安全,渗流破坏,100.0
0+756,mixed,safe,cap_off,86.229,A级_安全,A级_安全,A级_安全,渗流破坏,100.0
0+756,mixed,safe,C3_anchor100,86.229,A级_安全,A级_安全,A级_安全,渗流破坏,100.0
0+756,mixed,safe,C3_anchor100_cap_off,86.229,A级_安全,A级_安全,A级_安全,渗流破坏,100.0
0+757,mixed,safe,full,85.8915,A级_安全,A级_安全,A级_安全,渗流破坏,100.0
0+757,mixed,safe,cap_off,85.8915,A级_安全,A级_安全,A级_安全,渗流破坏,100.0
0+757,mixed,safe,C3_anchor100,85.8915,A级_安全,A级_安全,A级_安全,渗流破坏,100.0
0+757,mixed,safe,C3_anchor100_cap_off,85.8915,A级_安全,A级_安全,A级_安全,渗流破坏,100.0
0+758,mixed,safe,full,85.9608,A级_安全,A级_安全,A级_安全,渗流破坏,100.0
0+758,mixed,safe,cap_off,85.9608,A级_安全,A级_安全,A级_安全,渗流破坏,100.0
0+758,mixed,safe,C3_anchor100,85.9608,A级_安全,A级_安全,A级_安全,渗流破坏,100.0
0+758,mixed,safe,C3_anchor100_cap_off,85.9608,A级_安全,A级_安全,A级_安全,渗流破坏,100.0
0+759,mixed,safe,full,86.1532,A级_安全,A级_安全,A级_安全,渗流破坏,100.0
0+759,mixed,safe,cap_off,86.1532,A级_安全,A级_安全,A级_安全,渗流破坏,100.0
0+759,mixed,safe,C3_anchor100,86.1532,A级_安全,A级_安全,A级_安全,渗流破坏,100.0
0+759,mixed,safe,C3_anchor100_cap_off,86.1532,A级_安全,A级_安全,A级_安全,渗流破坏,100.0
0+760,mixed,safe,full,86.063,A级_安全,A级_安全,A级_安全,渗流破坏,100.0
0+760,mixed,safe,cap_off,86.063,A级_安全,A级_安全,A级_安全,渗流破坏,100.0
0+760,mixed,safe,C3_anchor100,86.063,A级_安全,A级_安全,A级_安全,渗流破坏,100.0
0+760,mixed,safe,C3_anchor100_cap_off,86.063,A级_安全,A级_安全,A级_安全,渗流破坏,100.0
0+761,mixed,safe,full,85.7953,A级_安全,A级_安全,A级_安全,渗流破坏,100.0
0+761,mixed,safe,cap_off,85.7953,A级_安全,A级_安全,A级_安全,渗流破坏,100.0
0+761,mixed,safe,C3_anchor100,85.7953,A级_安全,A级_安全,A级_安全,渗流破坏,100.0
0+761,mixed,safe,C3_anchor100_cap_off,85.7953,A级_安全,A级_安全,A级_安全,渗流破坏,100.0
0+762,mixed,safe,full,85.9133,A级_安全,A级_安全,A级_安全,渗流破坏,100.0
0+762,mixed,safe,cap_off,85.9133,A级_安全,A级_安全,A级_安全,渗流破坏,100.0
0+762,mixed,safe,C3_anchor100,85.9133,A级_安全,A级_安全,A级_安全,渗流破坏,100.0
0+762,mixed,safe,C3_anchor100_cap_off,85.9133,A级_安全,A级_安全,A级_安全,渗流破坏,100.0
0+763,mixed,safe,full,85.6927,A级_安全,A级_安全,A级_安全,渗流破坏,100.0
0+763,mixed,safe,cap_off,85.6927,A级_安全,A级_安全,A级_安全,渗流破坏,100.0
0+763,mixed,safe,C3_anchor100,85.6927,A级_安全,A级_安全,A级_安全,渗流破坏,100.0
0+763,mixed,safe,C3_anchor100_cap_off,85.6927,A级_安全,A级_安全,A级_安全,渗流破坏,100.0
0+764,mixed,safe,full,85.8739,A级_安全,A级_安全,A级_安全,渗流破坏,100.0
0+764,mixed,safe,cap_off,85.8739,A级_安全,A级_安全,A级_安全,渗流破坏,100.0
0+764,mixed,safe,C3_anchor100,85.8739,A级_安全,A级_安全,A级_安全,渗流破坏,100.0
0+764,mixed,safe,C3_anchor100_cap_off,85.8739,A级_安全,A级_安全,A级_安全,渗流破坏,100.0
0+765,mixed,safe,full,86.1085,A级_安全,A级_安全,A级_安全,渗流破坏,100.0
0+765,mixed,safe,cap_off,86.1085,A级_安全,A级_安全,A级_安全,渗流破坏,100.0
0+765,mixed,safe,C3_anchor100,86.1085,A级_安全,A级_安全,A级_安全,渗流破坏,100.0
0+765,mixed,safe,C3_anchor100_cap_off,86.1085,A级_安全,A级_安全,A级_安全,渗流破坏,100.0
0+766,mixed,safe,full,85.571,A级_安全,A级_安全,A级_安全,渗流破坏,100.0
0+766,mixed,safe,cap_off,85.571,A级_安全,A级_安全,A级_安全,渗流破坏,100.0
0+766,mixed,safe,C3_anchor100,85.571,A级_安全,A级_安全,A级_安全,渗流破坏,100.0
0+766,mixed,safe,C3_anchor100_cap_off,85.571,A级_安全,A级_安全,A级_安全,渗流破坏,100.0
0+767,mixed,safe,full,85.8302,A级_安全,A级_安全,A级_安全,渗流破坏,100.0
0+767,mixed,safe,cap_off,85.8302,A级_安全,A级_安全,A级_安全,渗流破坏,100.0
0+767,mixed,safe,C3_anchor100,85.8302,A级_安全,A级_安全,A级_安全,渗流破坏,100.0
0+767,mixed,safe,C3_anchor100_cap_off,85.8302,A级_安全,A级_安全,A级_安全,渗流破坏,100.0
0+768,mixed,safe,full,85.8922,A级_安全,A级_安全,A级_安全,渗流破坏,100.0
0+768,mixed,safe,cap_off,85.8922,A级_安全,A级_安全,A级_安全,渗流破坏,100.0
0+768,mixed,safe,C3_anchor100,85.8922,A级_安全,A级_安全,A级_安全,渗流破坏,100.0
0+768,mixed,safe,C3_anchor100_cap_off,85.8922,A级_安全,A级_安全,A级_安全,渗流破坏,100.0
0+769,mixed,safe,full,86.0357,A级_安全,A级_安全,A级_安全,渗流破坏,100.0
0+769,mixed,safe,cap_off,86.0357,A级_安全,A级_安全,A级_安全,渗流破坏,100.0
0+769,mixed,safe,C3_anchor100,86.0357,A级_安全,A级_安全,A级_安全,渗流破坏,100.0
0+769,mixed,safe,C3_anchor100_cap_off,86.0357,A级_安全,A级_安全,A级_安全,渗流破坏,100.0
0+770,mixed,safe,full,85.8201,A级_安全,A级_安全,A级_安全,渗流破坏,100.0
0+770,mixed,safe,cap_off,85.8201,A级_安全,A级_安全,A级_安全,渗流破坏,100.0
0+770,mixed,safe,C3_anchor100,85.8201,A级_安全,A级_安全,A级_安全,渗流破坏,100.0
0+770,mixed,safe,C3_anchor100_cap_off,85.8201,A级_安全,A级_安全,A级_安全,渗流破坏,100.0
0+771,mixed,safe,full,86.0414,A级_安全,A级_安全,A级_安全,渗流破坏,100.0
0+771,mixed,safe,cap_off,86.0414,A级_安全,A级_安全,A级_安全,渗流破坏,100.0
0+771,mixed,safe,C3_anchor100,86.0414,A级_安全,A级_安全,A级_安全,渗流破坏,100.0
0+771,mixed,safe,C3_anchor100_cap_off,86.0414,A级_安全,A级_安全,A级_安全,渗流破坏,100.0
0+772,mixed,safe,full,85.7376,A级_安全,A级_安全,A级_安全,渗流破坏,100.0
0+772,mixed,safe,cap_off,85.7376,A级_安全,A级_安全,A级_安全,渗流破坏,100.0
0+772,mixed,safe,C3_anchor100,85.7376,A级_安全,A级_安全,A级_安全,渗流破坏,100.0
0+772,mixed,safe,C3_anchor100_cap_off,85.7376,A级_安全,A级_安全,A级_安全,渗流破坏,100.0
0+773,mixed,safe,full,85.8744,A级_安全,A级_安全,A级_安全,渗流破坏,100.0
0+773,mixed,safe,cap_off,85.8744,A级_安全,A级_安全,A级_安全,渗流破坏,100.0
0+773,mixed,safe,C3_anchor100,85.8744,A级_安全,A级_安全,A级_安全,渗流破坏,100.0
0+773,mixed,safe,C3_anchor100_cap_off,85.8744,A级_安全,A级_安全,A级_安全,渗流破坏,100.0
0+774,mixed,safe,full,86.3323,A级_安全,A级_安全,A级_安全,渗流破坏,100.0
0+774,mixed,safe,cap_off,86.3323,A级_安全,A级_安全,A级_安全,渗流破坏,100.0
0+774,mixed,safe,C3_anchor100,86.3323,A级_安全,A级_安全,A级_安全,渗流破坏,100.0
0+774,mixed,safe,C3_anchor100_cap_off,86.3323,A级_安全,A级_安全,A级_安全,渗流破坏,100.0
0+775,mixed,safe,full,85.7168,A级_安全,A级_安全,A级_安全,渗流破坏,100.0
0+775,mixed,safe,cap_off,85.7168,A级_安全,A级_安全,A级_安全,渗流破坏,100.0
0+775,mixed,safe,C3_anchor100,85.7168,A级_安全,A级_安全,A级_安全,渗流破坏,100.0
0+775,mixed,safe,C3_anchor100_cap_off,85.7168,A级_安全,A级_安全,A级_安全,渗流破坏,100.0
0+776,mixed,slight,full,69.1587,B级_基本安全,B级_基本安全,B级_基本安全,渗流破坏,80.0
0+776,mixed,slight,cap_off,69.1587,B级_基本安全,B级_基本安全,B级_基本安全,渗流破坏,80.0
0+776,mixed,slight,C3_anchor100,69.6377,B级_基本安全,B级_基本安全,B级_基本安全,渗流破坏,100.0
0+776,mixed,slight,C3_anchor100_cap_off,69.6377,B级_基本安全,B级_基本安全,B级_基本安全,渗流破坏,100.0
0+777,mixed,slight,full,69.0958,B级_基本安全,B级_基本安全,B级_基本安全,渗流破坏,80.0
0+777,mixed,slight,cap_off,69.0958,B级_基本安全,B级_基本安全,B级_基本安全,渗流破坏,80.0
0+777,mixed,slight,C3_anchor100,69.5753,B级_基本安全,B级_基本安全,B级_基本安全,渗流破坏,100.0
0+777,mixed,slight,C3_anchor100_cap_off,69.5753,B级_基本安全,B级_基本安全,B级_基本安全,渗流破坏,100.0
0+778,mixed,slight,full,69.5736,B级_基本安全,B级_基本安全,B级_基本安全,渗流破坏,80.0
0+778,mixed,slight,cap_off,69.5736,B级_基本安全,B级_基本安全,B级_基本安全,渗流破坏,80.0
0+778,mixed,slight,C3_anchor100,70.0533,B级_基本安全,B级_基本安全,B级_基本安全,渗流破坏,100.0
0+778,mixed,slight,C3_anchor100_cap_off,70.0533,B级_基本安全,B级_基本安全,B级_基本安全,渗流破坏,100.0
0+779,mixed,slight,full,68.755,B级_基本安全,B级_基本安全,B级_基本安全,渗流破坏,80.0
0+779,mixed,slight,cap_off,68.755,B级_基本安全,B级_基本安全,B级_基本安全,渗流破坏,80.0
0+779,mixed,slight,C3_anchor100,69.2339,B级_基本安全,B级_基本安全,B级_基本安全,渗流破坏,100.0
0+779,mixed,slight,C3_anchor100_cap_off,69.2339,B级_基本安全,B级_基本安全,B级_基本安全,渗流破坏,100.0
0+780,mixed,slight,full,69.3566,B级_基本安全,B级_基本安全,B级_基本安全,渗流破坏,80.0
0+780,mixed,slight,cap_off,69.3566,B级_基本安全,B级_基本安全,B级_基本安全,渗流破坏,80.0
0+780,mixed,slight,C3_anchor100,69.836,B级_基本安全,B级_基本安全,B级_基本安全,渗流破坏,100.0
0+780,mixed,slight,C3_anchor100_cap_off,69.836,B级_基本安全,B级_基本安全,B级_基本安全,渗流破坏,100.0
0+781,mixed,slight,full,69.3662,B级_基本安全,B级_基本安全,B级_基本安全,渗流破坏,80.0
0+781,mixed,slight,cap_off,69.3662,B级_基本安全,B级_基本安全,B级_基本安全,渗流破坏,80.0
0+781,mixed,slight,C3_anchor100,69.8456,B级_基本安全,B级_基本安全,B级_基本安全,渗流破坏,100.0
0+781,mixed,slight,C3_anchor100_cap_off,69.8456,B级_基本安全,B级_基本安全,B级_基本安全,渗流破坏,100.0
0+782,mixed,slight,full,68.8588,B级_基本安全,B级_基本安全,B级_基本安全,渗流破坏,80.0
0+782,mixed,slight,cap_off,68.8588,B级_基本安全,B级_基本安全,B级_基本安全,渗流破坏,80.0
0+782,mixed,slight,C3_anchor100,69.338,B级_基本安全,B级_基本安全,B级_基本安全,渗流破坏,100.0
0+782,mixed,slight,C3_anchor100_cap_off,69.338,B级_基本安全,B级_基本安全,B级_基本安全,渗流破坏,100.0
0+783,mixed,slight,full,68.7693,B级_基本安全,B级_基本安全,B级_基本安全,渗流破坏,80.0
0+783,mixed,slight,cap_off,68.7693,B级_基本安全,B级_基本安全,B级_基本安全,渗流破坏,80.0
0+783,mixed,slight,C3_anchor100,69.2482,B级_基本安全,B级_基本安全,B级_基本安全,渗流破坏,100.0
0+783,mixed,slight,C3_anchor100_cap_off,69.2482,B级_基本安全,B级_基本安全,B级_基本安全,渗流破坏,100.0
0+784,mixed,slight,full,69.6784,B级_基本安全,B级_基本安全,B级_基本安全,渗流破坏,80.0
0+784,mixed,slight,cap_off,69.6784,B级_基本安全,B级_基本安全,B级_基本安全,渗流破坏,80.0
0+784,mixed,slight,C3_anchor100,70.1583,B级_基本安全,B级_基本安全,B级_基本安全,渗流破坏,100.0
0+784,mixed,slight,C3_anchor100_cap_off,70.1583,B级_基本安全,B级_基本安全,B级_基本安全,渗流破坏,100.0
0+785,mixed,slight,full,69.6444,B级_基本安全,B级_基本安全,B级_基本安全,渗流破坏,80.0
0+785,mixed,slight,cap_off,69.6444,B级_基本安全,B级_基本安全,B级_基本安全,渗流破坏,80.0
0+785,mixed,slight,C3_anchor100,70.1243,B级_基本安全,B级_基本安全,B级_基本安全,渗流破坏,100.0
0+785,mixed,slight,C3_anchor100_cap_off,70.1243,B级_基本安全,B级_基本安全,B级_基本安全,渗流破坏,100.0
0+786,mixed,slight,full,69.2129,B级_基本安全,B级_基本安全,B级_基本安全,渗流破坏,80.0
0+786,mixed,slight,cap_off,69.2129,B级_基本安全,B级_基本安全,B级_基本安全,渗流破坏,80.0
0+786,mixed,slight,C3_anchor100,69.6927,B级_基本安全,B级_基本安全,B级_基本安全,渗流破坏,100.0
0+786,mixed,slight,C3_anchor100_cap_off,69.6927,B级_基本安全,B级_基本安全,B级_基本安全,渗流破坏,100.0
0+787,mixed,slight,full,69.3809,B级_基本安全,B级_基本安全,B级_基本安全,渗流破坏,80.0
0+787,mixed,slight,cap_off,69.3809,B级_基本安全,B级_基本安全,B级_基本安全,渗流破坏,80.0
0+787,mixed,slight,C3_anchor100,69.8604,B级_基本安全,B级_基本安全,B级_基本安全,渗流破坏,100.0
0+787,mixed,slight,C3_anchor100_cap_off,69.8604,B级_基本安全,B级_基本安全,B级_基本安全,渗流破坏,100.0
0+788,mixed,slight,full,69.4187,B级_基本安全,B级_基本安全,B级_基本安全,渗流破坏,80.0
0+788,mixed,slight,cap_off,69.4187,B级_基本安全,B级_基本安全,B级_基本安全,渗流破坏,80.0
0+788,mixed,slight,C3_anchor100,69.8988,B级_基本安全,B级_基本安全,B级_基本安全,渗流破坏,100.0
0+788,mixed,slight,C3_anchor100_cap_off,69.8988,B级_基本安全,B级_基本安全,B级_基本安全,渗流破坏,100.0
0+789,mixed,slight,full,68.689,B级_基本安全,B级_基本安全,B级_基本安全,渗流破坏,80.0
0+789,mixed,slight,cap_off,68.689,B级_基本安全,B级_基本安全,B级_基本安全,渗流破坏,80.0
0+789,mixed,slight,C3_anchor100,69.1678,B级_基本安全,B级_基本安全,B级_基本安全,渗流破坏,100.0
0+789,mixed,slight,C3_anchor100_cap_off,69.1678,B级_基本安全,B级_基本安全,B级_基本安全,渗流破坏,100.0
0+790,mixed,slight,full,69.7592,B级_基本安全,B级_基本安全,B级_基本安全,渗流破坏,80.0
0+790,mixed,slight,cap_off,69.7592,B级_基本安全,B级_基本安全,B级_基本安全,渗流破坏,80.0
0+790,mixed,slight,C3_anchor100,70.2393,B级_基本安全,B级_基本安全,B级_基本安全,渗流破坏,100.0
0+790,mixed,slight,C3_anchor100_cap_off,70.2393,B级_基本安全,B级_基本安全,B级_基本安全,渗流破坏,100.0
0+791,mixed,slight,full,68.9059,B级_基本安全,B级_基本安全,B级_基本安全,渗流破坏,80.0
0+791,mixed,slight,cap_off,68.9059,B级_基本安全,B级_基本安全,B级_基本安全,渗流破坏,80.0
0+791,mixed,slight,C3_anchor100,69.3851,B级_基本安全,B级_基本安全,B级_基本安全,渗流破坏,100.0
0+791,mixed,slight,C3_anchor100_cap_off,69.3851,B级_基本安全,B级_基本安全,B级_基本安全,渗流破坏,100.0
0+792,mixed,slight,full,68.4883,B级_基本安全,B级_基本安全,B级_基本安全,渗流破坏,80.0
0+792,mixed,slight,cap_off,68.4883,B级_基本安全,B级_基本安全,B级_基本安全,渗流破坏,80.0
0+792,mixed,slight,C3_anchor100,68.9668,B级_基本安全,B级_基本安全,B级_基本安全,渗流破坏,100.0
0+792,mixed,slight,C3_anchor100_cap_off,68.9668,B级_基本安全,B级_基本安全,B级_基本安全,渗流破坏,100.0
0+793,mixed,slight,full,69.39,B级_基本安全,B级_基本安全,B级_基本安全,渗流破坏,80.0
0+793,mixed,slight,cap_off,69.39,B级_基本安全,B级_基本安全,B级_基本安全,渗流破坏,80.0
0+793,mixed,slight,C3_anchor100,69.8694,B级_基本安全,B级_基本安全,B级_基本安全,渗流破坏,100.0
0+793,mixed,slight,C3_anchor100_cap_off,69.8694,B级_基本安全,B级_基本安全,B级_基本安全,渗流破坏,100.0
0+794,mixed,slight,full,69.4726,B级_基本安全,B级_基本安全,B级_基本安全,渗流破坏,80.0
0+794,mixed,slight,cap_off,69.4726,B级_基本安全,B级_基本安全,B级_基本安全,渗流破坏,80.0
0+794,mixed,slight,C3_anchor100,69.9522,B级_基本安全,B级_基本安全,B级_基本安全,渗流破坏,100.0
0+794,mixed,slight,C3_anchor100_cap_off,69.9522,B级_基本安全,B级_基本安全,B级_基本安全,渗流破坏,100.0
0+795,mixed,slight,full,69.1026,B级_基本安全,B级_基本安全,B级_基本安全,渗流破坏,80.0
0+795,mixed,slight,cap_off,69.1026,B级_基本安全,B级_基本安全,B级_基本安全,渗流破坏,80.0
0+795,mixed,slight,C3_anchor100,69.5816,B级_基本安全,B级_基本安全,B级_基本安全,渗流破坏,100.0
0+795,mixed,slight,C3_anchor100_cap_off,69.5816,B级_基本安全,B级_基本安全,B级_基本安全,渗流破坏,100.0
0+796,mixed,slight,full,69.3698,B级_基本安全,B级_基本安全,B级_基本安全,渗流破坏,80.0
0+796,mixed,slight,cap_off,69.3698,B级_基本安全,B级_基本安全,B级_基本安全,渗流破坏,80.0
0+796,mixed,slight,C3_anchor100,69.8498,B级_基本安全,B级_基本安全,B级_基本安全,渗流破坏,100.0
0+796,mixed,slight,C3_anchor100_cap_off,69.8498,B级_基本安全,B级_基本安全,B级_基本安全,渗流破坏,100.0
0+797,mixed,slight,full,69.0798,B级_基本安全,B级_基本安全,B级_基本安全,渗流破坏,80.0
0+797,mixed,slight,cap_off,69.0798,B级_基本安全,B级_基本安全,B级_基本安全,渗流破坏,80.0
0+797,mixed,slight,C3_anchor100,69.5593,B级_基本安全,B级_基本安全,B级_基本安全,渗流破坏,100.0
0+797,mixed,slight,C3_anchor100_cap_off,69.5593,B级_基本安全,B级_基本安全,B级_基本安全,渗流破坏,100.0
0+798,mixed,slight,full,69.716,B级_基本安全,B级_基本安全,B级_基本安全,渗流破坏,80.0
0+798,mixed,slight,cap_off,69.716,B级_基本安全,B级_基本安全,B级_基本安全,渗流破坏,80.0
0+798,mixed,slight,C3_anchor100,70.196,B级_基本安全,B级_基本安全,B级_基本安全,渗流破坏,100.0
0+798,mixed,slight,C3_anchor100_cap_off,70.196,B级_基本安全,B级_基本安全,B级_基本安全,渗流破坏,100.0
0+799,mixed,slight,full,69.0791,B级_基本安全,B级_基本安全,B级_基本安全,渗流破坏,80.0
0+799,mixed,slight,cap_off,69.0791,B级_基本安全,B级_基本安全,B级_基本安全,渗流破坏,80.0
0+799,mixed,slight,C3_anchor100,69.5579,B级_基本安全,B级_基本安全,B级_基本安全,渗流破坏,100.0
0+799,mixed,slight,C3_anchor100_cap_off,69.5579,B级_基本安全,B级_基本安全,B级_基本安全,渗流破坏,100.0
0+800,mixed,slight,full,68.8392,B级_基本安全,B级_基本安全,B级_基本安全,渗流破坏,80.0
0+800,mixed,slight,cap_off,68.8392,B级_基本安全,B级_基本安全,B级_基本安全,渗流破坏,80.0
0+800,mixed,slight,C3_anchor100,69.3182,B级_基本安全,B级_基本安全,B级_基本安全,渗流破坏,100.0
0+800,mixed,slight,C3_anchor100_cap_off,69.3182,B级_基本安全,B级_基本安全,B级_基本安全,渗流破坏,100.0
0+801,mixed,moderate,full,49.8878,B级_基本安全,B级_基本安全,B级_基本安全,渗流破坏,60.0
0+801,mixed,moderate,cap_off,49.8878,B级_基本安全,B级_基本安全,B级_基本安全,渗流破坏,60.0
0+801,mixed,moderate,C3_anchor100,50.7919,B级_基本安全,B级_基本安全,B级_基本安全,渗流破坏,100.0
0+801,mixed,moderate,C3_anchor100_cap_off,50.7919,B级_基本安全,B级_基本安全,B级_基本安全,渗流破坏,100.0
0+802,mixed,moderate,full,50.7647,B级_基本安全,B级_基本安全,B级_基本安全,渗流破坏,60.0
0+802,mixed,moderate,cap_off,50.7647,B级_基本安全,B级_基本安全,B级_基本安全,渗流破坏,60.0
0+802,mixed,moderate,C3_anchor100,51.6732,B级_基本安全,B级_基本安全,B级_基本安全,渗流破坏,100.0
0+802,mixed,moderate,C3_anchor100_cap_off,51.6732,B级_基本安全,B级_基本安全,B级_基本安全,渗流破坏,100.0
0+803,mixed,moderate,full,50.2338,B级_基本安全,B级_基本安全,B级_基本安全,渗流破坏,60.0
0+803,mixed,moderate,cap_off,50.2338,B级_基本安全,B级_基本安全,B级_基本安全,渗流破坏,60.0
0+803,mixed,moderate,C3_anchor100,51.1401,B级_基本安全,B级_基本安全,B级_基本安全,渗流破坏,100.0
0+803,mixed,moderate,C3_anchor100_cap_off,51.1401,B级_基本安全,B级_基本安全,B级_基本安全,渗流破坏,100.0
0+804,mixed,moderate,full,50.452,B级_基本安全,B级_基本安全,B级_基本安全,渗流破坏,60.0
0+804,mixed,moderate,cap_off,50.452,B级_基本安全,B级_基本安全,B级_基本安全,渗流破坏,60.0
0+804,mixed,moderate,C3_anchor100,51.3573,B级_基本安全,B级_基本安全,B级_基本安全,渗流破坏,100.0
0+804,mixed,moderate,C3_anchor100_cap_off,51.3573,B级_基本安全,B级_基本安全,B级_基本安全,渗流破坏,100.0
0+805,mixed,moderate,full,49.9573,B级_基本安全,B级_基本安全,B级_基本安全,渗流破坏,60.0
0+805,mixed,moderate,cap_off,49.9573,B级_基本安全,B级_基本安全,B级_基本安全,渗流破坏,60.0
0+805,mixed,moderate,C3_anchor100,50.8621,B级_基本安全,B级_基本安全,B级_基本安全,渗流破坏,100.0
0+805,mixed,moderate,C3_anchor100_cap_off,50.8621,B级_基本安全,B级_基本安全,B级_基本安全,渗流破坏,100.0
0+806,mixed,moderate,full,50.3133,B级_基本安全,B级_基本安全,B级_基本安全,渗流破坏,60.0
0+806,mixed,moderate,cap_off,50.3133,B级_基本安全,B级_基本安全,B级_基本安全,渗流破坏,60.0
0+806,mixed,moderate,C3_anchor100,51.2189,B级_基本安全,B级_基本安全,B级_基本安全,渗流破坏,100.0
0+806,mixed,moderate,C3_anchor100_cap_off,51.2189,B级_基本安全,B级_基本安全,B级_基本安全,渗流破坏,100.0
0+807,mixed,moderate,full,50.3678,B级_基本安全,B级_基本安全,B级_基本安全,渗流破坏,60.0
0+807,mixed,moderate,cap_off,50.3678,B级_基本安全,B级_基本安全,B级_基本安全,渗流破坏,60.0
0+807,mixed,moderate,C3_anchor100,51.2727,B级_基本安全,B级_基本安全,B级_基本安全,渗流破坏,100.0
0+807,mixed,moderate,C3_anchor100_cap_off,51.2727,B级_基本安全,B级_基本安全,B级_基本安全,渗流破坏,100.0
0+808,mixed,moderate,full,50.4822,B级_基本安全,B级_基本安全,B级_基本安全,渗流破坏,60.0
0+808,mixed,moderate,cap_off,50.4822,B级_基本安全,B级_基本安全,B级_基本安全,渗流破坏,60.0
0+808,mixed,moderate,C3_anchor100,51.3899,B级_基本安全,B级_基本安全,B级_基本安全,渗流破坏,100.0
0+808,mixed,moderate,C3_anchor100_cap_off,51.3899,B级_基本安全,B级_基本安全,B级_基本安全,渗流破坏,100.0
0+809,mixed,moderate,full,50.6081,B级_基本安全,B级_基本安全,B级_基本安全,渗流破坏,60.0
0+809,mixed,moderate,cap_off,50.6081,B级_基本安全,B级_基本安全,B级_基本安全,渗流破坏,60.0
0+809,mixed,moderate,C3_anchor100,51.5138,B级_基本安全,B级_基本安全,B级_基本安全,渗流破坏,100.0
0+809,mixed,moderate,C3_anchor100_cap_off,51.5138,B级_基本安全,B级_基本安全,B级_基本安全,渗流破坏,100.0
0+810,mixed,moderate,full,50.7663,B级_基本安全,B级_基本安全,B级_基本安全,渗流破坏,60.0
0+810,mixed,moderate,cap_off,50.7663,B级_基本安全,B级_基本安全,B级_基本安全,渗流破坏,60.0
0+810,mixed,moderate,C3_anchor100,51.6729,B级_基本安全,B级_基本安全,B级_基本安全,渗流破坏,100.0
0+810,mixed,moderate,C3_anchor100_cap_off,51.6729,B级_基本安全,B级_基本安全,B级_基本安全,渗流破坏,100.0
0+811,mixed,moderate,full,50.6497,B级_基本安全,B级_基本安全,B级_基本安全,渗流破坏,60.0
0+811,mixed,moderate,cap_off,50.6497,B级_基本安全,B级_基本安全,B级_基本安全,渗流破坏,60.0
0+811,mixed,moderate,C3_anchor100,51.556,B级_基本安全,B级_基本安全,B级_基本安全,渗流破坏,100.0
0+811,mixed,moderate,C3_anchor100_cap_off,51.556,B级_基本安全,B级_基本安全,B级_基本安全,渗流破坏,100.0
0+812,mixed,moderate,full,50.6937,B级_基本安全,B级_基本安全,B级_基本安全,渗流破坏,60.0
0+812,mixed,moderate,cap_off,50.6937,B级_基本安全,B级_基本安全,B级_基本安全,渗流破坏,60.0
0+812,mixed,moderate,C3_anchor100,51.6007,B级_基本安全,B级_基本安全,B级_基本安全,渗流破坏,100.0
0+812,mixed,moderate,C3_anchor100_cap_off,51.6007,B级_基本安全,B级_基本安全,B级_基本安全,渗流破坏,100.0
0+813,mixed,moderate,full,50.5601,B级_基本安全,B级_基本安全,B级_基本安全,渗流破坏,60.0
0+813,mixed,moderate,cap_off,50.5601,B级_基本安全,B级_基本安全,B级_基本安全,渗流破坏,60.0
0+813,mixed,moderate,C3_anchor100,51.4655,B级_基本安全,B级_基本安全,B级_基本安全,渗流破坏,100.0
0+813,mixed,moderate,C3_anchor100_cap_off,51.4655,B级_基本安全,B级_基本安全,B级_基本安全,渗流破坏,100.0
0+814,mixed,moderate,full,50.0504,B级_基本安全,B级_基本安全,B级_基本安全,渗流破坏,60.0
0+814,mixed,moderate,cap_off,50.0504,B级_基本安全,B级_基本安全,B级_基本安全,渗流破坏,60.0
0+814,mixed,moderate,C3_anchor100,50.9549,B级_基本安全,B级_基本安全,B级_基本安全,渗流破坏,100.0
0+814,mixed,moderate,C3_anchor100_cap_off,50.9549,B级_基本安全,B级_基本安全,B级_基本安全,渗流破坏,100.0
0+815,mixed,moderate,full,50.6674,B级_基本安全,B级_基本安全,B级_基本安全,渗流破坏,60.0
0+815,mixed,moderate,cap_off,50.6674,B级_基本安全,B级_基本安全,B级_基本安全,渗流破坏,60.0
0+815,mixed,moderate,C3_anchor100,51.5738,B级_基本安全,B级_基本安全,B级_基本安全,渗流破坏,100.0
0+815,mixed,moderate,C3_anchor100_cap_off,51.5738,B级_基本安全,B级_基本安全,B级_基本安全,渗流破坏,100.0
0+816,mixed,moderate,full,51.0378,B级_基本安全,B级_基本安全,B级_基本安全,渗流破坏,60.0
0+816,mixed,moderate,cap_off,51.0378,B级_基本安全,B级_基本安全,B级_基本安全,渗流破坏,60.0
0+816,mixed,moderate,C3_anchor100,51.9454,B级_基本安全,B级_基本安全,B级_基本安全,渗流破坏,100.0
0+816,mixed,moderate,C3_anchor100_cap_off,51.9454,B级_基本安全,B级_基本安全,B级_基本安全,渗流破坏,100.0
0+817,mixed,moderate,full,50.2605,B级_基本安全,B级_基本安全,B级_基本安全,渗流破坏,60.0
0+817,mixed,moderate,cap_off,50.2605,B级_基本安全,B级_基本安全,B级_基本安全,渗流破坏,60.0
0+817,mixed,moderate,C3_anchor100,51.1658,B级_基本安全,B级_基本安全,B级_基本安全,渗流破坏,100.0
0+817,mixed,moderate,C3_anchor100_cap_off,51.1658,B级_基本安全,B级_基本安全,B级_基本安全,渗流破坏,100.0
0+818,mixed,moderate,full,50.5872,B级_基本安全,B级_基本安全,B级_基本安全,渗流破坏,60.0
0+818,mixed,moderate,cap_off,50.5872,B级_基本安全,B级_基本安全,B级_基本安全,渗流破坏,60.0
0+818,mixed,moderate,C3_anchor100,51.4954,B级_基本安全,B级_基本安全,B级_基本安全,渗流破坏,100.0
0+818,mixed,moderate,C3_anchor100_cap_off,51.4954,B级_基本安全,B级_基本安全,B级_基本安全,渗流破坏,100.0
0+819,mixed,moderate,full,50.6688,B级_基本安全,B级_基本安全,B级_基本安全,渗流破坏,60.0
0+819,mixed,moderate,cap_off,50.6688,B级_基本安全,B级_基本安全,B级_基本安全,渗流破坏,60.0
0+819,mixed,moderate,C3_anchor100,51.5753,B级_基本安全,B级_基本安全,B级_基本安全,渗流破坏,100.0
0+819,mixed,moderate,C3_anchor100_cap_off,51.5753,B级_基本安全,B级_基本安全,B级_基本安全,渗流破坏,100.0
0+820,mixed,moderate,full,50.0561,B级_基本安全,B级_基本安全,B级_基本安全,渗流破坏,60.0
0+820,mixed,moderate,cap_off,50.0561,B级_基本安全,B级_基本安全,B级_基本安全,渗流破坏,60.0
0+820,mixed,moderate,C3_anchor100,50.9613,B级_基本安全,B级_基本安全,B级_基本安全,渗流破坏,100.0
0+820,mixed,moderate,C3_anchor100_cap_off,50.9613,B级_基本安全,B级_基本安全,B级_基本安全,渗流破坏,100.0
0+821,mixed,moderate,full,50.433,B级_基本安全,B级_基本安全,B级_基本安全,渗流破坏,60.0
0+821,mixed,moderate,cap_off,50.433,B级_基本安全,B级_基本安全,B级_基本安全,渗流破坏,60.0
0+821,mixed,moderate,C3_anchor100,51.3398,B级_基本安全,B级_基本安全,B级_基本安全,渗流破坏,100.0
0+821,mixed,moderate,C3_anchor100_cap_off,51.3398,B级_基本安全,B级_基本安全,B级_基本安全,渗流破坏,100.0
0+822,mixed,moderate,full,50.8702,B级_基本安全,B级_基本安全,B级_基本安全,渗流破坏,60.0
0+822,mixed,moderate,cap_off,50.8702,B级_基本安全,B级_基本安全,B级_基本安全,渗流破坏,60.0
0+822,mixed,moderate,C3_anchor100,51.7769,B级_基本安全,B级_基本安全,B级_基本安全,渗流破坏,100.0
0+822,mixed,moderate,C3_anchor100_cap_off,51.7769,B级_基本安全,B级_基本安全,B级_基本安全,渗流破坏,100.0
0+823,mixed,moderate,full,50.3128,B级_基本安全,B级_基本安全,B级_基本安全,渗流破坏,60.0
0+823,mixed,moderate,cap_off,50.3128,B级_基本安全,B级_基本安全,B级_基本安全,渗流破坏,60.0
0+823,mixed,moderate,C3_anchor100,51.2171,B级_基本安全,B级_基本安全,B级_基本安全,渗流破坏,100.0
0+823,mixed,moderate,C3_anchor100_cap_off,51.2171,B级_基本安全,B级_基本安全,B级_基本安全,渗流破坏,100.0
0+824,mixed,moderate,full,50.5074,B级_基本安全,B级_基本安全,B级_基本安全,渗流破坏,60.0
0+824,mixed,moderate,cap_off,50.5074,B级_基本安全,B级_基本安全,B级_基本安全,渗流破坏,60.0
0+824,mixed,moderate,C3_anchor100,51.4134,B级_基本安全,B级_基本安全,B级_基本安全,渗流破坏,100.0
0+824,mixed,moderate,C3_anchor100_cap_off,51.4134,B级_基本安全,B级_基本安全,B级_基本安全,渗流破坏,100.0
0+825,mixed,moderate,full,50.0237,B级_基本安全,B级_基本安全,B级_基本安全,渗流破坏,60.0
0+825,mixed,moderate,cap_off,50.0237,B级_基本安全,B级_基本安全,B级_基本安全,渗流破坏,60.0
0+825,mixed,moderate,C3_anchor100,50.9284,B级_基本安全,B级_基本安全,B级_基本安全,渗流破坏,100.0
0+825,mixed,moderate,C3_anchor100_cap_off,50.9284,B级_基本安全,B级_基本安全,B级_基本安全,渗流破坏,100.0
0+826,mixed,severe,full,13.5467,C级_不安全,C级_不安全,C级_不安全,冲刷破坏,40.0
0+826,mixed,severe,cap_off,13.5467,C级_不安全,C级_不安全,C级_不安全,冲刷破坏,40.0
0+826,mixed,severe,C3_anchor100,13.8746,C级_不安全,C级_不安全,C级_不安全,冲刷破坏,100.0
0+826,mixed,severe,C3_anchor100_cap_off,13.8746,C级_不安全,C级_不安全,C级_不安全,冲刷破坏,100.0
0+827,mixed,severe,full,15.5768,C级_不安全,C级_不安全,C级_不安全,渗流破坏,40.0
0+827,mixed,severe,cap_off,15.5768,C级_不安全,C级_不安全,C级_不安全,渗流破坏,40.0
0+827,mixed,severe,C3_anchor100,16.1632,C级_不安全,C级_不安全,C级_不安全,穿堤建筑物失效,100.0
0+827,mixed,severe,C3_anchor100_cap_off,16.1632,C级_不安全,C级_不安全,C级_不安全,穿堤建筑物失效,100.0
0+828,mixed,severe,full,14.0769,C级_不安全,C级_不安全,C级_不安全,冲刷破坏,40.0
0+828,mixed,severe,cap_off,14.0769,C级_不安全,C级_不安全,C级_不安全,冲刷破坏,40.0
0+828,mixed,severe,C3_anchor100,14.408,C级_不安全,C级_不安全,C级_不安全,冲刷破坏,100.0
0+828,mixed,severe,C3_anchor100_cap_off,14.408,C级_不安全,C级_不安全,C级_不安全,冲刷破坏,100.0
0+829,mixed,severe,full,13.9016,C级_不安全,C级_不安全,C级_不安全,冲刷破坏,40.0
0+829,mixed,severe,cap_off,13.9016,C级_不安全,C级_不安全,C级_不安全,冲刷破坏,40.0
0+829,mixed,severe,C3_anchor100,14.2322,C级_不安全,C级_不安全,C级_不安全,冲刷破坏,100.0
0+829,mixed,severe,C3_anchor100_cap_off,14.2322,C级_不安全,C级_不安全,C级_不安全,冲刷破坏,100.0
0+830,mixed,severe,full,13.4423,C级_不安全,C级_不安全,C级_不安全,冲刷破坏,40.0
0+830,mixed,severe,cap_off,13.4423,C级_不安全,C级_不安全,C级_不安全,冲刷破坏,40.0
0+830,mixed,severe,C3_anchor100,13.771,C级_不安全,C级_不安全,C级_不安全,冲刷破坏,100.0
0+830,mixed,severe,C3_anchor100_cap_off,13.771,C级_不安全,C级_不安全,C级_不安全,冲刷破坏,100.0
0+831,mixed,severe,full,16.4528,C级_不安全,C级_不安全,C级_不安全,渗流破坏,40.0
0+831,mixed,severe,cap_off,16.4528,C级_不安全,C级_不安全,C级_不安全,渗流破坏,40.0
0+831,mixed,severe,C3_anchor100,16.8913,C级_不安全,C级_不安全,C级_不安全,穿堤建筑物失效,100.0
0+831,mixed,severe,C3_anchor100_cap_off,16.8913,C级_不安全,C级_不安全,C级_不安全,穿堤建筑物失效,100.0
0+832,mixed,severe,full,13.969,C级_不安全,C级_不安全,C级_不安全,冲刷破坏,40.0
0+832,mixed,severe,cap_off,13.969,C级_不安全,C级_不安全,C级_不安全,冲刷破坏,40.0
0+832,mixed,severe,C3_anchor100,14.2982,C级_不安全,C级_不安全,C级_不安全,冲刷破坏,100.0
0+832,mixed,severe,C3_anchor100_cap_off,14.2982,C级_不安全,C级_不安全,C级_不安全,冲刷破坏,100.0
0+833,mixed,severe,full,14.2044,C级_不安全,C级_不安全,C级_不安全,冲刷破坏,40.0
0+833,mixed,severe,cap_off,14.2044,C级_不安全,C级_不安全,C级_不安全,冲刷破坏,40.0
0+833,mixed,severe,C3_anchor100,14.5349,C级_不安全,C级_不安全,C级_不安全,冲刷破坏,100.0
0+833,mixed,severe,C3_anchor100_cap_off,14.5349,C级_不安全,C级_不安全,C级_不安全,冲刷破坏,100.0
0+834,mixed,severe,full,14.0245,C级_不安全,C级_不安全,C级_不安全,冲刷破坏,40.0
0+834,mixed,severe,cap_off,14.0245,C级_不安全,C级_不安全,C级_不安全,冲刷破坏,40.0
0+834,mixed,severe,C3_anchor100,14.355,C级_不安全,C级_不安全,C级_不安全,冲刷破坏,100.0
0+834,mixed,severe,C3_anchor100_cap_off,14.355,C级_不安全,C级_不安全,C级_不安全,冲刷破坏,100.0
0+835,mixed,severe,full,15.6493,C级_不安全,C级_不安全,C级_不安全,渗流破坏,40.0
0+835,mixed,severe,cap_off,15.6493,C级_不安全,C级_不安全,C级_不安全,渗流破坏,40.0
0+835,mixed,severe,C3_anchor100,16.3352,C级_不安全,C级_不安全,C级_不安全,穿堤建筑物失效,100.0
0+835,mixed,severe,C3_anchor100_cap_off,16.3352,C级_不安全,C级_不安全,C级_不安全,穿堤建筑物失效,100.0
0+836,mixed,severe,full,16.0234,C级_不安全,C级_不安全,C级_不安全,渗流破坏,40.0
0+836,mixed,severe,cap_off,16.0234,C级_不安全,C级_不安全,C级_不安全,渗流破坏,40.0
0+836,mixed,severe,C3_anchor100,16.5191,C级_不安全,C级_不安全,C级_不安全,穿堤建筑物失效,100.0
0+836,mixed,severe,C3_anchor100_cap_off,16.5191,C级_不安全,C级_不安全,C级_不安全,穿堤建筑物失效,100.0
0+837,mixed,severe,full,14.258,C级_不安全,C级_不安全,C级_不安全,冲刷破坏,40.0
0+837,mixed,severe,cap_off,14.258,C级_不安全,C级_不安全,C级_不安全,冲刷破坏,40.0
0+837,mixed,severe,C3_anchor100,14.5884,C级_不安全,C级_不安全,C级_不安全,冲刷破坏,100.0
0+837,mixed,severe,C3_anchor100_cap_off,14.5884,C级_不安全,C级_不安全,C级_不安全,冲刷破坏,100.0
0+838,mixed,severe,full,15.8797,C级_不安全,C级_不安全,C级_不安全,渗流破坏,40.0
0+838,mixed,severe,cap_off,15.8797,C级_不安全,C级_不安全,C级_不安全,渗流破坏,40.0
0+838,mixed,severe,C3_anchor100,16.4184,C级_不安全,C级_不安全,C级_不安全,穿堤建筑物失效,100.0
0+838,mixed,severe,C3_anchor100_cap_off,16.4184,C级_不安全,C级_不安全,C级_不安全,穿堤建筑物失效,100.0
0+839,mixed,severe,full,14.392,C级_不安全,C级_不安全,C级_不安全,冲刷破坏,40.0
0+839,mixed,severe,cap_off,14.392,C级_不安全,C级_不安全,C级_不安全,冲刷破坏,40.0
0+839,mixed,severe,C3_anchor100,14.7223,C级_不安全,C级_不安全,C级_不安全,冲刷破坏,100.0
0+839,mixed,severe,C3_anchor100_cap_off,14.7223,C级_不安全,C级_不安全,C级_不安全,冲刷破坏,100.0
0+840,mixed,severe,full,14.2629,C级_不安全,C级_不安全,C级_不安全,冲刷破坏,40.0
0+840,mixed,severe,cap_off,14.2629,C级_不安全,C级_不安全,C级_不安全,冲刷破坏,40.0
0+840,mixed,severe,C3_anchor100,14.5921,C级_不安全,C级_不安全,C级_不安全,冲刷破坏,100.0
0+840,mixed,severe,C3_anchor100_cap_off,14.5921,C级_不安全,C级_不安全,C级_不安全,冲刷破坏,100.0
0+841,mixed,severe,full,14.5342,C级_不安全,C级_不安全,C级_不安全,冲刷破坏,40.0
0+841,mixed,severe,cap_off,14.5342,C级_不安全,C级_不安全,C级_不安全,冲刷破坏,40.0
0+841,mixed,severe,C3_anchor100,14.8654,C级_不安全,C级_不安全,C级_不安全,冲刷破坏,100.0
0+841,mixed,severe,C3_anchor100_cap_off,14.8654,C级_不安全,C级_不安全,C级_不安全,冲刷破坏,100.0
0+842,mixed,severe,full,13.9851,C级_不安全,C级_不安全,C级_不安全,冲刷破坏,40.0
0+842,mixed,severe,cap_off,13.9851,C级_不安全,C级_不安全,C级_不安全,冲刷破坏,40.0
0+842,mixed,severe,C3_anchor100,14.3151,C级_不安全,C级_不安全,C级_不安全,冲刷破坏,100.0
0+842,mixed,severe,C3_anchor100_cap_off,14.3151,C级_不安全,C级_不安全,C级_不安全,冲刷破坏,100.0
0+843,mixed,severe,full,15.7755,C级_不安全,C级_不安全,C级_不安全,渗流破坏,40.0
0+843,mixed,severe,cap_off,15.7755,C级_不安全,C级_不安全,C级_不安全,渗流破坏,40.0
0+843,mixed,severe,C3_anchor100,16.4173,C级_不安全,C级_不安全,C级_不安全,穿堤建筑物失效,100.0
0+843,mixed,severe,C3_anchor100_cap_off,16.4173,C级_不安全,C级_不安全,C级_不安全,穿堤建筑物失效,100.0
0+844,mixed,severe,full,13.5512,C级_不安全,C级_不安全,C级_不安全,冲刷破坏,40.0
0+844,mixed,severe,cap_off,13.5512,C级_不安全,C级_不安全,C级_不安全,冲刷破坏,40.0
0+844,mixed,severe,C3_anchor100,13.8792,C级_不安全,C级_不安全,C级_不安全,冲刷破坏,100.0
0+844,mixed,severe,C3_anchor100_cap_off,13.8792,C级_不安全,C级_不安全,C级_不安全,冲刷破坏,100.0
0+845,mixed,severe,full,13.6867,C级_不安全,C级_不安全,C级_不安全,冲刷破坏,40.0
0+845,mixed,severe,cap_off,13.6867,C级_不安全,C级_不安全,C级_不安全,冲刷破坏,40.0
0+845,mixed,severe,C3_anchor100,14.0164,C级_不安全,C级_不安全,C级_不安全,冲刷破坏,100.0
0+845,mixed,severe,C3_anchor100_cap_off,14.0164,C级_不安全,C级_不安全,C级_不安全,冲刷破坏,100.0
0+846,mixed,severe,full,13.9057,C级_不安全,C级_不安全,C级_不安全,冲刷破坏,40.0
0+846,mixed,severe,cap_off,13.9057,C级_不安全,C级_不安全,C级_不安全,冲刷破坏,40.0
0+846,mixed,severe,C3_anchor100,14.2372,C级_不安全,C级_不安全,C级_不安全,冲刷破坏,100.0
0+846,mixed,severe,C3_anchor100_cap_off,14.2372,C级_不安全,C级_不安全,C级_不安全,冲刷破坏,100.0
0+847,mixed,severe,full,15.6181,C级_不安全,C级_不安全,C级_不安全,渗流破坏,40.0
0+847,mixed,severe,cap_off,15.6181,C级_不安全,C级_不安全,C级_不安全,渗流破坏,40.0
0+847,mixed,severe,C3_anchor100,16.3402,C级_不安全,C级_不安全,C级_不安全,穿堤建筑物失效,100.0
0+847,mixed,severe,C3_anchor100_cap_off,16.3402,C级_不安全,C级_不安全,C级_不安全,穿堤建筑物失效,100.0
0+848,mixed,severe,full,13.7812,C级_不安全,C级_不安全,C级_不安全,冲刷破坏,40.0
0+848,mixed,severe,cap_off,13.7812,C级_不安全,C级_不安全,C级_不安全,冲刷破坏,40.0
0+848,mixed,severe,C3_anchor100,14.1091,C级_不安全,C级_不安全,C级_不安全,冲刷破坏,100.0
0+848,mixed,severe,C3_anchor100_cap_off,14.1091,C级_不安全,C级_不安全,C级_不安全,冲刷破坏,100.0
0+849,mixed,severe,full,13.6907,C级_不安全,C级_不安全,C级_不安全,冲刷破坏,40.0
0+849,mixed,severe,cap_off,13.6907,C级_不安全,C级_不安全,C级_不安全,冲刷破坏,40.0
0+849,mixed,severe,C3_anchor100,14.0191,C级_不安全,C级_不安全,C级_不安全,冲刷破坏,100.0
0+849,mixed,severe,C3_anchor100_cap_off,14.0191,C级_不安全,C级_不安全,C级_不安全,冲刷破坏,100.0
0+850,mixed,severe,full,15.9315,C级_不安全,C级_不安全,C级_不安全,渗流破坏,40.0
0+850,mixed,severe,cap_off,15.9315,C级_不安全,C级_不安全,C级_不安全,渗流破坏,40.0
0+850,mixed,severe,C3_anchor100,16.548,C级_不安全,C级_不安全,C级_不安全,穿堤建筑物失效,100.0
0+850,mixed,severe,C3_anchor100_cap_off,16.548,C级_不安全,C级_不安全,C级_不安全,穿堤建筑物失效,100.0
0+851,mixed,critical,full,5.8542,C级_不安全,C级_不安全,C级_不安全,渗流破坏,0.0
0+851,mixed,critical,cap_off,5.8542,C级_不安全,C级_不安全,C级_不安全,渗流破坏,0.0
0+851,mixed,critical,C3_anchor100,5.8542,C级_不安全,C级_不安全,C级_不安全,渗流破坏,100.0
0+851,mixed,critical,C3_anchor100_cap_off,5.8542,C级_不安全,C级_不安全,C级_不安全,渗流破坏,100.0
0+852,mixed,critical,full,6.0365,C级_不安全,C级_不安全,C级_不安全,渗流破坏,0.0
0+852,mixed,critical,cap_off,6.0365,C级_不安全,C级_不安全,C级_不安全,渗流破坏,0.0
0+852,mixed,critical,C3_anchor100,6.0365,C级_不安全,C级_不安全,C级_不安全,渗流破坏,100.0
0+852,mixed,critical,C3_anchor100_cap_off,6.0365,C级_不安全,C级_不安全,C级_不安全,渗流破坏,100.0
0+853,mixed,critical,full,6.0412,C级_不安全,C级_不安全,C级_不安全,渗流破坏,0.0
0+853,mixed,critical,cap_off,6.0412,C级_不安全,C级_不安全,C级_不安全,渗流破坏,0.0
0+853,mixed,critical,C3_anchor100,6.0412,C级_不安全,C级_不安全,C级_不安全,渗流破坏,100.0
0+853,mixed,critical,C3_anchor100_cap_off,6.0412,C级_不安全,C级_不安全,C级_不安全,渗流破坏,100.0
0+854,mixed,critical,full,6.1096,C级_不安全,C级_不安全,C级_不安全,渗流破坏,0.0
0+854,mixed,critical,cap_off,6.1096,C级_不安全,C级_不安全,C级_不安全,渗流破坏,0.0
0+854,mixed,critical,C3_anchor100,6.1096,C级_不安全,C级_不安全,C级_不安全,渗流破坏,100.0
0+854,mixed,critical,C3_anchor100_cap_off,6.1096,C级_不安全,C级_不安全,C级_不安全,渗流破坏,100.0
0+855,mixed,critical,full,6.2989,C级_不安全,C级_不安全,C级_不安全,渗流破坏,0.0
0+855,mixed,critical,cap_off,6.2989,C级_不安全,C级_不安全,C级_不安全,渗流破坏,0.0
0+855,mixed,critical,C3_anchor100,6.2989,C级_不安全,C级_不安全,C级_不安全,渗流破坏,100.0
0+855,mixed,critical,C3_anchor100_cap_off,6.2989,C级_不安全,C级_不安全,C级_不安全,渗流破坏,100.0
0+856,mixed,critical,full,5.8751,C级_不安全,C级_不安全,C级_不安全,渗流破坏,0.0
0+856,mixed,critical,cap_off,5.8751,C级_不安全,C级_不安全,C级_不安全,渗流破坏,0.0
0+856,mixed,critical,C3_anchor100,5.8751,C级_不安全,C级_不安全,C级_不安全,渗流破坏,100.0
0+856,mixed,critical,C3_anchor100_cap_off,5.8751,C级_不安全,C级_不安全,C级_不安全,渗流破坏,100.0
0+857,mixed,critical,full,6.0012,C级_不安全,C级_不安全,C级_不安全,渗流破坏,0.0
0+857,mixed,critical,cap_off,6.0012,C级_不安全,C级_不安全,C级_不安全,渗流破坏,0.0
0+857,mixed,critical,C3_anchor100,6.0012,C级_不安全,C级_不安全,C级_不安全,渗流破坏,100.0
0+857,mixed,critical,C3_anchor100_cap_off,6.0012,C级_不安全,C级_不安全,C级_不安全,渗流破坏,100.0
0+858,mixed,critical,full,5.9126,C级_不安全,C级_不安全,C级_不安全,渗流破坏,0.0
0+858,mixed,critical,cap_off,5.9126,C级_不安全,C级_不安全,C级_不安全,渗流破坏,0.0
0+858,mixed,critical,C3_anchor100,5.9126,C级_不安全,C级_不安全,C级_不安全,渗流破坏,100.0
0+858,mixed,critical,C3_anchor100_cap_off,5.9126,C级_不安全,C级_不安全,C级_不安全,渗流破坏,100.0
0+859,mixed,critical,full,6.0464,C级_不安全,C级_不安全,C级_不安全,渗流破坏,0.0
0+859,mixed,critical,cap_off,6.0464,C级_不安全,C级_不安全,C级_不安全,渗流破坏,0.0
0+859,mixed,critical,C3_anchor100,6.0464,C级_不安全,C级_不安全,C级_不安全,渗流破坏,100.0
0+859,mixed,critical,C3_anchor100_cap_off,6.0464,C级_不安全,C级_不安全,C级_不安全,渗流破坏,100.0
0+860,mixed,critical,full,6.14,C级_不安全,C级_不安全,C级_不安全,渗流破坏,0.0
0+860,mixed,critical,cap_off,6.14,C级_不安全,C级_不安全,C级_不安全,渗流破坏,0.0
0+860,mixed,critical,C3_anchor100,6.14,C级_不安全,C级_不安全,C级_不安全,渗流破坏,100.0
0+860,mixed,critical,C3_anchor100_cap_off,6.14,C级_不安全,C级_不安全,C级_不安全,渗流破坏,100.0
0+861,mixed,critical,full,5.9715,C级_不安全,C级_不安全,C级_不安全,渗流破坏,0.0
0+861,mixed,critical,cap_off,5.9715,C级_不安全,C级_不安全,C级_不安全,渗流破坏,0.0
0+861,mixed,critical,C3_anchor100,5.9715,C级_不安全,C级_不安全,C级_不安全,渗流破坏,100.0
0+861,mixed,critical,C3_anchor100_cap_off,5.9715,C级_不安全,C级_不安全,C级_不安全,渗流破坏,100.0
0+862,mixed,critical,full,6.026,C级_不安全,C级_不安全,C级_不安全,渗流破坏,0.0
0+862,mixed,critical,cap_off,6.026,C级_不安全,C级_不安全,C级_不安全,渗流破坏,0.0
0+862,mixed,critical,C3_anchor100,6.026,C级_不安全,C级_不安全,C级_不安全,渗流破坏,100.0
0+862,mixed,critical,C3_anchor100_cap_off,6.026,C级_不安全,C级_不安全,C级_不安全,渗流破坏,100.0
0+863,mixed,critical,full,6.1716,C级_不安全,C级_不安全,C级_不安全,渗流破坏,0.0
0+863,mixed,critical,cap_off,6.1716,C级_不安全,C级_不安全,C级_不安全,渗流破坏,0.0
0+863,mixed,critical,C3_anchor100,6.1716,C级_不安全,C级_不安全,C级_不安全,渗流破坏,100.0
0+863,mixed,critical,C3_anchor100_cap_off,6.1716,C级_不安全,C级_不安全,C级_不安全,渗流破坏,100.0
0+864,mixed,critical,full,6.159,C级_不安全,C级_不安全,C级_不安全,渗流破坏,0.0
0+864,mixed,critical,cap_off,6.159,C级_不安全,C级_不安全,C级_不安全,渗流破坏,0.0
0+864,mixed,critical,C3_anchor100,6.159,C级_不安全,C级_不安全,C级_不安全,渗流破坏,100.0
0+864,mixed,critical,C3_anchor100_cap_off,6.159,C级_不安全,C级_不安全,C级_不安全,渗流破坏,100.0
0+865,mixed,critical,full,5.8742,C级_不安全,C级_不安全,C级_不安全,渗流破坏,0.0
0+865,mixed,critical,cap_off,5.8742,C级_不安全,C级_不安全,C级_不安全,渗流破坏,0.0
0+865,mixed,critical,C3_anchor100,5.8742,C级_不安全,C级_不安全,C级_不安全,渗流破坏,100.0
0+865,mixed,critical,C3_anchor100_cap_off,5.8742,C级_不安全,C级_不安全,C级_不安全,渗流破坏,100.0
0+866,mixed,critical,full,6.1419,C级_不安全,C级_不安全,C级_不安全,渗流破坏,0.0
0+866,mixed,critical,cap_off,6.1419,C级_不安全,C级_不安全,C级_不安全,渗流破坏,0.0
0+866,mixed,critical,C3_anchor100,6.1419,C级_不安全,C级_不安全,C级_不安全,渗流破坏,100.0
0+866,mixed,critical,C3_anchor100_cap_off,6.1419,C级_不安全,C级_不安全,C级_不安全,渗流破坏,100.0
0+867,mixed,critical,full,5.9757,C级_不安全,C级_不安全,C级_不安全,渗流破坏,0.0
0+867,mixed,critical,cap_off,5.9757,C级_不安全,C级_不安全,C级_不安全,渗流破坏,0.0
0+867,mixed,critical,C3_anchor100,5.9757,C级_不安全,C级_不安全,C级_不安全,渗流破坏,100.0
0+867,mixed,critical,C3_anchor100_cap_off,5.9757,C级_不安全,C级_不安全,C级_不安全,渗流破坏,100.0
0+868,mixed,critical,full,5.8455,C级_不安全,C级_不安全,C级_不安全,渗流破坏,0.0
0+868,mixed,critical,cap_off,5.8455,C级_不安全,C级_不安全,C级_不安全,渗流破坏,0.0
0+868,mixed,critical,C3_anchor100,5.8455,C级_不安全,C级_不安全,C级_不安全,渗流破坏,100.0
0+868,mixed,critical,C3_anchor100_cap_off,5.8455,C级_不安全,C级_不安全,C级_不安全,渗流破坏,100.0
0+869,mixed,critical,full,6.1694,C级_不安全,C级_不安全,C级_不安全,渗流破坏,0.0
0+869,mixed,critical,cap_off,6.1694,C级_不安全,C级_不安全,C级_不安全,渗流破坏,0.0
0+869,mixed,critical,C3_anchor100,6.1694,C级_不安全,C级_不安全,C级_不安全,渗流破坏,100.0
0+869,mixed,critical,C3_anchor100_cap_off,6.1694,C级_不安全,C级_不安全,C级_不安全,渗流破坏,100.0
0+870,mixed,critical,full,6.2303,C级_不安全,C级_不安全,C级_不安全,渗流破坏,0.0
0+870,mixed,critical,cap_off,6.2303,C级_不安全,C级_不安全,C级_不安全,渗流破坏,0.0
0+870,mixed,critical,C3_anchor100,6.2303,C级_不安全,C级_不安全,C级_不安全,渗流破坏,100.0
0+870,mixed,critical,C3_anchor100_cap_off,6.2303,C级_不安全,C级_不安全,C级_不安全,渗流破坏,100.0
0+871,mixed,critical,full,6.0507,C级_不安全,C级_不安全,C级_不安全,渗流破坏,0.0
0+871,mixed,critical,cap_off,6.0507,C级_不安全,C级_不安全,C级_不安全,渗流破坏,0.0
0+871,mixed,critical,C3_anchor100,6.0507,C级_不安全,C级_不安全,C级_不安全,渗流破坏,100.0
0+871,mixed,critical,C3_anchor100_cap_off,6.0507,C级_不安全,C级_不安全,C级_不安全,渗流破坏,100.0
0+872,mixed,critical,full,6.0436,C级_不安全,C级_不安全,C级_不安全,渗流破坏,0.0
0+872,mixed,critical,cap_off,6.0436,C级_不安全,C级_不安全,C级_不安全,渗流破坏,0.0
0+872,mixed,critical,C3_anchor100,6.0436,C级_不安全,C级_不安全,C级_不安全,渗流破坏,100.0
0+872,mixed,critical,C3_anchor100_cap_off,6.0436,C级_不安全,C级_不安全,C级_不安全,渗流破坏,100.0
0+873,mixed,critical,full,5.8638,C级_不安全,C级_不安全,C级_不安全,渗流破坏,0.0
0+873,mixed,critical,cap_off,5.8638,C级_不安全,C级_不安全,C级_不安全,渗流破坏,0.0
0+873,mixed,critical,C3_anchor100,5.8638,C级_不安全,C级_不安全,C级_不安全,渗流破坏,100.0
0+873,mixed,critical,C3_anchor100_cap_off,5.8638,C级_不安全,C级_不安全,C级_不安全,渗流破坏,100.0
0+874,mixed,critical,full,5.9736,C级_不安全,C级_不安全,C级_不安全,渗流破坏,0.0
0+874,mixed,critical,cap_off,5.9736,C级_不安全,C级_不安全,C级_不安全,渗流破坏,0.0
0+874,mixed,critical,C3_anchor100,5.9736,C级_不安全,C级_不安全,C级_不安全,渗流破坏,100.0
0+874,mixed,critical,C3_anchor100_cap_off,5.9736,C级_不安全,C级_不安全,C级_不安全,渗流破坏,100.0
0+875,mixed,critical,full,5.9515,C级_不安全,C级_不安全,C级_不安全,渗流破坏,0.0
0+875,mixed,critical,cap_off,5.9515,C级_不安全,C级_不安全,C级_不安全,渗流破坏,0.0
0+875,mixed,critical,C3_anchor100,5.9515,C级_不安全,C级_不安全,C级_不安全,渗流破坏,100.0
0+875,mixed,critical,C3_anchor100_cap_off,5.9515,C级_不安全,C级_不安全,C级_不安全,渗流破坏,100.0
